rownames,amount_financer_repartition_rule_id,project_id,financer_id,AmountValue,AmountCurrencyCode,start_date,end_date,projet_session_id
1,12,303,2,40000,EUR,2014-01-01,2014-12-31,1
2,36,384,22,14940,EUR,2014-07-01,2014-09-30,1
3,37,367,21,15000,USD,2014-06-01,2014-12-31,1
4,38,367,5,0,EUR,2014-06-01,2014-12-31,1
5,41,372,7,14000,EUR,2014-01-01,2014-12-31,1
6,42,372,3,41610,EUR,2014-01-01,2014-12-31,1
7,50,399,7,11805,EUR,2014-10-01,2014-12-31,1
8,52,422,23,10000,USD,2014-11-01,2014-11-30,1
9,74,382,18,5000,EUR,2014-01-01,2015-12-31,1
10,84,479,7,15000,USD,2015-03-23,2015-12-31,1
11,90,446,26,65955,GBP,2015-01-01,2016-01-31,1
12,97,505,16,7440,USD,2014-09-01,2015-12-31,1
13,98,506,16,22000,USD,2015-03-01,2017-12-31,1
14,99,507,16,7000,USD,2015-06-01,2018-12-31,1
15,114,533,7,13520,EUR,2015-09-01,2015-10-31,1
16,115,535,16,44285,USD,2015-09-14,2016-02-29,1
17,130,636,7,25000,USD,2016-10-01,2016-12-31,1
18,160,130,35,0,EUR,2017-01-01,2017-12-31,1
19,161,130,5,600000,EUR,2017-01-01,2017-12-31,1
20,162,130,36,1180167,EUR,2017-01-01,2017-12-31,1
21,163,130,17,50000,EUR,2018-01-01,2018-12-31,1
22,164,130,35,0,EUR,2017-01-01,2017-12-31,4
23,165,130,5,600000,EUR,2017-01-01,2017-12-31,4
24,166,130,36,1180167,EUR,2017-01-01,2017-12-31,4
25,167,130,17,50000,EUR,2018-01-01,2018-12-31,4
26,168,130,35,0,EUR,2017-01-01,2017-12-31,6
27,169,130,5,600000,EUR,2017-01-01,2017-12-31,6
28,170,130,36,1180167,EUR,2017-01-01,2017-12-31,6
29,171,130,17,50000,EUR,2018-01-01,2018-12-31,6
30,172,130,35,0,EUR,2017-01-01,2017-12-31,8
31,173,130,5,600000,EUR,2017-01-01,2017-12-31,8
32,174,130,36,1180167,EUR,2017-01-01,2017-12-31,8
33,175,130,17,50000,EUR,2018-01-01,2018-12-31,8
34,176,130,35,0,EUR,2017-01-01,2017-12-31,10
35,177,130,5,600000,EUR,2017-01-01,2017-12-31,10
36,178,130,36,1180167,EUR,2017-01-01,2017-12-31,10
37,179,130,17,50000,EUR,2018-01-01,2018-12-31,10
38,180,130,35,0,EUR,2017-01-01,2017-12-31,12
39,181,130,5,600000,EUR,2017-01-01,2017-12-31,12
40,182,130,36,1180167,EUR,2017-01-01,2017-12-31,12
41,183,130,17,50000,EUR,2018-01-01,2018-12-31,12
42,184,130,35,0,EUR,2017-01-01,2017-12-31,14
43,185,130,5,600000,EUR,2017-01-01,2017-12-31,14
44,186,130,36,1180167,EUR,2017-01-01,2017-12-31,14
45,187,130,17,50000,EUR,2018-01-01,2018-12-31,14
46,188,130,35,0,EUR,2017-01-01,2017-12-31,17
47,189,130,5,600000,EUR,2017-01-01,2017-12-31,17
48,190,130,36,1180167,EUR,2017-01-01,2017-12-31,17
49,191,130,17,50000,EUR,2018-01-01,2018-12-31,17
50,192,130,35,0,EUR,2017-01-01,2017-12-31,19
51,193,130,5,600000,EUR,2017-01-01,2017-12-31,19
52,194,130,36,1180167,EUR,2017-01-01,2017-12-31,19
53,195,130,17,50000,EUR,2018-01-01,2018-12-31,19
54,196,130,35,0,EUR,2017-01-01,2017-12-31,21
55,197,130,5,600000,EUR,2017-01-01,2017-12-31,21
56,198,130,36,1180167,EUR,2017-01-01,2017-12-31,21
57,199,130,17,50000,EUR,2018-01-01,2018-12-31,21
58,200,130,35,0,EUR,2017-01-01,2017-12-31,23
59,201,130,5,600000,EUR,2017-01-01,2017-12-31,23
60,202,130,36,1180167,EUR,2017-01-01,2017-12-31,23
61,203,130,17,50000,EUR,2018-01-01,2018-12-31,23
62,204,130,35,0,EUR,2017-01-01,2017-12-31,25
63,205,130,5,600000,EUR,2017-01-01,2017-12-31,25
64,206,130,36,1180167,EUR,2017-01-01,2017-12-31,25
65,207,130,17,50000,EUR,2018-01-01,2018-12-31,25
66,208,130,35,0,EUR,2017-01-01,2017-12-31,27
67,209,130,5,600000,EUR,2017-01-01,2017-12-31,27
68,210,130,36,1180167,EUR,2017-01-01,2017-12-31,27
69,211,130,17,50000,EUR,2018-01-01,2018-12-31,27
70,212,130,35,0,EUR,2017-01-01,2017-12-31,29
71,213,130,5,600000,EUR,2017-01-01,2017-12-31,29
72,214,130,36,1180167,EUR,2017-01-01,2017-12-31,29
73,215,130,17,50000,EUR,2018-01-01,2018-12-31,29
74,216,130,35,0,EUR,2017-01-01,2017-12-31,31
75,217,130,5,600000,EUR,2017-01-01,2017-12-31,31
76,218,130,36,1180167,EUR,2017-01-01,2017-12-31,31
77,219,130,17,50000,EUR,2018-01-01,2018-12-31,31
78,220,130,35,0,EUR,2017-01-01,2017-12-31,33
79,221,130,5,600000,EUR,2017-01-01,2017-12-31,33
80,222,130,36,1180167,EUR,2017-01-01,2017-12-31,33
81,223,130,17,50000,EUR,2018-01-01,2018-12-31,33
82,224,130,35,0,EUR,2017-01-01,2017-12-31,35
83,225,130,5,600000,EUR,2017-01-01,2017-12-31,35
84,226,130,36,1180167,EUR,2017-01-01,2017-12-31,35
85,227,130,17,50000,EUR,2018-01-01,2018-12-31,35
86,228,130,35,0,EUR,2017-01-01,2017-12-31,37
87,229,130,5,600000,EUR,2017-01-01,2017-12-31,37
88,230,130,36,1180167,EUR,2017-01-01,2017-12-31,37
89,231,130,17,50000,EUR,2018-01-01,2018-12-31,37
90,232,130,35,0,EUR,2017-01-01,2017-12-31,39
91,233,130,5,600000,EUR,2017-01-01,2017-12-31,39
92,234,130,36,1180167,EUR,2017-01-01,2017-12-31,39
93,235,130,17,50000,EUR,2018-01-01,2018-12-31,39
94,236,130,35,0,EUR,2017-01-01,2017-12-31,41
95,237,130,5,600000,EUR,2017-01-01,2017-12-31,41
96,238,130,36,1180167,EUR,2017-01-01,2017-12-31,41
97,239,130,17,50000,EUR,2018-01-01,2018-12-31,41
98,240,130,35,0,EUR,2017-01-01,2017-12-31,42
99,241,130,5,600000,EUR,2017-01-01,2017-12-31,42
100,242,130,36,1180167,EUR,2017-01-01,2017-12-31,42
101,243,130,17,50000,EUR,2018-01-01,2018-12-31,42
102,244,130,35,0,EUR,2017-01-01,2017-12-31,43
103,245,130,5,600000,EUR,2017-01-01,2017-12-31,43
104,246,130,36,1180167,EUR,2017-01-01,2017-12-31,43
105,247,130,17,50000,EUR,2018-01-01,2018-12-31,43
106,248,130,35,0,EUR,2017-01-01,2017-12-31,44
107,249,130,5,600000,EUR,2017-01-01,2017-12-31,44
108,250,130,36,1180167,EUR,2017-01-01,2017-12-31,44
109,251,130,17,50000,EUR,2018-01-01,2018-12-31,44
110,252,303,2,40000,EUR,2014-01-01,2014-12-31,44
111,253,303,2,40000,EUR,2014-01-01,2014-12-31,43
112,254,303,2,40000,EUR,2014-01-01,2014-12-31,42
113,255,303,2,40000,EUR,2014-01-01,2014-12-31,41
114,256,303,2,40000,EUR,2014-01-01,2014-12-31,39
115,257,303,2,40000,EUR,2014-01-01,2014-12-31,37
116,258,303,2,40000,EUR,2014-01-01,2014-12-31,35
117,259,303,2,40000,EUR,2014-01-01,2014-12-31,33
118,260,303,2,40000,EUR,2014-01-01,2014-12-31,31
119,261,303,2,40000,EUR,2014-01-01,2014-12-31,29
120,262,303,2,40000,EUR,2014-01-01,2014-12-31,27
121,263,303,2,40000,EUR,2014-01-01,2014-12-31,25
122,264,303,2,40000,EUR,2014-01-01,2014-12-31,23
123,265,303,2,40000,EUR,2014-01-01,2014-12-31,21
124,266,303,2,40000,EUR,2014-01-01,2014-12-31,19
125,267,303,2,40000,EUR,2014-01-01,2014-12-31,17
126,268,303,2,40000,EUR,2014-01-01,2014-12-31,14
127,269,303,2,40000,EUR,2014-01-01,2014-12-31,12
128,270,303,2,40000,EUR,2014-01-01,2014-12-31,10
129,271,303,2,40000,EUR,2014-01-01,2014-12-31,8
130,272,303,2,40000,EUR,2014-01-01,2014-12-31,6
131,273,303,2,40000,EUR,2014-01-01,2014-12-31,4
132,274,367,21,15000,USD,2014-06-01,2014-12-31,4
133,275,367,5,0,EUR,2014-06-01,2014-12-31,4
134,276,367,21,15000,USD,2014-06-01,2014-12-31,8
135,277,367,5,0,EUR,2014-06-01,2014-12-31,8
136,278,367,21,15000,USD,2014-06-01,2014-12-31,6
137,279,367,5,0,EUR,2014-06-01,2014-12-31,6
138,280,367,21,15000,USD,2014-06-01,2014-12-31,10
139,281,367,5,0,EUR,2014-06-01,2014-12-31,10
140,282,367,21,15000,USD,2014-06-01,2014-12-31,12
141,283,367,5,0,EUR,2014-06-01,2014-12-31,12
142,284,367,21,15000,USD,2014-06-01,2014-12-31,14
143,285,367,5,0,EUR,2014-06-01,2014-12-31,14
144,286,367,21,15000,USD,2014-06-01,2014-12-31,17
145,287,367,5,0,EUR,2014-06-01,2014-12-31,17
146,288,367,21,15000,USD,2014-06-01,2014-12-31,19
147,289,367,5,0,EUR,2014-06-01,2014-12-31,19
148,290,367,21,15000,USD,2014-06-01,2014-12-31,21
149,291,367,5,0,EUR,2014-06-01,2014-12-31,21
150,292,367,21,15000,USD,2014-06-01,2014-12-31,25
151,293,367,5,0,EUR,2014-06-01,2014-12-31,25
152,294,367,21,15000,USD,2014-06-01,2014-12-31,23
153,295,367,5,0,EUR,2014-06-01,2014-12-31,23
154,296,367,21,15000,USD,2014-06-01,2014-12-31,27
155,297,367,5,0,EUR,2014-06-01,2014-12-31,27
156,298,367,21,15000,USD,2014-06-01,2014-12-31,29
157,299,367,5,0,EUR,2014-06-01,2014-12-31,29
158,300,367,21,15000,USD,2014-06-01,2014-12-31,31
159,301,367,5,0,EUR,2014-06-01,2014-12-31,31
160,302,367,21,15000,USD,2014-06-01,2014-12-31,33
161,303,367,5,0,EUR,2014-06-01,2014-12-31,33
162,304,367,21,15000,USD,2014-06-01,2014-12-31,35
163,305,367,5,0,EUR,2014-06-01,2014-12-31,35
164,306,367,21,15000,USD,2014-06-01,2014-12-31,37
165,307,367,5,0,EUR,2014-06-01,2014-12-31,37
166,308,367,21,15000,USD,2014-06-01,2014-12-31,41
167,309,367,5,0,EUR,2014-06-01,2014-12-31,41
168,310,367,21,15000,USD,2014-06-01,2014-12-31,39
169,311,367,5,0,EUR,2014-06-01,2014-12-31,39
170,312,367,21,15000,USD,2014-06-01,2014-12-31,42
171,313,367,5,0,EUR,2014-06-01,2014-12-31,42
172,314,367,21,15000,USD,2014-06-01,2014-12-31,43
173,315,367,5,0,EUR,2014-06-01,2014-12-31,43
174,316,367,21,15000,USD,2014-06-01,2014-12-31,44
175,317,367,5,0,EUR,2014-06-01,2014-12-31,44
176,318,372,7,14000,EUR,2014-01-01,2014-12-31,44
177,319,372,3,41610,EUR,2014-01-01,2014-12-31,44
178,320,372,7,14000,EUR,2014-01-01,2014-12-31,43
179,321,372,3,41610,EUR,2014-01-01,2014-12-31,43
180,322,372,7,14000,EUR,2014-01-01,2014-12-31,42
181,323,372,3,41610,EUR,2014-01-01,2014-12-31,42
182,324,372,7,14000,EUR,2014-01-01,2014-12-31,39
183,325,372,3,41610,EUR,2014-01-01,2014-12-31,39
184,326,372,7,14000,EUR,2014-01-01,2014-12-31,41
185,327,372,3,41610,EUR,2014-01-01,2014-12-31,41
186,328,372,7,14000,EUR,2014-01-01,2014-12-31,37
187,329,372,3,41610,EUR,2014-01-01,2014-12-31,37
188,330,372,7,14000,EUR,2014-01-01,2014-12-31,35
189,331,372,3,41610,EUR,2014-01-01,2014-12-31,35
190,332,372,7,14000,EUR,2014-01-01,2014-12-31,33
191,333,372,3,41610,EUR,2014-01-01,2014-12-31,33
192,334,372,7,14000,EUR,2014-01-01,2014-12-31,31
193,335,372,3,41610,EUR,2014-01-01,2014-12-31,31
194,336,372,7,14000,EUR,2014-01-01,2014-12-31,29
195,337,372,3,41610,EUR,2014-01-01,2014-12-31,29
196,338,372,7,14000,EUR,2014-01-01,2014-12-31,27
197,339,372,3,41610,EUR,2014-01-01,2014-12-31,27
198,340,372,7,14000,EUR,2014-01-01,2014-12-31,23
199,341,372,3,41610,EUR,2014-01-01,2014-12-31,23
200,342,372,7,14000,EUR,2014-01-01,2014-12-31,25
201,343,372,3,41610,EUR,2014-01-01,2014-12-31,25
202,344,372,7,14000,EUR,2014-01-01,2014-12-31,21
203,345,372,3,41610,EUR,2014-01-01,2014-12-31,21
204,346,372,7,14000,EUR,2014-01-01,2014-12-31,19
205,347,372,3,41610,EUR,2014-01-01,2014-12-31,19
206,348,372,7,14000,EUR,2014-01-01,2014-12-31,17
207,349,372,3,41610,EUR,2014-01-01,2014-12-31,17
208,350,372,7,14000,EUR,2014-01-01,2014-12-31,14
209,351,372,3,41610,EUR,2014-01-01,2014-12-31,14
210,352,372,7,14000,EUR,2014-01-01,2014-12-31,12
211,353,372,3,41610,EUR,2014-01-01,2014-12-31,12
212,354,372,7,14000,EUR,2014-01-01,2014-12-31,10
213,355,372,3,41610,EUR,2014-01-01,2014-12-31,10
214,356,372,7,14000,EUR,2014-01-01,2014-12-31,6
215,357,372,3,41610,EUR,2014-01-01,2014-12-31,6
216,358,372,7,14000,EUR,2014-01-01,2014-12-31,8
217,359,372,3,41610,EUR,2014-01-01,2014-12-31,8
218,360,372,7,14000,EUR,2014-01-01,2014-12-31,4
219,361,372,3,41610,EUR,2014-01-01,2014-12-31,4
220,362,382,18,5000,EUR,2014-01-01,2015-12-31,4
221,363,382,18,5000,EUR,2014-01-01,2015-12-31,6
222,364,382,18,5000,EUR,2014-01-01,2015-12-31,8
223,365,382,18,5000,EUR,2014-01-01,2015-12-31,10
224,366,382,18,5000,EUR,2014-01-01,2015-12-31,12
225,367,382,18,5000,EUR,2014-01-01,2015-12-31,14
226,368,382,18,5000,EUR,2014-01-01,2015-12-31,17
227,369,382,18,5000,EUR,2014-01-01,2015-12-31,19
228,370,382,18,5000,EUR,2014-01-01,2015-12-31,21
229,371,382,18,5000,EUR,2014-01-01,2015-12-31,23
230,372,382,18,5000,EUR,2014-01-01,2015-12-31,25
231,373,382,18,5000,EUR,2014-01-01,2015-12-31,27
232,374,382,18,5000,EUR,2014-01-01,2015-12-31,29
233,375,382,18,5000,EUR,2014-01-01,2015-12-31,31
234,376,382,18,5000,EUR,2014-01-01,2015-12-31,33
235,377,382,18,5000,EUR,2014-01-01,2015-12-31,35
236,378,382,18,5000,EUR,2014-01-01,2015-12-31,37
237,379,382,18,5000,EUR,2014-01-01,2015-12-31,39
238,380,382,18,5000,EUR,2014-01-01,2015-12-31,41
239,381,382,18,5000,EUR,2014-01-01,2015-12-31,42
240,382,382,18,5000,EUR,2014-01-01,2015-12-31,43
241,383,382,18,5000,EUR,2014-01-01,2015-12-31,44
242,384,384,22,14940,EUR,2014-07-01,2014-09-30,44
243,385,384,22,14940,EUR,2014-07-01,2014-09-30,43
244,386,384,22,14940,EUR,2014-07-01,2014-09-30,42
245,387,384,22,14940,EUR,2014-07-01,2014-09-30,39
246,388,384,22,14940,EUR,2014-07-01,2014-09-30,41
247,389,384,22,14940,EUR,2014-07-01,2014-09-30,33
248,390,384,22,14940,EUR,2014-07-01,2014-09-30,35
249,391,384,22,14940,EUR,2014-07-01,2014-09-30,37
250,392,384,22,14940,EUR,2014-07-01,2014-09-30,29
251,393,384,22,14940,EUR,2014-07-01,2014-09-30,31
252,394,384,22,14940,EUR,2014-07-01,2014-09-30,27
253,395,384,22,14940,EUR,2014-07-01,2014-09-30,25
254,396,384,22,14940,EUR,2014-07-01,2014-09-30,23
255,397,384,22,14940,EUR,2014-07-01,2014-09-30,19
256,398,384,22,14940,EUR,2014-07-01,2014-09-30,21
257,399,384,22,14940,EUR,2014-07-01,2014-09-30,17
258,400,384,22,14940,EUR,2014-07-01,2014-09-30,14
259,401,384,22,14940,EUR,2014-07-01,2014-09-30,12
260,402,384,22,14940,EUR,2014-07-01,2014-09-30,10
261,403,384,22,14940,EUR,2014-07-01,2014-09-30,4
262,404,384,22,14940,EUR,2014-07-01,2014-09-30,6
263,405,384,22,14940,EUR,2014-07-01,2014-09-30,8
264,406,399,7,11805,EUR,2014-10-01,2014-12-31,8
265,407,399,7,11805,EUR,2014-10-01,2014-12-31,6
266,408,399,7,11805,EUR,2014-10-01,2014-12-31,4
267,409,399,7,11805,EUR,2014-10-01,2014-12-31,10
268,410,399,7,11805,EUR,2014-10-01,2014-12-31,12
269,411,399,7,11805,EUR,2014-10-01,2014-12-31,14
270,412,399,7,11805,EUR,2014-10-01,2014-12-31,17
271,413,399,7,11805,EUR,2014-10-01,2014-12-31,19
272,414,399,7,11805,EUR,2014-10-01,2014-12-31,21
273,415,399,7,11805,EUR,2014-10-01,2014-12-31,25
274,416,399,7,11805,EUR,2014-10-01,2014-12-31,23
275,417,399,7,11805,EUR,2014-10-01,2014-12-31,27
276,418,399,7,11805,EUR,2014-10-01,2014-12-31,31
277,419,399,7,11805,EUR,2014-10-01,2014-12-31,29
278,420,399,7,11805,EUR,2014-10-01,2014-12-31,35
279,421,399,7,11805,EUR,2014-10-01,2014-12-31,33
280,422,399,7,11805,EUR,2014-10-01,2014-12-31,41
281,423,399,7,11805,EUR,2014-10-01,2014-12-31,39
282,424,399,7,11805,EUR,2014-10-01,2014-12-31,37
283,425,399,7,11805,EUR,2014-10-01,2014-12-31,42
284,426,399,7,11805,EUR,2014-10-01,2014-12-31,43
285,427,399,7,11805,EUR,2014-10-01,2014-12-31,44
286,428,422,23,10000,USD,2014-11-01,2014-11-30,44
287,429,422,23,10000,USD,2014-11-01,2014-11-30,43
288,430,422,23,10000,USD,2014-11-01,2014-11-30,42
289,431,422,23,10000,USD,2014-11-01,2014-11-30,37
290,432,422,23,10000,USD,2014-11-01,2014-11-30,39
291,433,422,23,10000,USD,2014-11-01,2014-11-30,41
292,434,422,23,10000,USD,2014-11-01,2014-11-30,33
293,435,422,23,10000,USD,2014-11-01,2014-11-30,35
294,436,422,23,10000,USD,2014-11-01,2014-11-30,29
295,437,422,23,10000,USD,2014-11-01,2014-11-30,31
296,438,422,23,10000,USD,2014-11-01,2014-11-30,27
297,439,422,23,10000,USD,2014-11-01,2014-11-30,23
298,440,422,23,10000,USD,2014-11-01,2014-11-30,25
299,441,422,23,10000,USD,2014-11-01,2014-11-30,21
300,442,422,23,10000,USD,2014-11-01,2014-11-30,19
301,443,422,23,10000,USD,2014-11-01,2014-11-30,17
302,444,422,23,10000,USD,2014-11-01,2014-11-30,14
303,445,422,23,10000,USD,2014-11-01,2014-11-30,12
304,446,422,23,10000,USD,2014-11-01,2014-11-30,10
305,447,422,23,10000,USD,2014-11-01,2014-11-30,4
306,448,422,23,10000,USD,2014-11-01,2014-11-30,6
307,449,422,23,10000,USD,2014-11-01,2014-11-30,8
308,450,446,26,65955,GBP,2015-01-01,2016-01-31,6
309,451,446,26,65955,GBP,2015-01-01,2016-01-31,4
310,452,446,26,65955,GBP,2015-01-01,2016-01-31,8
311,453,446,26,65955,GBP,2015-01-01,2016-01-31,10
312,454,446,26,65955,GBP,2015-01-01,2016-01-31,14
313,455,446,26,65955,GBP,2015-01-01,2016-01-31,12
314,456,446,26,65955,GBP,2015-01-01,2016-01-31,17
315,457,446,26,65955,GBP,2015-01-01,2016-01-31,19
316,458,446,26,65955,GBP,2015-01-01,2016-01-31,21
317,459,446,26,65955,GBP,2015-01-01,2016-01-31,23
318,460,446,26,65955,GBP,2015-01-01,2016-01-31,25
319,461,446,26,65955,GBP,2015-01-01,2016-01-31,31
320,462,446,26,65955,GBP,2015-01-01,2016-01-31,29
321,463,446,26,65955,GBP,2015-01-01,2016-01-31,27
322,464,446,26,65955,GBP,2015-01-01,2016-01-31,35
323,465,446,26,65955,GBP,2015-01-01,2016-01-31,33
324,466,446,26,65955,GBP,2015-01-01,2016-01-31,39
325,467,446,26,65955,GBP,2015-01-01,2016-01-31,37
326,468,446,26,65955,GBP,2015-01-01,2016-01-31,41
327,469,446,26,65955,GBP,2015-01-01,2016-01-31,42
328,470,446,26,65955,GBP,2015-01-01,2016-01-31,44
329,471,446,26,65955,GBP,2015-01-01,2016-01-31,43
330,472,479,7,15000,USD,2015-03-23,2015-12-31,44
331,473,479,7,15000,USD,2015-03-23,2015-12-31,43
332,474,479,7,15000,USD,2015-03-23,2015-12-31,42
333,475,479,7,15000,USD,2015-03-23,2015-12-31,41
334,476,479,7,15000,USD,2015-03-23,2015-12-31,39
335,477,479,7,15000,USD,2015-03-23,2015-12-31,37
336,478,479,7,15000,USD,2015-03-23,2015-12-31,35
337,479,479,7,15000,USD,2015-03-23,2015-12-31,33
338,480,479,7,15000,USD,2015-03-23,2015-12-31,31
339,481,479,7,15000,USD,2015-03-23,2015-12-31,29
340,482,479,7,15000,USD,2015-03-23,2015-12-31,27
341,483,479,7,15000,USD,2015-03-23,2015-12-31,25
342,484,479,7,15000,USD,2015-03-23,2015-12-31,23
343,485,479,7,15000,USD,2015-03-23,2015-12-31,21
344,486,479,7,15000,USD,2015-03-23,2015-12-31,19
345,487,479,7,15000,USD,2015-03-23,2015-12-31,17
346,488,479,7,15000,USD,2015-03-23,2015-12-31,14
347,489,479,7,15000,USD,2015-03-23,2015-12-31,12
348,490,479,7,15000,USD,2015-03-23,2015-12-31,10
349,491,479,7,15000,USD,2015-03-23,2015-12-31,8
350,492,479,7,15000,USD,2015-03-23,2015-12-31,6
351,493,479,7,15000,USD,2015-03-23,2015-12-31,4
352,494,505,16,7440,USD,2014-09-01,2015-12-31,4
353,495,505,16,7440,USD,2014-09-01,2015-12-31,6
354,496,505,16,7440,USD,2014-09-01,2015-12-31,8
355,497,505,16,7440,USD,2014-09-01,2015-12-31,10
356,498,505,16,7440,USD,2014-09-01,2015-12-31,17
357,499,505,16,7440,USD,2014-09-01,2015-12-31,12
358,500,505,16,7440,USD,2014-09-01,2015-12-31,14
359,501,505,16,7440,USD,2014-09-01,2015-12-31,21
360,502,505,16,7440,USD,2014-09-01,2015-12-31,19
361,503,505,16,7440,USD,2014-09-01,2015-12-31,25
362,504,505,16,7440,USD,2014-09-01,2015-12-31,23
363,505,505,16,7440,USD,2014-09-01,2015-12-31,27
364,506,505,16,7440,USD,2014-09-01,2015-12-31,29
365,507,505,16,7440,USD,2014-09-01,2015-12-31,31
366,508,505,16,7440,USD,2014-09-01,2015-12-31,33
367,509,505,16,7440,USD,2014-09-01,2015-12-31,35
368,510,505,16,7440,USD,2014-09-01,2015-12-31,37
369,511,505,16,7440,USD,2014-09-01,2015-12-31,39
370,512,505,16,7440,USD,2014-09-01,2015-12-31,41
371,513,505,16,7440,USD,2014-09-01,2015-12-31,42
372,514,505,16,7440,USD,2014-09-01,2015-12-31,43
373,515,505,16,7440,USD,2014-09-01,2015-12-31,44
374,516,506,16,22000,USD,2015-03-01,2017-12-31,44
375,517,506,16,22000,USD,2015-03-01,2017-12-31,43
376,518,506,16,22000,USD,2015-03-01,2017-12-31,42
377,519,506,16,22000,USD,2015-03-01,2017-12-31,41
378,520,506,16,22000,USD,2015-03-01,2017-12-31,39
379,521,506,16,22000,USD,2015-03-01,2017-12-31,37
380,522,506,16,22000,USD,2015-03-01,2017-12-31,35
381,523,506,16,22000,USD,2015-03-01,2017-12-31,33
382,524,506,16,22000,USD,2015-03-01,2017-12-31,31
383,525,506,16,22000,USD,2015-03-01,2017-12-31,29
384,526,506,16,22000,USD,2015-03-01,2017-12-31,27
385,527,506,16,22000,USD,2015-03-01,2017-12-31,23
386,528,506,16,22000,USD,2015-03-01,2017-12-31,25
387,529,506,16,22000,USD,2015-03-01,2017-12-31,19
388,530,506,16,22000,USD,2015-03-01,2017-12-31,21
389,531,506,16,22000,USD,2015-03-01,2017-12-31,14
390,532,506,16,22000,USD,2015-03-01,2017-12-31,12
391,533,506,16,22000,USD,2015-03-01,2017-12-31,17
392,534,506,16,22000,USD,2015-03-01,2017-12-31,10
393,535,506,16,22000,USD,2015-03-01,2017-12-31,8
394,536,506,16,22000,USD,2015-03-01,2017-12-31,6
395,537,506,16,22000,USD,2015-03-01,2017-12-31,4
396,538,507,16,7000,USD,2015-06-01,2018-12-31,4
397,539,507,16,7000,USD,2015-06-01,2018-12-31,6
398,540,507,16,7000,USD,2015-06-01,2018-12-31,8
399,541,507,16,7000,USD,2015-06-01,2018-12-31,10
400,542,507,16,7000,USD,2015-06-01,2018-12-31,17
401,543,507,16,7000,USD,2015-06-01,2018-12-31,12
402,544,507,16,7000,USD,2015-06-01,2018-12-31,14
403,545,507,16,7000,USD,2015-06-01,2018-12-31,21
404,546,507,16,7000,USD,2015-06-01,2018-12-31,19
405,547,507,16,7000,USD,2015-06-01,2018-12-31,25
406,548,507,16,7000,USD,2015-06-01,2018-12-31,23
407,549,507,16,7000,USD,2015-06-01,2018-12-31,27
408,550,507,16,7000,USD,2015-06-01,2018-12-31,29
409,551,507,16,7000,USD,2015-06-01,2018-12-31,31
410,552,507,16,7000,USD,2015-06-01,2018-12-31,33
411,553,507,16,7000,USD,2015-06-01,2018-12-31,35
412,554,507,16,7000,USD,2015-06-01,2018-12-31,37
413,555,507,16,7000,USD,2015-06-01,2018-12-31,39
414,556,507,16,7000,USD,2015-06-01,2018-12-31,41
415,557,507,16,7000,USD,2015-06-01,2018-12-31,42
416,558,507,16,7000,USD,2015-06-01,2018-12-31,43
417,559,507,16,7000,USD,2015-06-01,2018-12-31,44
418,560,533,7,13520,EUR,2015-09-01,2015-10-31,44
419,561,533,7,13520,EUR,2015-09-01,2015-10-31,43
420,562,533,7,13520,EUR,2015-09-01,2015-10-31,42
421,563,533,7,13520,EUR,2015-09-01,2015-10-31,41
422,564,533,7,13520,EUR,2015-09-01,2015-10-31,39
423,565,533,7,13520,EUR,2015-09-01,2015-10-31,37
424,566,533,7,13520,EUR,2015-09-01,2015-10-31,35
425,567,533,7,13520,EUR,2015-09-01,2015-10-31,33
426,568,533,7,13520,EUR,2015-09-01,2015-10-31,31
427,569,533,7,13520,EUR,2015-09-01,2015-10-31,29
428,570,533,7,13520,EUR,2015-09-01,2015-10-31,27
429,571,533,7,13520,EUR,2015-09-01,2015-10-31,23
430,572,533,7,13520,EUR,2015-09-01,2015-10-31,25
431,573,533,7,13520,EUR,2015-09-01,2015-10-31,19
432,574,533,7,13520,EUR,2015-09-01,2015-10-31,21
433,575,533,7,13520,EUR,2015-09-01,2015-10-31,14
434,576,533,7,13520,EUR,2015-09-01,2015-10-31,12
435,577,533,7,13520,EUR,2015-09-01,2015-10-31,17
436,578,533,7,13520,EUR,2015-09-01,2015-10-31,10
437,579,533,7,13520,EUR,2015-09-01,2015-10-31,8
438,580,533,7,13520,EUR,2015-09-01,2015-10-31,6
439,581,533,7,13520,EUR,2015-09-01,2015-10-31,4
440,582,535,16,44285,USD,2015-09-14,2016-02-29,4
441,583,535,16,44285,USD,2015-09-14,2016-02-29,6
442,584,535,16,44285,USD,2015-09-14,2016-02-29,8
443,585,535,16,44285,USD,2015-09-14,2016-02-29,10
444,586,535,16,44285,USD,2015-09-14,2016-02-29,17
445,587,535,16,44285,USD,2015-09-14,2016-02-29,12
446,588,535,16,44285,USD,2015-09-14,2016-02-29,14
447,589,535,16,44285,USD,2015-09-14,2016-02-29,21
448,590,535,16,44285,USD,2015-09-14,2016-02-29,19
449,591,535,16,44285,USD,2015-09-14,2016-02-29,25
450,592,535,16,44285,USD,2015-09-14,2016-02-29,23
451,593,535,16,44285,USD,2015-09-14,2016-02-29,27
452,594,535,16,44285,USD,2015-09-14,2016-02-29,29
453,595,535,16,44285,USD,2015-09-14,2016-02-29,31
454,596,535,16,44285,USD,2015-09-14,2016-02-29,33
455,597,535,16,44285,USD,2015-09-14,2016-02-29,35
456,598,535,16,44285,USD,2015-09-14,2016-02-29,37
457,599,535,16,44285,USD,2015-09-14,2016-02-29,39
458,600,535,16,44285,USD,2015-09-14,2016-02-29,41
459,601,535,16,44285,USD,2015-09-14,2016-02-29,42
460,602,535,16,44285,USD,2015-09-14,2016-02-29,43
461,603,535,16,44285,USD,2015-09-14,2016-02-29,44
462,604,636,7,25000,USD,2016-10-01,2016-12-31,44
463,605,636,7,25000,USD,2016-10-01,2016-12-31,43
464,606,636,7,25000,USD,2016-10-01,2016-12-31,42
465,607,636,7,25000,USD,2016-10-01,2016-12-31,41
466,608,636,7,25000,USD,2016-10-01,2016-12-31,39
467,609,636,7,25000,USD,2016-10-01,2016-12-31,37
468,610,636,7,25000,USD,2016-10-01,2016-12-31,35
469,611,636,7,25000,USD,2016-10-01,2016-12-31,33
470,612,636,7,25000,USD,2016-10-01,2016-12-31,31
471,613,636,7,25000,USD,2016-10-01,2016-12-31,29
472,614,636,7,25000,USD,2016-10-01,2016-12-31,27
473,615,636,7,25000,USD,2016-10-01,2016-12-31,23
474,616,636,7,25000,USD,2016-10-01,2016-12-31,25
475,617,636,7,25000,USD,2016-10-01,2016-12-31,19
476,618,636,7,25000,USD,2016-10-01,2016-12-31,21
477,619,636,7,25000,USD,2016-10-01,2016-12-31,14
478,620,636,7,25000,USD,2016-10-01,2016-12-31,12
479,621,636,7,25000,USD,2016-10-01,2016-12-31,17
480,622,636,7,25000,USD,2016-10-01,2016-12-31,10
481,623,636,7,25000,USD,2016-10-01,2016-12-31,8
482,624,636,7,25000,USD,2016-10-01,2016-12-31,6
483,625,636,7,25000,USD,2016-10-01,2016-12-31,4
484,627,130,35,0,EUR,2017-01-01,2017-12-31,45
485,628,130,5,600000,EUR,2017-01-01,2017-12-31,45
486,629,130,36,1180167,EUR,2017-01-01,2017-12-31,45
487,630,130,17,50000,EUR,2018-01-01,2018-12-31,45
488,631,303,2,40000,EUR,2014-01-01,2014-12-31,45
489,632,367,21,15000,USD,2014-06-01,2014-12-31,45
490,633,367,5,0,EUR,2014-06-01,2014-12-31,45
491,634,372,7,14000,EUR,2014-01-01,2014-12-31,45
492,635,372,3,41610,EUR,2014-01-01,2014-12-31,45
493,636,382,18,5000,EUR,2014-01-01,2015-12-31,45
494,637,384,22,14940,EUR,2014-07-01,2014-09-30,45
495,638,399,7,11805,EUR,2014-10-01,2014-12-31,45
496,639,422,23,10000,USD,2014-11-01,2014-11-30,45
497,640,446,26,65955,GBP,2015-01-01,2016-01-31,45
498,641,479,7,15000,USD,2015-03-23,2015-12-31,45
499,642,505,16,7440,USD,2014-09-01,2015-12-31,45
500,643,506,16,22000,USD,2015-03-01,2017-12-31,45
501,644,507,16,7000,USD,2015-06-01,2018-12-31,45
502,645,533,7,13520,EUR,2015-09-01,2015-10-31,45
503,646,535,16,44285,USD,2015-09-14,2016-02-29,45
504,647,636,7,25000,USD,2016-10-01,2016-12-31,45
505,648,1059,47,798808,USD,2019-05-01,2019-11-13,45
506,649,130,35,0,EUR,2017-01-01,2017-12-31,46
507,650,130,5,600000,EUR,2017-01-01,2017-12-31,46
508,651,130,36,1180167,EUR,2017-01-01,2017-12-31,46
509,652,130,17,50000,EUR,2018-01-01,2018-12-31,46
510,653,303,2,40000,EUR,2014-01-01,2014-12-31,46
511,654,367,21,15000,USD,2014-06-01,2014-12-31,46
512,655,367,5,0,EUR,2014-06-01,2014-12-31,46
513,656,372,7,14000,EUR,2014-01-01,2014-12-31,46
514,657,372,3,41610,EUR,2014-01-01,2014-12-31,46
515,658,382,18,5000,EUR,2014-01-01,2015-12-31,46
516,659,384,22,14940,EUR,2014-07-01,2014-09-30,46
517,660,399,7,11805,EUR,2014-10-01,2014-12-31,46
518,661,422,23,10000,USD,2014-11-01,2014-11-30,46
519,662,446,26,65955,GBP,2015-01-01,2016-01-31,46
520,663,479,7,15000,USD,2015-03-23,2015-12-31,46
521,664,505,16,7440,USD,2014-09-01,2015-12-31,46
522,665,506,16,22000,USD,2015-03-01,2017-12-31,46
523,666,507,16,7000,USD,2015-06-01,2018-12-31,46
524,667,533,7,13520,EUR,2015-09-01,2015-10-31,46
525,668,535,16,44285,USD,2015-09-14,2016-02-29,46
526,669,636,7,25000,USD,2016-10-01,2016-12-31,46
527,670,130,35,0,EUR,2017-01-01,2017-12-31,47
528,671,130,5,600000,EUR,2017-01-01,2017-12-31,47
529,672,130,36,1180167,EUR,2017-01-01,2017-12-31,47
530,673,130,17,50000,EUR,2018-01-01,2018-12-31,47
531,674,303,2,40000,EUR,2014-01-01,2014-12-31,47
532,675,367,21,15000,USD,2014-06-01,2014-12-31,47
533,676,367,5,0,EUR,2014-06-01,2014-12-31,47
534,677,372,7,14000,EUR,2014-01-01,2014-12-31,47
535,678,372,3,41610,EUR,2014-01-01,2014-12-31,47
536,679,382,18,5000,EUR,2014-01-01,2015-12-31,47
537,680,384,22,14940,EUR,2014-07-01,2014-09-30,47
538,681,399,7,11805,EUR,2014-10-01,2014-12-31,47
539,682,422,23,10000,USD,2014-11-01,2014-11-30,47
540,683,446,26,65955,GBP,2015-01-01,2016-01-31,47
541,684,479,7,15000,USD,2015-03-23,2015-12-31,47
542,685,505,16,7440,USD,2014-09-01,2015-12-31,47
543,686,506,16,22000,USD,2015-03-01,2017-12-31,47
544,687,507,16,7000,USD,2015-06-01,2018-12-31,47
545,688,533,7,13520,EUR,2015-09-01,2015-10-31,47
546,689,535,16,44285,USD,2015-09-14,2016-02-29,47
547,690,636,7,25000,USD,2016-10-01,2016-12-31,47
548,754,130,35,0,EUR,2017-01-01,2017-12-31,48
549,755,130,5,600000,EUR,2017-01-01,2017-12-31,48
550,756,130,36,1180167,EUR,2017-01-01,2017-12-31,48
551,757,130,17,50000,EUR,2018-01-01,2018-12-31,48
552,758,303,2,40000,EUR,2014-01-01,2014-12-31,48
553,759,367,21,15000,USD,2014-06-01,2014-12-31,48
554,760,367,5,0,EUR,2014-06-01,2014-12-31,48
555,761,372,7,14000,EUR,2014-01-01,2014-12-31,48
556,762,372,3,41610,EUR,2014-01-01,2014-12-31,48
557,763,382,18,5000,EUR,2014-01-01,2015-12-31,48
558,764,384,22,14940,EUR,2014-07-01,2014-09-30,48
559,765,399,7,11805,EUR,2014-10-01,2014-12-31,48
560,766,422,23,10000,USD,2014-11-01,2014-11-30,48
561,767,446,26,65955,GBP,2015-01-01,2016-01-31,48
562,768,479,7,15000,USD,2015-03-23,2015-12-31,48
563,769,505,16,7440,USD,2014-09-01,2015-12-31,48
564,770,506,16,22000,USD,2015-03-01,2017-12-31,48
565,771,507,16,7000,USD,2015-06-01,2018-12-31,48
566,772,533,7,13520,EUR,2015-09-01,2015-10-31,48
567,773,535,16,44285,USD,2015-09-14,2016-02-29,48
568,774,636,7,25000,USD,2016-10-01,2016-12-31,48
569,859,130,35,0,EUR,2017-01-01,2017-12-31,50
570,860,130,5,600000,EUR,2017-01-01,2017-12-31,50
571,861,130,36,1180167,EUR,2017-01-01,2017-12-31,50
572,862,130,17,50000,EUR,2018-01-01,2018-12-31,50
573,863,303,2,40000,EUR,2014-01-01,2014-12-31,50
574,864,367,21,15000,USD,2014-06-01,2014-12-31,50
575,865,367,5,0,EUR,2014-06-01,2014-12-31,50
576,866,372,7,14000,EUR,2014-01-01,2014-12-31,50
577,867,372,3,41610,EUR,2014-01-01,2014-12-31,50
578,868,382,18,5000,EUR,2014-01-01,2015-12-31,50
579,869,384,22,14940,EUR,2014-07-01,2014-09-30,50
580,870,399,7,11805,EUR,2014-10-01,2014-12-31,50
581,871,422,23,10000,USD,2014-11-01,2014-11-30,50
582,872,446,26,65955,GBP,2015-01-01,2016-01-31,50
583,873,479,7,15000,USD,2015-03-23,2015-12-31,50
584,874,505,16,7440,USD,2014-09-01,2015-12-31,50
585,875,506,16,22000,USD,2015-03-01,2017-12-31,50
586,876,507,16,7000,USD,2015-06-01,2018-12-31,50
587,877,533,7,13520,EUR,2015-09-01,2015-10-31,50
588,878,535,16,44285,USD,2015-09-14,2016-02-29,50
589,879,636,7,25000,USD,2016-10-01,2016-12-31,50
590,922,130,35,0,EUR,2017-01-01,2017-12-31,49
591,923,130,5,600000,EUR,2017-01-01,2017-12-31,49
592,924,130,36,1180167,EUR,2017-01-01,2017-12-31,49
593,925,130,17,50000,EUR,2018-01-01,2018-12-31,49
594,926,303,2,40000,EUR,2014-01-01,2014-12-31,49
595,927,367,21,15000,USD,2014-06-01,2014-12-31,49
596,928,367,5,0,EUR,2014-06-01,2014-12-31,49
597,929,372,7,14000,EUR,2014-01-01,2014-12-31,49
598,930,372,3,41610,EUR,2014-01-01,2014-12-31,49
599,931,382,18,5000,EUR,2014-01-01,2015-12-31,49
600,932,384,22,14940,EUR,2014-07-01,2014-09-30,49
601,933,399,7,11805,EUR,2014-10-01,2014-12-31,49
602,934,422,23,10000,USD,2014-11-01,2014-11-30,49
603,935,446,26,65955,GBP,2015-01-01,2016-01-31,49
604,936,479,7,15000,USD,2015-03-23,2015-12-31,49
605,937,505,16,7440,USD,2014-09-01,2015-12-31,49
606,938,506,16,22000,USD,2015-03-01,2017-12-31,49
607,939,507,16,7000,USD,2015-06-01,2018-12-31,49
608,940,533,7,13520,EUR,2015-09-01,2015-10-31,49
609,941,535,16,44285,USD,2015-09-14,2016-02-29,49
610,942,636,7,25000,USD,2016-10-01,2016-12-31,49
611,985,130,35,0,EUR,2017-01-01,2017-12-31,51
612,986,130,5,600000,EUR,2017-01-01,2017-12-31,51
613,987,130,36,1180167,EUR,2017-01-01,2017-12-31,51
614,988,130,17,50000,EUR,2018-01-01,2018-12-31,51
615,989,303,2,40000,EUR,2014-01-01,2014-12-31,51
616,990,367,21,15000,USD,2014-06-01,2014-12-31,51
617,991,367,5,0,EUR,2014-06-01,2014-12-31,51
618,992,372,7,14000,EUR,2014-01-01,2014-12-31,51
619,993,372,3,41610,EUR,2014-01-01,2014-12-31,51
620,994,382,18,5000,EUR,2014-01-01,2015-12-31,51
621,995,384,22,14940,EUR,2014-07-01,2014-09-30,51
622,996,399,7,11805,EUR,2014-10-01,2014-12-31,51
623,997,422,23,10000,USD,2014-11-01,2014-11-30,51
624,998,446,26,65955,GBP,2015-01-01,2016-01-31,51
625,999,479,7,15000,USD,2015-03-23,2015-12-31,51
626,1000,505,16,7440,USD,2014-09-01,2015-12-31,51
627,1001,506,16,22000,USD,2015-03-01,2017-12-31,51
628,1002,507,16,7000,USD,2015-06-01,2018-12-31,51
629,1003,533,7,13520,EUR,2015-09-01,2015-10-31,51
630,1004,535,16,44285,USD,2015-09-14,2016-02-29,51
631,1005,636,7,25000,USD,2016-10-01,2016-12-31,51
632,1006,130,35,0,EUR,2017-01-01,2017-12-31,52
633,1007,130,5,600000,EUR,2017-01-01,2017-12-31,52
634,1008,130,36,1180167,EUR,2017-01-01,2017-12-31,52
635,1009,130,17,50000,EUR,2018-01-01,2018-12-31,52
636,1010,303,2,40000,EUR,2014-01-01,2014-12-31,52
637,1011,367,21,15000,USD,2014-06-01,2014-12-31,52
638,1012,367,5,0,EUR,2014-06-01,2014-12-31,52
639,1013,372,7,14000,EUR,2014-01-01,2014-12-31,52
640,1014,372,3,41610,EUR,2014-01-01,2014-12-31,52
641,1015,382,18,5000,EUR,2014-01-01,2015-12-31,52
642,1016,384,22,14940,EUR,2014-07-01,2014-09-30,52
643,1017,399,7,11805,EUR,2014-10-01,2014-12-31,52
644,1018,422,23,10000,USD,2014-11-01,2014-11-30,52
645,1019,446,26,65955,GBP,2015-01-01,2016-01-31,52
646,1020,479,7,15000,USD,2015-03-23,2015-12-31,52
647,1021,505,16,7440,USD,2014-09-01,2015-12-31,52
648,1022,506,16,22000,USD,2015-03-01,2017-12-31,52
649,1023,507,16,7000,USD,2015-06-01,2018-12-31,52
650,1024,533,7,13520,EUR,2015-09-01,2015-10-31,52
651,1025,535,16,44285,USD,2015-09-14,2016-02-29,52
652,1026,636,7,25000,USD,2016-10-01,2016-12-31,52
653,1048,130,35,0,EUR,2017-01-01,2017-12-31,53
654,1049,130,5,600000,EUR,2017-01-01,2017-12-31,53
655,1050,130,36,1180167,EUR,2017-01-01,2017-12-31,53
656,1051,130,17,50000,EUR,2018-01-01,2018-12-31,53
657,1052,303,2,40000,EUR,2014-01-01,2014-12-31,53
658,1053,367,21,15000,USD,2014-06-01,2014-12-31,53
659,1054,367,5,0,EUR,2014-06-01,2014-12-31,53
660,1055,372,7,14000,EUR,2014-01-01,2014-12-31,53
661,1056,372,3,41610,EUR,2014-01-01,2014-12-31,53
662,1057,382,18,5000,EUR,2014-01-01,2015-12-31,53
663,1058,384,22,14940,EUR,2014-07-01,2014-09-30,53
664,1059,399,7,11805,EUR,2014-10-01,2014-12-31,53
665,1060,422,23,10000,USD,2014-11-01,2014-11-30,53
666,1061,446,26,65955,GBP,2015-01-01,2016-01-31,53
667,1062,479,7,15000,USD,2015-03-23,2015-12-31,53
668,1063,505,16,7440,USD,2014-09-01,2015-12-31,53
669,1064,506,16,22000,USD,2015-03-01,2017-12-31,53
670,1065,507,16,7000,USD,2015-06-01,2018-12-31,53
671,1066,533,7,13520,EUR,2015-09-01,2015-10-31,53
672,1067,535,16,44285,USD,2015-09-14,2016-02-29,53
673,1068,636,7,25000,USD,2016-10-01,2016-12-31,53
674,1090,130,35,0,EUR,2017-01-01,2017-12-31,54
675,1091,130,5,600000,EUR,2017-01-01,2017-12-31,54
676,1092,130,36,1180167,EUR,2017-01-01,2017-12-31,54
677,1093,130,17,50000,EUR,2018-01-01,2018-12-31,54
678,1094,303,2,40000,EUR,2014-01-01,2014-12-31,54
679,1095,367,21,15000,USD,2014-06-01,2014-12-31,54
680,1096,367,5,0,EUR,2014-06-01,2014-12-31,54
681,1097,372,7,14000,EUR,2014-01-01,2014-12-31,54
682,1098,372,3,41610,EUR,2014-01-01,2014-12-31,54
683,1099,382,18,5000,EUR,2014-01-01,2015-12-31,54
684,1100,384,22,14940,EUR,2014-07-01,2014-09-30,54
685,1101,399,7,11805,EUR,2014-10-01,2014-12-31,54
686,1102,422,23,10000,USD,2014-11-01,2014-11-30,54
687,1103,446,26,65955,GBP,2015-01-01,2016-01-31,54
688,1104,479,7,15000,USD,2015-03-23,2015-12-31,54
689,1105,505,16,7440,USD,2014-09-01,2015-12-31,54
690,1106,506,16,22000,USD,2015-03-01,2017-12-31,54
691,1107,507,16,7000,USD,2015-06-01,2018-12-31,54
692,1108,533,7,13520,EUR,2015-09-01,2015-10-31,54
693,1109,535,16,44285,USD,2015-09-14,2016-02-29,54
694,1110,636,7,25000,USD,2016-10-01,2016-12-31,54
695,1132,130,35,0,EUR,2017-01-01,2017-12-31,55
696,1133,130,5,600000,EUR,2017-01-01,2017-12-31,55
697,1134,130,36,1180167,EUR,2017-01-01,2017-12-31,55
698,1135,130,17,50000,EUR,2018-01-01,2018-12-31,55
699,1136,303,2,40000,EUR,2014-01-01,2014-12-31,55
700,1137,367,21,15000,USD,2014-06-01,2014-12-31,55
701,1138,367,5,0,EUR,2014-06-01,2014-12-31,55
702,1139,372,7,14000,EUR,2014-01-01,2014-12-31,55
703,1140,372,3,41610,EUR,2014-01-01,2014-12-31,55
704,1141,382,18,5000,EUR,2014-01-01,2015-12-31,55
705,1142,384,22,14940,EUR,2014-07-01,2014-09-30,55
706,1143,399,7,11805,EUR,2014-10-01,2014-12-31,55
707,1144,422,23,10000,USD,2014-11-01,2014-11-30,55
708,1145,446,26,65955,GBP,2015-01-01,2016-01-31,55
709,1146,479,7,15000,USD,2015-03-23,2015-12-31,55
710,1147,505,16,7440,USD,2014-09-01,2015-12-31,55
711,1148,506,16,22000,USD,2015-03-01,2017-12-31,55
712,1149,507,16,7000,USD,2015-06-01,2018-12-31,55
713,1150,533,7,13520,EUR,2015-09-01,2015-10-31,55
714,1151,535,16,44285,USD,2015-09-14,2016-02-29,55
715,1152,636,7,25000,USD,2016-10-01,2016-12-31,55
716,1153,49,5,250000,EUR,2021-01-01,2021-12-31,54
717,1154,49,4,120000,EUR,2021-01-01,2021-12-31,54
718,1155,130,35,0,EUR,2017-01-01,2017-12-31,56
719,1156,130,5,600000,EUR,2017-01-01,2017-12-31,56
720,1157,130,36,1180167,EUR,2017-01-01,2017-12-31,56
721,1158,130,17,50000,EUR,2018-01-01,2018-12-31,56
722,1159,303,2,40000,EUR,2014-01-01,2014-12-31,56
723,1160,367,21,15000,USD,2014-06-01,2014-12-31,56
724,1161,367,5,0,EUR,2014-06-01,2014-12-31,56
725,1162,372,7,14000,EUR,2014-01-01,2014-12-31,56
726,1163,372,3,41610,EUR,2014-01-01,2014-12-31,56
727,1164,382,18,5000,EUR,2014-01-01,2015-12-31,56
728,1165,384,22,14940,EUR,2014-07-01,2014-09-30,56
729,1166,399,7,11805,EUR,2014-10-01,2014-12-31,56
730,1167,422,23,10000,USD,2014-11-01,2014-11-30,56
731,1168,446,26,65955,GBP,2015-01-01,2016-01-31,56
732,1169,479,7,15000,USD,2015-03-23,2015-12-31,56
733,1170,505,16,7440,USD,2014-09-01,2015-12-31,56
734,1171,506,16,22000,USD,2015-03-01,2017-12-31,56
735,1172,507,16,7000,USD,2015-06-01,2018-12-31,56
736,1173,533,7,13520,EUR,2015-09-01,2015-10-31,56
737,1174,535,16,44285,USD,2015-09-14,2016-02-29,56
738,1175,636,7,25000,USD,2016-10-01,2016-12-31,56
739,1176,49,5,250000,EUR,2021-01-01,2021-12-31,56
740,1177,49,4,120000,EUR,2021-01-01,2021-12-31,56
741,1178,130,35,0,EUR,2017-01-01,2017-12-31,57
742,1179,130,5,600000,EUR,2017-01-01,2017-12-31,57
743,1180,130,36,1180167,EUR,2017-01-01,2017-12-31,57
744,1181,130,17,50000,EUR,2018-01-01,2018-12-31,57
745,1182,303,2,40000,EUR,2014-01-01,2014-12-31,57
746,1183,367,21,15000,USD,2014-06-01,2014-12-31,57
747,1184,367,5,0,EUR,2014-06-01,2014-12-31,57
748,1185,372,7,14000,EUR,2014-01-01,2014-12-31,57
749,1186,372,3,41610,EUR,2014-01-01,2014-12-31,57
750,1187,382,18,5000,EUR,2014-01-01,2015-12-31,57
751,1188,384,22,14940,EUR,2014-07-01,2014-09-30,57
752,1189,399,7,11805,EUR,2014-10-01,2014-12-31,57
753,1190,422,23,10000,USD,2014-11-01,2014-11-30,57
754,1191,446,26,65955,GBP,2015-01-01,2016-01-31,57
755,1192,479,7,15000,USD,2015-03-23,2015-12-31,57
756,1193,505,16,7440,USD,2014-09-01,2015-12-31,57
757,1194,506,16,22000,USD,2015-03-01,2017-12-31,57
758,1195,507,16,7000,USD,2015-06-01,2018-12-31,57
759,1196,533,7,13520,EUR,2015-09-01,2015-10-31,57
760,1197,535,16,44285,USD,2015-09-14,2016-02-29,57
761,1198,636,7,25000,USD,2016-10-01,2016-12-31,57
762,1199,1322,15,21274,EUR,2021-02-01,2023-01-31,57
763,1201,130,35,0,EUR,2017-01-01,2017-12-31,58
764,1202,130,5,600000,EUR,2017-01-01,2017-12-31,58
765,1203,130,36,1180167,EUR,2017-01-01,2017-12-31,58
766,1204,130,17,50000,EUR,2018-01-01,2018-12-31,58
767,1205,303,2,40000,EUR,2014-01-01,2014-12-31,58
768,1206,367,21,15000,USD,2014-06-01,2014-12-31,58
769,1207,367,5,0,EUR,2014-06-01,2014-12-31,58
770,1208,372,7,14000,EUR,2014-01-01,2014-12-31,58
771,1209,372,3,41610,EUR,2014-01-01,2014-12-31,58
772,1210,382,18,5000,EUR,2014-01-01,2015-12-31,58
773,1211,384,22,14940,EUR,2014-07-01,2014-09-30,58
774,1212,399,7,11805,EUR,2014-10-01,2014-12-31,58
775,1213,422,23,10000,USD,2014-11-01,2014-11-30,58
776,1214,446,26,65955,GBP,2015-01-01,2016-01-31,58
777,1215,479,7,15000,USD,2015-03-23,2015-12-31,58
778,1216,505,16,7440,USD,2014-09-01,2015-12-31,58
779,1217,506,16,22000,USD,2015-03-01,2017-12-31,58
780,1218,507,16,7000,USD,2015-06-01,2018-12-31,58
781,1219,533,7,13520,EUR,2015-09-01,2015-10-31,58
782,1220,535,16,44285,USD,2015-09-14,2016-02-29,58
783,1221,636,7,25000,USD,2016-10-01,2016-12-31,58
784,1222,1322,15,21274,EUR,2021-02-01,2023-01-31,58
785,1289,130,35,0,EUR,2017-01-01,2017-12-31,59
786,1290,130,5,600000,EUR,2017-01-01,2017-12-31,59
787,1291,130,36,1180167,EUR,2017-01-01,2017-12-31,59
788,1292,130,17,50000,EUR,2018-01-01,2018-12-31,59
789,1293,303,2,40000,EUR,2014-01-01,2014-12-31,59
790,1294,367,21,15000,USD,2014-06-01,2014-12-31,59
791,1295,367,5,0,EUR,2014-06-01,2014-12-31,59
792,1296,372,7,14000,EUR,2014-01-01,2014-12-31,59
793,1297,372,3,41610,EUR,2014-01-01,2014-12-31,59
794,1298,382,18,5000,EUR,2014-01-01,2015-12-31,59
795,1299,384,22,14940,EUR,2014-07-01,2014-09-30,59
796,1300,399,7,11805,EUR,2014-10-01,2014-12-31,59
797,1301,422,23,10000,USD,2014-11-01,2014-11-30,59
798,1302,446,26,65955,GBP,2015-01-01,2016-01-31,59
799,1303,479,7,15000,USD,2015-03-23,2015-12-31,59
800,1304,505,16,7440,USD,2014-09-01,2015-12-31,59
801,1305,506,16,22000,USD,2015-03-01,2017-12-31,59
802,1306,507,16,7000,USD,2015-06-01,2018-12-31,59
803,1307,533,7,13520,EUR,2015-09-01,2015-10-31,59
804,1308,535,16,44285,USD,2015-09-14,2016-02-29,59
805,1309,636,7,25000,USD,2016-10-01,2016-12-31,59
806,1310,1322,15,21274,EUR,2021-02-01,2023-01-31,59
807,1311,130,35,0,EUR,2017-01-01,2017-12-31,60
808,1312,130,5,600000,EUR,2017-01-01,2017-12-31,60
809,1313,130,36,1180167,EUR,2017-01-01,2017-12-31,60
810,1314,130,17,50000,EUR,2018-01-01,2018-12-31,60
811,1315,303,2,40000,EUR,2014-01-01,2014-12-31,60
812,1316,367,21,15000,USD,2014-06-01,2014-12-31,60
813,1317,367,5,0,EUR,2014-06-01,2014-12-31,60
814,1318,372,7,14000,EUR,2014-01-01,2014-12-31,60
815,1319,372,3,41610,EUR,2014-01-01,2014-12-31,60
816,1320,382,18,5000,EUR,2014-01-01,2015-12-31,60
817,1321,384,22,14940,EUR,2014-07-01,2014-09-30,60
818,1322,399,7,11805,EUR,2014-10-01,2014-12-31,60
819,1323,422,23,10000,USD,2014-11-01,2014-11-30,60
820,1324,446,26,65955,GBP,2015-01-01,2016-01-31,60
821,1325,479,7,15000,USD,2015-03-23,2015-12-31,60
822,1326,505,16,7440,USD,2014-09-01,2015-12-31,60
823,1327,506,16,22000,USD,2015-03-01,2017-12-31,60
824,1328,507,16,7000,USD,2015-06-01,2018-12-31,60
825,1329,533,7,13520,EUR,2015-09-01,2015-10-31,60
826,1330,535,16,44285,USD,2015-09-14,2016-02-29,60
827,1331,636,7,25000,USD,2016-10-01,2016-12-31,60
828,1332,1322,15,21274,EUR,2021-02-01,2023-01-31,60
829,1333,130,35,0,EUR,2017-01-01,2017-12-31,61
830,1334,130,5,600000,EUR,2017-01-01,2017-12-31,61
831,1335,130,36,1180167,EUR,2017-01-01,2017-12-31,61
832,1336,130,17,50000,EUR,2018-01-01,2018-12-31,61
833,1337,303,2,40000,EUR,2014-01-01,2014-12-31,61
834,1338,367,21,15000,USD,2014-06-01,2014-12-31,61
835,1339,367,5,0,EUR,2014-06-01,2014-12-31,61
836,1340,372,7,14000,EUR,2014-01-01,2014-12-31,61
837,1341,372,3,41610,EUR,2014-01-01,2014-12-31,61
838,1342,382,18,5000,EUR,2014-01-01,2015-12-31,61
839,1343,384,22,14940,EUR,2014-07-01,2014-09-30,61
840,1344,399,7,11805,EUR,2014-10-01,2014-12-31,61
841,1345,422,23,10000,USD,2014-11-01,2014-11-30,61
842,1346,446,26,65955,GBP,2015-01-01,2016-01-31,61
843,1347,479,7,15000,USD,2015-03-23,2015-12-31,61
844,1348,505,16,7440,USD,2014-09-01,2015-12-31,61
845,1349,506,16,22000,USD,2015-03-01,2017-12-31,61
846,1350,507,16,7000,USD,2015-06-01,2018-12-31,61
847,1351,533,7,13520,EUR,2015-09-01,2015-10-31,61
848,1352,535,16,44285,USD,2015-09-14,2016-02-29,61
849,1353,636,7,25000,USD,2016-10-01,2016-12-31,61
850,1354,1322,15,21274,EUR,2021-02-01,2023-01-31,61
