rownames,contribution_id,last_import_on,last_export_on,is_finished,session_id,user_id,responsible_id
1,1,2013-12-17 ,2013-12-17 ,1,1,2,43
2,2,2013-12-17 ,2014-02-08 ,1,1,7,43
3,3,2013-12-11 ,2013-12-10 ,1,1,1,33
4,4,2014-02-05 ,2014-01-09 ,1,1,4,43
5,5,2013-12-17 ,2014-10-03 ,0,1,3,43
6,6,2013-12-11 ,2014-02-24 ,1,1,8,33
7,7,2013-12-20 ,2014-05-27 ,1,1,9,29
8,8,2013-12-17 ,2013-12-17 ,1,1,13,43
9,9,2014-02-05 ,2014-07-10 ,1,1,12,43
10,10,2013-12-17 ,2014-04-17 ,1,1,11,43
11,11,2013-12-18 ,2014-04-07 ,1,1,56,68
12,12,2013-12-10 ,2014-02-27 ,1,1,55,53
13,13,2013-12-05 ,2014-02-18 ,1,1,16,33
14,14,2013-12-23 ,2014-04-08 ,1,1,17,29
15,15,2013-12-18 ,2014-04-03 ,1,1,18,29
16,16,2013-12-20 ,2014-02-25 ,1,1,21,29
17,17,2013-12-09 ,2014-05-07 ,1,1,22,29
18,18,2013-12-10 ,2013-12-18 ,1,1,19,19
19,20,2013-12-09 ,2013-12-09 ,1,1,62,33
20,21,2013-12-19 ,2014-07-02 ,1,1,23,29
21,22,2013-12-17 ,2014-12-10 ,1,1,24,43
22,23,2013-12-19 ,2014-04-10 ,1,1,26,29
23,24,2013-12-23 ,2014-04-17 ,1,1,29,19
24,25,2013-12-23 ,2014-04-03 ,1,1,28,29
25,27,,2014-04-15 ,0,1,33,19
26,28,2013-12-19 ,2014-12-04 ,1,1,34,29
27,30,2014-01-09 ,2014-12-05 ,1,1,37,29
28,31,2013-12-10 ,2014-02-14 ,0,1,39,33
29,32,2014-02-10 ,2014-05-14 ,1,1,43,19
30,34,2013-12-10 ,2013-12-17 ,1,1,47,33
31,36,2014-01-08 ,2014-04-29 ,1,1,45,29
32,37,2013-12-09 ,2013-12-10 ,1,1,49,43
33,38,2013-12-17 ,2013-12-17 ,1,1,52,43
34,39,2013-12-20 ,2014-04-24 ,1,1,53,29
35,40,2013-12-18 ,2014-04-02 ,1,1,54,29
36,41,2014-02-17 ,2019-07-18 ,0,1,60,
37,42,2014-02-06 ,2014-05-20 ,0,1,58,19
38,43,2014-03-25 ,2015-02-03 ,0,2,60,58
39,86,2013-12-23 ,2014-02-03 ,1,1,38,29
40,87,2013-12-19 ,2014-07-02 ,1,1,68,43
41,89,2013-12-11 ,2014-11-27 ,1,1,63,19
42,90,2013-12-17 ,2013-12-17 ,0,2,59,
43,92,,2014-02-11 ,0,2,58,58
44,93,2014-04-18 ,2014-03-31 ,1,4,2,43
45,94,,,0,4,7,43
46,95,,,0,4,1,33
47,96,2014-04-28 ,2014-04-28 ,1,4,4,43
48,97,2014-04-18 ,2014-04-18 ,1,4,3,43
49,98,,,0,4,8,33
50,99,2014-04-28 ,2014-05-30 ,1,4,9,29
51,100,,2014-04-15 ,0,4,13,43
52,101,2014-04-30 ,2014-04-30 ,0,4,12,43
53,102,2014-04-30 ,2014-07-03 ,0,4,11,43
54,103,2014-04-23 ,2014-12-04 ,1,4,56,68
55,104,2014-04-17 ,2014-05-12 ,1,4,55,53
56,105,2014-04-15 ,2014-05-20 ,1,4,16,33
57,106,2014-04-16 ,2014-05-13 ,1,4,17,29
58,107,2014-03-31 ,2014-06-30 ,1,4,18,29
59,108,2014-05-12 ,2014-05-13 ,1,4,21,29
60,109,2014-05-07 ,2014-05-13 ,1,4,22,29
61,110,,,0,4,19,19
62,111,,,0,4,62,33
63,112,2014-04-24 ,2014-05-16 ,1,4,23,29
64,113,,2014-05-21 ,0,4,24,43
65,114,2014-04-15 ,2014-06-18 ,1,4,26,29
66,115,,2014-05-13 ,0,4,29,19
67,116,2014-04-16 ,2014-05-13 ,1,4,28,29
68,117,2014-04-16 ,2014-04-16 ,0,4,33,19
69,118,2014-04-23 ,2014-12-04 ,1,4,34,29
70,119,2014-05-13 ,2014-05-13 ,1,4,37,29
71,120,,2014-04-22 ,0,4,39,33
72,121,,2014-04-24 ,0,4,43,19
73,122,2014-03-26 ,2014-03-25 ,0,4,47,33
74,123,,2014-05-28 ,0,4,45,29
75,124,2014-04-14 ,2014-04-15 ,1,4,49,43
76,125,,2014-04-30 ,0,4,52,43
77,126,2014-04-24 ,2014-05-13 ,1,4,53,29
78,127,2014-04-16 ,2014-05-13 ,1,4,54,29
79,128,2014-05-30 ,2014-06-18 ,0,4,60,
80,129,2014-05-22 ,2014-02-26 ,1,4,58,19
81,130,2014-05-12 ,2014-06-26 ,1,4,38,29
82,131,2014-04-30 ,2014-04-30 ,1,4,68,43
83,132,,2014-12-01 ,0,4,63,19
84,133,2014-04-23 ,2014-05-15 ,1,4,25,43
85,134,2014-04-03 ,2014-04-28 ,0,4,51,29
86,135,,2014-04-10 ,0,4,61,43
87,136,2014-06-02 ,2014-07-07 ,0,5,60,58
88,137,,,0,5,59,
89,138,,,0,5,58,58
90,139,2014-06-26 ,2014-07-02 ,1,6,2,43
91,140,2014-07-03 ,2014-07-03 ,1,6,7,43
92,141,,2014-07-02 ,0,6,1,33
93,142,2014-06-30 ,2014-07-02 ,1,6,4,43
94,143,2014-06-29 ,2014-07-02 ,1,6,3,43
95,145,2014-07-02 ,2014-07-16 ,1,6,9,29
96,147,2014-07-02 ,2014-07-02 ,0,6,12,43
97,148,2014-07-03 ,2014-07-04 ,0,6,11,43
98,149,2014-07-02 ,2014-12-04 ,1,6,56,68
99,150,2014-06-25 ,2014-06-25 ,1,6,55,53
100,151,2014-06-26 ,2014-07-08 ,1,6,16,33
101,152,2014-06-30 ,2014-07-02 ,1,6,17,29
102,153,2014-06-26 ,2014-06-30 ,0,6,18,29
103,154,2014-06-27 ,2014-06-27 ,1,6,21,29
104,155,2014-07-02 ,2014-07-03 ,1,6,22,29
105,156,,,0,6,19,19
106,157,,,0,6,62,33
107,158,2014-07-02 ,2014-07-03 ,1,6,23,29
108,159,2014-07-02 ,2014-07-03 ,1,6,24,43
109,160,2014-07-01 ,2014-07-02 ,1,6,26,29
110,161,,,0,6,29,19
111,162,2014-06-30 ,2014-07-02 ,1,6,28,29
112,163,2014-07-03 ,2014-07-11 ,0,6,33,19
113,164,2014-07-01 ,2014-12-04 ,1,6,34,29
114,165,2014-06-29 ,2014-07-02 ,1,6,37,29
115,166,2014-07-02 ,2014-07-02 ,1,6,39,33
116,167,2014-07-03 ,2014-07-03 ,1,6,43,19
117,169,,2014-07-01 ,0,6,45,29
118,170,2014-07-01 ,2014-10-03 ,1,6,49,43
119,171,2014-06-27 ,2014-07-03 ,1,6,52,43
120,172,2014-06-29 ,2014-07-02 ,1,6,53,29
121,173,,,0,6,54,29
122,174,2014-07-17 ,2015-05-11 ,0,6,60,
123,175,,,0,6,58,19
124,176,2014-06-26 ,2014-06-27 ,1,6,38,29
125,177,2014-07-03 ,2014-07-04 ,1,6,68,43
126,178,,,0,6,63,19
127,179,2014-07-03 ,2014-07-04 ,1,6,25,43
128,180,2014-06-30 ,2014-06-30 ,1,6,51,33
129,181,,2014-10-09 ,0,6,61,43
130,182,,,0,6,20,33
131,183,2014-07-18 ,2014-12-24 ,0,7,60,58
132,184,,,0,7,59,
133,185,,2014-08-18 ,0,7,58,58
134,186,2014-10-02 ,2016-07-04 ,1,8,2,43
135,187,2014-10-07 ,2016-10-28 ,1,8,7,43
136,190,2014-10-03 ,2015-06-19 ,1,8,3,43
137,191,2014-10-07 ,2016-09-30 ,0,8,9,29
138,192,2014-10-06 ,2016-06-27 ,1,8,12,43
139,193,2014-10-07 ,2015-08-18 ,1,8,11,43
140,194,2014-10-03 ,2015-11-17 ,1,8,56,68
141,195,2014-10-03 ,2014-10-28 ,1,8,55,53
142,196,2014-10-06 ,2015-11-17 ,1,8,16,33
143,197,2014-10-06 ,2014-10-06 ,1,8,17,29
144,198,2014-09-30 ,2015-09-03 ,1,8,18,29
145,199,2014-10-03 ,2014-10-06 ,1,8,21,29
146,201,,,0,8,19,19
147,202,,2016-10-26 ,0,8,62,33
148,203,2014-10-03 ,2014-10-03 ,1,8,23,29
149,204,,2015-06-25 ,0,8,24,43
150,205,2014-10-08 ,2015-06-20 ,1,8,26,29
151,206,,2014-09-03 ,0,8,29,19
152,207,2014-10-03 ,2015-07-02 ,0,8,28,29
153,208,,2014-10-04 ,0,8,33,19
154,209,2014-10-04 ,2015-09-25 ,1,8,34,29
155,210,2014-10-06 ,2015-11-12 ,1,8,37,29
156,211,2014-10-03 ,2014-12-07 ,1,8,39,33
157,212,2014-10-05 ,2014-11-19 ,1,8,43,19
158,213,,2015-11-16 ,0,8,45,29
159,214,2014-10-03 ,2014-11-22 ,1,8,49,43
160,215,2014-10-04 ,2016-10-20 ,1,8,52,43
161,216,2014-10-08 ,2014-10-08 ,1,8,53,29
162,217,,,0,8,54,29
163,218,2014-10-17 ,2018-06-20 ,0,8,60,
164,219,2014-10-17 ,2014-10-10 ,1,8,58,19
165,220,2014-10-03 ,2016-10-05 ,1,8,38,29
166,221,2014-10-03 ,2014-10-05 ,1,8,68,43
167,222,,,0,8,63,19
168,223,2014-10-02 ,2015-08-24 ,1,8,25,43
169,224,,,0,8,51,33
170,225,,2014-10-09 ,0,8,61,43
171,227,2014-10-21 ,2018-02-07 ,0,9,60,
172,228,2014-10-17 ,2014-10-10 ,0,9,58,
173,229,2015-01-13 ,2015-01-13 ,1,10,58,
174,230,2015-01-29 ,2016-10-26 ,0,10,60,
175,231,2015-01-15 ,2015-04-15 ,0,11,60,
176,232,,2015-02-24 ,0,11,58,
177,233,2014-12-10 ,2014-12-11 ,1,10,68,43
178,234,2014-12-03 ,2015-04-08 ,1,10,2,43
179,235,2014-12-09 ,2014-12-09 ,0,10,7,43
180,236,2014-12-08 ,2015-01-14 ,1,10,63,58
181,237,2014-12-01 ,2016-02-16 ,0,10,79,19
182,239,2014-12-08 ,2015-04-08 ,1,10,3,43
183,240,2015-01-12 ,2015-04-08 ,0,10,9,19
184,241,,,0,10,10,33
185,242,,2014-12-04 ,0,10,12,43
186,243,2014-12-08 ,2015-02-02 ,1,10,11,43
187,244,2014-12-22 ,2015-02-04 ,1,10,55,80
188,245,2014-12-09 ,2014-12-16 ,0,10,16,33
189,246,2014-12-21 ,2014-12-21 ,0,10,17,19
190,247,2014-12-08 ,2015-04-02 ,1,10,18,19
191,248,2014-12-08 ,2014-12-08 ,1,10,21,19
192,249,,,0,10,22,19
193,250,,2014-12-08 ,0,10,19,
194,251,,,0,10,62,33
195,252,,2015-04-09 ,0,10,25,43
196,253,2014-12-05 ,2014-12-05 ,1,10,23,19
197,254,2014-12-10 ,2014-12-10 ,0,10,24,43
198,255,2014-12-05 ,2014-12-09 ,0,10,26,19
199,256,,2016-04-04 ,0,10,30,33
200,257,2014-12-08 ,2015-07-02 ,1,10,28,19
201,258,,2014-12-17 ,0,10,33,19
202,259,2014-12-04 ,2014-12-04 ,1,10,34,19
203,260,,,0,10,61,43
204,261,2014-12-22 ,2015-02-04 ,1,10,56,68
205,262,2014-12-10 ,2014-12-09 ,1,10,37,19
206,263,2014-12-04 ,2014-12-04 ,1,10,38,19
207,264,2014-12-10 ,2014-12-08 ,1,10,39,33
208,265,2014-11-27 ,2015-01-06 ,0,10,43,19
209,266,,2015-05-27 ,0,10,48,33
210,267,,,0,10,50,19
211,268,,2014-12-10 ,0,10,45,19
212,269,2014-12-08 ,2014-12-10 ,1,10,49,43
213,270,,,0,10,51,33
214,271,,,0,10,52,43
215,272,2014-12-09 ,2015-01-09 ,1,10,53,19
216,273,2014-12-10 ,2014-11-26 ,0,10,54,19
217,274,2014-12-18 ,2016-03-17 ,0,10,80,19
218,275,,,0,11,19,
219,276,,2016-07-19 ,0,11,59,
220,277,,,0,11,43,19
221,278,,2015-05-15 ,0,12,58,
222,279,2015-04-27 ,2015-06-15 ,0,12,60,
223,280,2015-04-08 ,2015-06-13 ,1,12,68,43
224,281,2015-04-08 ,2015-04-07 ,1,12,2,43
225,282,,2015-06-13 ,0,12,7,43
226,283,,,0,12,63,58
227,284,2015-04-03 ,2015-04-13 ,1,12,79,43
228,285,2015-04-13 ,2015-04-12 ,1,12,3,33
229,286,2015-04-08 ,2015-04-08 ,1,12,9,43
230,287,,,0,12,10,33
231,288,2015-04-07 ,2015-04-07 ,0,12,12,33
232,289,2015-04-07 ,2015-04-08 ,1,12,11,43
233,290,2015-04-07 ,2015-04-10 ,1,12,55,80
234,291,2015-04-02 ,2016-04-05 ,1,12,16,33
235,292,2015-04-09 ,2015-07-07 ,1,12,17,33
236,293,2015-04-03 ,2015-04-03 ,1,12,18,43
237,294,2015-04-08 ,2015-04-08 ,1,12,21,33
238,296,,,0,12,19,
239,297,,,0,12,62,33
240,298,,2015-02-17 ,0,12,25,43
241,299,2015-04-08 ,2015-04-08 ,1,12,23,33
242,300,,,0,12,24,43
243,301,2015-04-09 ,2015-04-02 ,1,12,26,43
244,302,,,0,12,30,33
245,304,,,0,12,33,19
246,305,2015-04-08 ,2015-04-08 ,1,12,34,43
247,306,,,0,12,61,43
248,307,2015-04-08 ,2015-05-12 ,1,12,56,68
249,308,2015-04-07 ,2015-04-07 ,1,12,37,43
250,309,2015-04-01 ,2015-04-07 ,1,12,38,33
251,310,2015-04-08 ,2015-04-01 ,1,12,39,43
252,311,,2015-02-23 ,0,12,43,19
253,312,,,0,12,48,33
254,315,2015-04-07 ,2015-04-07 ,1,12,49,43
255,316,,,0,12,51,33
256,317,2015-04-08 ,2015-06-23 ,0,12,52,33
257,318,2015-04-09 ,2015-04-09 ,1,12,53,19
258,319,2015-04-09 ,2015-03-03 ,1,12,54,43
259,320,2015-04-07 ,2015-07-29 ,1,12,80,19
260,321,2015-04-02 ,2016-04-01 ,1,12,4,43
261,322,,,0,12,8,33
262,323,2015-04-28 ,2015-05-18 ,0,13,60,
263,324,,2015-05-15 ,0,13,58,
264,325,,,0,13,19,
265,326,,,0,13,59,
266,327,,,0,13,43,19
267,328,,,0,13,33,19
268,329,,2015-04-07 ,0,13,70,59
269,330,,,0,14,58,
270,331,2015-07-08 ,2016-02-12 ,0,14,60,
271,332,2015-07-02 ,2015-08-03 ,1,14,68,43
272,333,2015-06-19 ,2015-06-19 ,1,14,2,43
273,334,,2015-06-17 ,0,14,7,43
274,335,,2015-06-17 ,0,14,63,58
275,336,2015-06-25 ,2015-07-29 ,1,14,79,43
276,337,2015-06-19 ,2015-06-19 ,1,14,3,33
277,338,2015-06-22 ,2015-06-22 ,1,14,9,43
278,341,2015-06-19 ,2015-07-08 ,1,14,11,43
279,342,2015-07-02 ,2015-08-26 ,1,14,55,80
280,343,2015-06-22 ,2015-06-22 ,1,14,16,33
281,344,2015-06-24 ,2015-07-07 ,1,14,17,33
282,345,2015-06-22 ,2015-06-22 ,1,14,18,43
283,346,2015-06-21 ,2015-06-21 ,1,14,21,33
284,347,,,0,14,19,
285,349,2015-06-23 ,2015-06-23 ,1,14,25,43
286,350,2015-06-25 ,2015-06-22 ,1,14,23,33
287,351,2015-06-25 ,2015-07-27 ,0,14,24,43
288,352,2015-06-20 ,2015-06-20 ,1,14,26,43
289,353,2015-05-26 ,2015-05-26 ,1,14,30,33
290,354,,,0,14,33,19
291,355,2015-06-22 ,2015-06-22 ,1,14,34,43
292,357,2015-07-03 ,2015-07-06 ,1,14,56,68
293,358,2015-06-22 ,2015-06-19 ,1,14,37,43
294,359,2015-06-17 ,2015-06-17 ,1,14,38,33
295,360,2015-06-21 ,2015-06-17 ,1,14,39,43
296,361,,,0,14,43,19
297,363,2015-06-19 ,2015-06-19 ,1,14,49,43
298,365,2015-06-29 ,2015-06-29 ,1,14,52,33
299,366,2015-06-24 ,2015-06-24 ,1,14,53,19
300,368,2015-06-22 ,2015-07-10 ,1,14,80,19
301,369,2015-06-24 ,2015-07-30 ,1,14,4,43
302,372,2015-07-27 ,2017-01-13 ,0,15,60,
303,373,,2015-08-19 ,0,15,58,
304,374,,,0,15,19,
305,375,,,0,15,59,
306,376,,,0,15,43,19
307,377,,,0,15,33,19
308,378,,,0,15,70,59
309,379,2015-06-23 ,2015-08-26 ,0,14,97,60
310,380,,2015-08-25 ,0,8,97,60
311,381,2015-06-24 ,2015-08-26 ,0,15,97,60
312,382,2015-09-30 ,2017-02-23 ,0,16,60,
313,383,,2016-01-25 ,0,16,58,
314,384,,,0,16,19,
315,385,,2015-09-21 ,0,16,59,
316,386,,,0,16,43,19
317,387,,,0,16,33,19
318,388,,,0,16,70,59
319,389,,2015-08-26 ,0,16,97,60
320,390,,2016-03-10 ,0,17,58,
321,391,2015-09-30 ,2018-02-07 ,0,17,60,
322,392,2015-09-29 ,2015-10-07 ,1,17,68,43
323,393,2015-09-23 ,2015-11-17 ,1,17,2,43
324,394,,2016-04-04 ,0,17,7,43
325,395,,2016-04-06 ,0,17,63,58
326,396,2015-09-09 ,2016-02-16 ,0,17,79,43
327,397,,2015-11-13 ,0,17,3,33
328,398,2015-09-27 ,2015-09-20 ,1,17,9,43
329,399,2015-09-25 ,2016-09-28 ,1,17,11,43
330,400,2015-09-29 ,2020-01-21 ,1,17,55,80
331,401,,2015-11-17 ,0,17,16,33
332,402,2015-09-28 ,2015-09-28 ,1,17,17,33
333,403,2015-09-25 ,2015-11-16 ,1,17,18,43
334,404,2015-09-24 ,2015-09-22 ,1,17,21,33
335,405,,2015-09-15 ,0,17,19,
336,406,2015-09-22 ,2016-09-20 ,1,17,25,43
337,407,2015-09-28 ,2016-01-19 ,1,17,23,33
338,408,2015-09-30 ,2015-09-30 ,0,17,24,43
339,409,2015-09-26 ,2015-09-23 ,1,17,26,43
340,410,,,0,17,30,33
341,411,,,0,17,33,19
342,412,2015-09-25 ,2016-04-20 ,1,17,34,43
343,413,2015-09-29 ,2016-04-08 ,1,17,56,68
344,414,2015-09-28 ,2020-03-25 ,1,17,37,43
345,415,2015-09-25 ,2015-11-19 ,1,17,38,33
346,416,2015-09-24 ,2015-09-24 ,1,17,39,43
347,417,,2020-03-25 ,0,17,43,19
348,418,2015-09-17 ,2015-09-17 ,1,17,49,43
349,419,,,0,17,52,33
350,420,,,0,17,53,19
351,421,2015-09-29 ,2015-09-30 ,1,17,80,19
352,422,2015-09-28 ,2015-09-28 ,1,17,4,43
353,423,,2015-08-25 ,0,17,97,60
354,424,,2015-09-09 ,0,17,99,33
355,425,,2016-02-09 ,0,17,1,33
356,426,,,0,17,12,33
357,427,,,0,17,62,33
358,428,,2015-10-13 ,0,17,28,43
359,429,,,0,17,48,33
360,430,,2015-09-28 ,0,17,47,33
361,431,,,0,17,45,33
362,432,,2015-12-09 ,0,17,51,33
363,433,,2016-11-09 ,0,17,50,33
364,434,2015-09-28 ,2015-11-23 ,1,17,82,33
365,435,2015-12-09 ,2016-07-12 ,0,18,60,
366,437,,,0,18,19,
367,438,,2015-12-09 ,0,18,59,
368,439,,,0,18,43,19
369,440,,,0,18,33,19
370,441,,,0,18,70,59
371,443,2015-12-03 ,2016-05-04 ,0,18,104,19
372,445,2016-01-15 ,2017-10-04 ,0,19,60,
373,446,,2016-01-26 ,0,19,68,43
374,447,2015-11-17 ,2019-11-05 ,1,19,2,43
375,448,,,0,19,7,43
376,449,,2016-04-06 ,0,19,63,58
377,450,2015-11-23 ,2015-11-18 ,1,19,79,43
378,451,2015-11-13 ,2015-11-13 ,1,19,3,33
379,452,2015-11-30 ,2015-11-27 ,1,19,9,43
380,453,2015-11-23 ,2015-11-20 ,1,19,11,43
381,454,2016-01-15 ,2016-01-18 ,0,19,55,80
382,455,,2015-11-24 ,0,19,16,33
383,456,2015-11-24 ,2015-11-23 ,1,19,17,33
384,457,2015-11-16 ,2015-11-17 ,1,19,18,43
385,458,2015-11-24 ,2016-01-18 ,1,19,21,33
386,459,2015-11-24 ,2016-01-04 ,1,19,19,
387,460,2015-12-01 ,2016-07-25 ,1,19,25,43
388,461,,2016-01-19 ,0,19,23,33
389,462,,,0,19,24,43
390,463,2015-11-19 ,2015-11-18 ,1,19,26,43
391,465,,,0,19,33,19
392,467,2015-12-09 ,2016-01-27 ,0,19,56,68
393,468,2015-11-25 ,2016-10-26 ,1,19,37,43
394,469,2015-11-20 ,2015-11-20 ,1,19,38,33
395,470,2015-11-16 ,2015-11-04 ,1,19,39,43
396,471,,2016-01-02 ,0,19,43,19
397,472,2015-12-07 ,2016-01-13 ,1,19,49,43
398,473,2015-11-23 ,2015-11-23 ,1,19,52,33
399,474,2015-11-24 ,2016-01-04 ,1,19,53,19
400,475,,2016-04-04 ,0,19,80,19
401,476,2015-11-17 ,2015-11-17 ,1,19,4,43
402,477,,,0,19,97,60
403,478,,2016-04-04 ,0,19,99,33
404,479,,,0,19,1,33
405,480,2015-11-23 ,2015-11-23 ,1,19,12,33
406,481,,2016-04-06 ,0,19,62,33
407,482,2015-11-16 ,2015-11-16 ,1,19,28,43
408,483,,,0,19,48,33
409,484,,2016-11-09 ,0,19,47,33
410,485,,,0,19,45,33
411,486,,,0,19,51,33
412,487,,,0,19,50,33
413,488,2015-11-23 ,2015-11-23 ,1,19,82,33
414,489,,,0,19,10,33
415,490,,2016-08-19 ,0,19,104,19
416,491,2015-11-19 ,2015-11-23 ,0,19,40,33
417,492,,2016-04-20 ,0,19,106,43
418,493,2015-12-09 ,2015-12-09 ,1,19,59,
419,494,,2015-12-09 ,0,17,59,
420,495,2016-04-14 ,2017-09-14 ,0,20,60,
421,496,,,0,20,19,
422,497,,2016-03-14 ,0,20,59,
423,498,,,0,20,43,19
424,499,,,0,20,33,19
425,500,,,0,20,70,59
426,501,,2016-05-04 ,0,20,104,19
427,502,2016-04-15 ,2016-08-24 ,0,21,60,
428,503,,,0,21,68,43
429,504,2016-04-01 ,2019-11-05 ,1,21,2,43
430,505,2016-04-11 ,2016-04-11 ,1,21,7,43
431,506,2016-04-12 ,2016-10-19 ,1,21,63,104
432,507,2016-04-04 ,2016-04-04 ,1,21,79,43
433,508,2016-04-06 ,2016-04-06 ,1,21,3,33
434,509,2016-04-08 ,2016-04-08 ,1,21,9,43
435,510,2016-04-06 ,2016-04-29 ,1,21,11,43
436,511,2016-04-12 ,2016-04-19 ,1,21,55,80
437,512,,2016-04-05 ,0,21,16,33
438,513,2016-04-06 ,2016-05-31 ,0,21,17,33
439,514,2016-03-29 ,2016-03-30 ,1,21,18,43
440,515,2016-04-07 ,2016-04-07 ,1,21,21,33
441,516,,2016-04-04 ,0,21,19,
442,518,2016-04-04 ,2016-04-04 ,1,21,23,33
443,519,,,0,21,24,43
444,520,2016-04-01 ,2016-03-22 ,1,21,26,43
445,521,,,0,21,33,19
446,522,2016-04-18 ,2016-07-06 ,0,21,56,111
447,523,2016-04-06 ,2016-10-26 ,1,21,37,43
448,524,2016-03-30 ,2016-03-30 ,1,21,38,33
449,525,2016-03-31 ,2016-03-30 ,1,21,39,43
450,526,,,0,21,43,19
451,527,2016-04-04 ,2016-04-03 ,1,21,49,43
452,528,2016-04-06 ,2016-04-12 ,1,21,52,33
453,529,,2016-03-30 ,0,21,53,19
454,530,2016-04-04 ,2016-05-16 ,1,21,80,19
455,531,2016-04-04 ,2016-04-01 ,1,21,4,43
456,533,2016-04-11 ,2016-04-11 ,1,21,99,33
457,535,2016-04-07 ,2016-04-11 ,1,21,12,33
458,536,2016-04-06 ,2016-04-06 ,1,21,62,33
459,537,2016-03-30 ,2016-03-24 ,1,21,28,43
460,539,2016-04-06 ,2016-04-06 ,1,21,47,33
461,540,,,0,21,45,33
462,541,2016-04-01 ,2016-03-30 ,1,21,51,33
463,542,,,0,21,50,33
464,543,2016-04-11 ,2016-04-11 ,1,21,82,33
465,544,,,0,21,10,33
466,545,,2016-06-23 ,0,21,104,19
467,546,2016-04-01 ,2016-04-01 ,1,21,40,33
468,547,,,0,21,106,43
469,548,,,0,21,59,
470,549,2016-02-24 ,2016-02-23 ,0,21,109,55
471,550,,2016-10-27 ,0,21,110,33
472,551,,2016-03-15 ,0,21,111,43
473,552,2016-04-05 ,2016-04-05 ,1,21,30,43
474,553,2016-07-29 ,2016-11-02 ,0,22,60,
475,554,,,0,22,19,
476,555,,2016-10-28 ,0,22,59,
477,556,,,0,22,43,19
478,557,,,0,22,33,19
479,558,,,0,22,70,59
480,559,,2016-08-19 ,0,22,104,19
481,560,2016-07-26 ,2016-09-28 ,0,23,60,
482,562,2016-06-24 ,2019-11-05 ,1,23,2,43
483,563,,,0,23,7,43
484,564,,,0,23,63,104
485,565,2016-06-29 ,2016-07-27 ,1,23,79,43
486,567,2016-07-01 ,2016-07-15 ,1,23,9,43
487,568,2016-06-24 ,2016-07-26 ,1,23,11,43
488,569,2016-06-19 ,2016-06-27 ,1,23,55,33
489,570,,2016-07-26 ,0,23,16,33
490,571,2016-06-27 ,2016-08-16 ,1,23,17,33
491,572,2016-06-29 ,2016-06-20 ,1,23,18,43
492,573,2016-06-27 ,2016-06-27 ,1,23,21,33
493,574,,,0,23,19,
494,575,2016-06-29 ,2016-06-27 ,1,23,23,33
495,576,,2016-07-07 ,0,23,24,43
496,577,2016-06-24 ,2016-06-20 ,1,23,26,33
497,578,2016-07-06 ,2016-07-06 ,0,23,33,19
498,579,2016-07-15 ,2016-07-25 ,1,23,56,111
499,580,2016-07-06 ,2016-10-26 ,1,23,37,43
500,581,2016-06-27 ,2016-06-27 ,1,23,38,33
501,582,2016-06-10 ,2016-06-24 ,1,23,39,43
502,583,,2016-06-23 ,0,23,43,19
503,584,2016-06-27 ,2016-07-08 ,1,23,49,43
504,585,2016-06-29 ,2016-07-13 ,1,23,52,33
505,586,2016-06-30 ,2016-06-30 ,1,23,53,19
506,587,2016-06-29 ,2016-07-27 ,1,23,80,19
507,588,2016-06-24 ,2016-07-04 ,1,23,4,43
508,589,2016-06-30 ,2016-06-30 ,1,23,99,33
509,590,2016-06-28 ,2016-06-29 ,1,23,12,33
510,591,2016-06-29 ,2016-06-29 ,1,23,62,33
511,592,2016-06-20 ,2016-06-20 ,1,23,28,33
512,593,2016-06-30 ,2016-06-30 ,1,23,47,33
513,594,,2016-07-05 ,0,23,45,33
514,595,2016-07-01 ,2016-07-01 ,1,23,51,33
515,596,2016-06-28 ,2016-06-28 ,1,23,50,33
516,598,,2016-07-06 ,0,23,10,33
517,599,,2016-08-19 ,0,23,104,19
518,600,2016-06-29 ,2016-06-29 ,1,23,40,33
519,601,,,0,23,106,43
520,602,,2016-10-28 ,0,23,59,
521,604,2016-07-05 ,2016-07-05 ,0,23,110,33
522,605,,2016-05-19 ,0,23,111,43
523,606,2016-06-27 ,2016-06-27 ,1,23,30,33
524,607,,2016-05-25 ,0,22,115,104
525,608,,2016-05-25 ,0,23,115,104
526,609,2016-07-15 ,2016-07-18 ,1,23,105,33
527,610,2016-06-30 ,2016-06-30 ,1,23,81,33
528,611,2016-11-02 ,2017-08-16 ,0,24,60,
529,612,,,0,24,19,
530,613,,2016-11-09 ,0,24,59,
531,614,,,0,24,43,19
532,615,,,0,24,33,19
533,616,,,0,24,70,59
534,617,,,0,24,104,19
535,618,,,0,24,115,104
536,619,2016-11-04 ,2019-01-23 ,0,25,60,
537,620,2016-10-12 ,2019-11-05 ,1,25,2,43
538,621,2016-10-19 ,2016-10-19 ,1,25,7,43
539,622,2016-10-20 ,2016-10-28 ,1,25,63,104
540,623,2016-10-20 ,2017-06-20 ,1,25,79,43
541,624,2016-10-26 ,2017-04-11 ,1,25,9,43
542,625,2016-10-19 ,2017-02-03 ,1,25,11,43
543,626,2016-10-12 ,2020-06-15 ,1,25,55,60
544,628,2016-10-17 ,2016-10-31 ,1,25,17,33
545,629,2016-10-18 ,2016-10-18 ,1,25,18,43
546,630,2016-10-18 ,2016-10-18 ,1,25,21,33
547,631,2016-10-03 ,2016-10-03 ,1,25,19,
548,632,2016-10-21 ,2018-06-05 ,1,25,23,33
549,633,2016-10-20 ,2020-08-31 ,1,25,24,43
550,634,2016-10-14 ,2017-10-18 ,1,25,26,33
551,635,2016-10-26 ,2016-10-26 ,1,25,33,19
552,636,2016-10-28 ,2017-08-29 ,1,25,56,43
553,637,2016-10-07 ,2017-11-06 ,1,25,37,43
554,638,2016-10-05 ,2016-10-05 ,1,25,38,33
555,639,2016-10-16 ,2017-03-02 ,1,25,39,43
556,640,,,0,25,43,19
557,641,2016-10-17 ,2016-12-14 ,1,25,49,43
558,642,2016-10-20 ,2017-07-27 ,1,25,52,33
559,643,2016-10-18 ,2016-10-18 ,1,25,53,19
560,644,2016-10-14 ,2017-11-13 ,1,25,80,19
561,645,2016-10-14 ,2018-06-04 ,1,25,4,43
562,646,2016-10-24 ,2017-10-26 ,1,25,99,33
563,647,2016-10-18 ,2017-05-24 ,1,25,12,33
564,648,2016-10-26 ,2020-10-19 ,1,25,62,33
565,649,2016-10-17 ,2017-10-02 ,1,25,28,33
566,650,2016-10-14 ,2016-10-14 ,1,25,47,33
567,651,2016-10-18 ,2016-10-18 ,1,25,45,33
568,652,2016-10-20 ,2016-10-20 ,1,25,51,33
569,653,2016-10-18 ,2020-10-21 ,1,25,50,33
570,654,2016-10-20 ,2016-10-20 ,1,25,10,33
571,655,,2017-11-29 ,0,25,104,19
572,656,2016-10-20 ,2020-08-12 ,1,25,40,33
573,659,2016-10-27 ,2020-10-05 ,1,25,110,33
574,660,,,0,25,111,43
575,661,2016-11-04 ,2016-11-04 ,1,25,30,33
576,663,2016-09-19 ,2020-08-27 ,1,25,105,33
577,664,2016-09-26 ,2017-04-24 ,1,25,81,33
578,665,2016-11-14 ,2017-11-16 ,0,26,60,
579,666,,,0,26,19,
580,667,,2016-11-09 ,0,26,59,
581,668,,,0,26,43,19
582,669,,,0,26,33,19
583,670,,,0,26,70,59
584,671,,,0,26,104,19
585,672,,,0,26,115,104
586,673,2016-11-15 ,2017-11-22 ,0,27,60,
587,674,2016-10-28 ,2019-11-05 ,1,27,2,43
588,675,2016-10-28 ,2017-03-03 ,1,27,7,43
589,676,2016-11-02 ,2016-11-02 ,1,27,63,104
590,677,2016-11-03 ,2016-12-10 ,1,27,79,43
591,678,2016-10-28 ,2016-10-28 ,1,27,9,43
592,679,2016-11-02 ,2017-03-03 ,1,27,11,43
593,680,2016-11-02 ,2018-01-18 ,1,27,55,104
594,681,,2016-11-16 ,0,27,16,33
595,682,2016-11-04 ,2016-10-31 ,1,27,17,33
596,683,2016-11-02 ,2016-11-02 ,1,27,18,43
597,684,2016-10-27 ,2016-10-27 ,1,27,21,33
598,685,2016-11-11 ,2016-11-11 ,0,27,19,
599,686,2016-11-04 ,2016-11-04 ,1,27,23,33
600,687,2016-11-09 ,2017-03-06 ,1,27,24,43
601,688,2016-11-09 ,2016-11-01 ,1,27,26,33
602,689,,,0,27,33,19
603,690,2016-11-10 ,2017-02-20 ,1,27,56,111
604,691,2016-11-02 ,2016-11-02 ,1,27,37,43
605,692,2016-11-01 ,2016-11-01 ,1,27,38,33
606,693,2016-10-27 ,2016-10-27 ,1,27,39,43
607,694,,,0,27,43,19
608,695,2016-10-25 ,2016-11-24 ,1,27,49,43
609,696,2016-10-28 ,2016-10-28 ,1,27,52,33
610,697,2016-10-28 ,2016-10-28 ,1,27,53,19
611,698,2016-10-28 ,2016-11-10 ,1,27,80,19
612,699,2016-10-28 ,2016-10-28 ,1,27,4,43
613,700,2016-11-02 ,2016-11-02 ,1,27,99,33
614,701,2016-10-28 ,2017-07-31 ,1,27,12,33
615,702,2016-10-26 ,2017-02-06 ,1,27,62,33
616,703,2016-11-09 ,2016-10-28 ,1,27,28,33
617,705,,,0,27,45,33
618,706,2016-10-28 ,2016-10-28 ,1,27,51,33
619,707,,2018-01-26 ,0,27,50,33
620,708,,2018-02-21 ,0,27,10,33
621,709,,2016-12-19 ,0,27,104,19
622,710,2016-10-25 ,2016-10-25 ,1,27,40,33
623,712,2016-11-09 ,2016-12-07 ,1,27,59,
624,713,2016-10-28 ,2018-01-16 ,1,27,110,33
625,714,,,0,27,111,43
626,715,2016-11-04 ,2016-11-04 ,1,27,30,33
627,717,2016-10-30 ,2017-02-13 ,1,27,105,33
628,718,2016-09-26 ,2017-04-24 ,1,27,81,33
629,719,2016-10-25 ,2016-10-25 ,1,27,25,43
630,720,2016-10-17 ,2020-08-21 ,1,25,25,43
631,721,2016-10-31 ,2017-02-20 ,1,27,89,43
632,722,2016-10-21 ,2016-11-08 ,1,25,124,104
633,723,2016-11-10 ,2016-11-10 ,0,27,124,104
634,724,2016-11-10 ,2019-02-20 ,1,27,57,104
635,725,2016-11-09 ,,1,27,47,33
636,726,2016-11-22 ,2017-02-22 ,0,27,126,104
637,727,,2017-05-22 ,0,25,126,104
638,728,2017-03-13 ,2017-11-16 ,0,28,60,
639,729,,,0,28,19,
640,730,,2017-03-06 ,0,28,59,
641,731,,,0,28,43,19
642,732,,,0,28,33,19
643,733,,,0,28,70,59
644,734,,2017-04-14 ,0,28,104,19
645,735,,,0,28,115,104
646,736,2017-03-14 ,2017-11-22 ,0,29,60,
647,737,2017-02-15 ,2017-02-15 ,1,29,2,43
648,738,2017-03-03 ,2017-03-03 ,1,29,7,43
649,739,2017-03-03 ,2017-03-03 ,1,29,63,104
650,740,2017-03-03 ,2017-03-28 ,1,29,79,43
651,741,2017-03-03 ,2017-03-03 ,1,29,9,43
652,742,2017-03-03 ,2017-05-03 ,1,29,11,43
653,743,2017-03-03 ,2017-10-20 ,1,29,55,80
654,745,2017-03-06 ,2017-06-19 ,1,29,17,33
655,746,2017-03-01 ,2017-03-01 ,1,29,18,43
656,747,2017-02-21 ,2017-02-21 ,1,29,21,33
657,748,2017-03-10 ,2017-03-10 ,1,29,19,
658,749,2017-03-06 ,2017-03-10 ,1,29,23,33
659,750,2017-03-06 ,2017-03-06 ,1,29,24,43
660,752,2017-02-28 ,2017-02-28 ,0,29,33,19
661,753,2017-03-09 ,2017-05-09 ,1,29,56,60
662,754,2017-02-28 ,2017-02-28 ,1,29,37,43
663,755,2017-03-02 ,2017-03-02 ,1,29,38,33
664,756,2017-03-02 ,2017-03-10 ,1,29,39,43
665,757,,,0,29,43,19
666,758,2017-03-04 ,2017-03-10 ,1,29,49,43
667,759,2017-03-03 ,2017-03-03 ,1,29,52,33
668,760,2017-03-06 ,2017-03-10 ,1,29,53,19
669,761,,2018-02-07 ,0,29,80,19
670,762,2017-03-03 ,2017-03-03 ,1,29,4,43
671,763,2017-03-03 ,2017-03-03 ,1,29,99,33
672,764,2017-03-09 ,2017-03-09 ,1,29,12,33
673,765,2017-02-09 ,2017-02-09 ,1,29,62,33
674,766,2017-03-03 ,2017-03-10 ,1,29,28,33
675,768,2017-03-03 ,2017-03-03 ,1,29,51,33
676,770,2017-03-06 ,2017-03-06 ,1,29,10,33
677,771,2017-03-09 ,2018-05-23 ,0,29,104,19
678,772,2017-02-28 ,2017-02-28 ,1,29,40,33
679,773,2017-03-06 ,2017-03-06 ,1,29,59,
680,774,2017-03-06 ,2018-02-14 ,1,29,110,33
681,776,2017-02-07 ,2017-02-07 ,1,29,30,33
682,777,2017-02-21 ,2017-03-16 ,1,29,105,33
683,778,,2017-03-03 ,0,29,81,33
684,779,2017-03-02 ,2017-03-02 ,1,29,25,43
685,780,2017-03-03 ,2017-03-15 ,1,29,89,43
686,781,2017-03-07 ,2017-03-07 ,1,29,124,104
687,782,2017-03-06 ,2017-03-22 ,1,29,57,104
688,783,,2017-03-05 ,0,29,47,33
689,784,2017-03-09 ,2017-05-15 ,1,29,126,104
690,785,,2017-10-16 ,0,25,16,33
691,786,2017-03-03 ,2018-05-25 ,1,29,112,33
692,787,2017-03-03 ,2018-02-26 ,1,29,93,33
693,788,2017-03-08 ,2017-03-08 ,1,29,26,33
694,789,2017-06-01 ,2017-11-16 ,0,30,60,
695,790,,,0,30,19,
696,791,,,0,30,59,
697,792,,2017-10-08 ,0,30,43,19
698,793,,,0,30,33,19
699,794,,,0,30,70,59
700,795,,2017-09-21 ,0,30,104,19
701,796,,,0,30,115,104
702,797,2017-06-09 ,2019-06-05 ,0,31,60,
703,798,2017-05-26 ,2017-08-30 ,1,31,2,43
704,800,2017-05-31 ,2017-05-31 ,1,31,63,104
705,801,2017-05-29 ,2017-09-28 ,1,31,79,43
706,802,2017-05-30 ,2017-05-29 ,1,31,9,43
707,803,2017-05-26 ,2017-06-06 ,1,31,11,43
708,804,2017-05-19 ,2017-10-12 ,1,31,55,80
709,805,2017-05-31 ,2017-05-16 ,1,31,17,33
710,806,2017-05-29 ,2017-05-29 ,1,31,18,43
711,807,2017-05-24 ,2017-05-23 ,1,31,21,33
712,808,,,0,31,19,
713,809,2017-05-27 ,2017-05-26 ,1,31,23,33
714,810,2017-05-30 ,2017-05-24 ,1,31,24,43
715,811,,,0,31,33,19
716,812,2017-05-29 ,2017-08-30 ,1,31,56,60
717,813,2017-05-29 ,2017-07-27 ,1,31,37,43
718,814,2017-05-22 ,2017-05-22 ,1,31,38,33
719,815,2017-05-24 ,2017-09-28 ,1,31,39,43
720,816,,,0,31,43,19
721,817,2017-05-26 ,2017-08-30 ,1,31,49,43
722,818,2017-05-24 ,2017-07-27 ,1,31,52,33
723,819,2017-05-24 ,2017-05-24 ,1,31,53,19
724,820,,2017-11-02 ,0,31,80,19
725,821,2017-05-26 ,2017-05-24 ,1,31,4,43
726,822,2017-05-19 ,2017-09-28 ,1,31,99,33
727,823,2017-05-26 ,2017-10-23 ,1,31,12,33
728,824,2017-05-31 ,2017-05-31 ,1,31,62,33
729,825,2017-05-25 ,2017-05-25 ,1,31,28,33
730,826,,2017-05-30 ,0,31,51,33
731,827,2017-05-26 ,2017-05-26 ,1,31,10,33
732,828,,2017-11-29 ,0,31,104,19
733,829,2017-05-24 ,2017-09-27 ,1,31,40,33
734,830,,2017-06-20 ,0,31,59,
735,831,2017-05-26 ,2018-01-16 ,1,31,110,33
736,832,2017-05-15 ,2017-05-15 ,1,31,30,33
737,833,2017-05-24 ,2017-05-24 ,1,31,105,33
738,834,,,0,31,81,33
739,835,2017-05-26 ,2017-10-08 ,1,31,25,43
740,836,,2017-11-06 ,0,31,89,43
741,837,2017-05-31 ,2017-05-31 ,1,31,124,104
742,838,2017-05-29 ,2017-05-31 ,1,31,57,104
743,839,2017-05-30 ,2017-05-26 ,1,31,47,33
744,840,2017-05-22 ,2017-08-18 ,1,31,126,104
745,841,2017-05-24 ,2017-08-07 ,1,31,112,33
746,842,2017-05-24 ,2017-06-29 ,1,31,93,33
747,843,2017-05-26 ,2017-05-26 ,1,31,26,33
748,844,2017-05-28 ,2017-05-25 ,1,31,3,33
749,845,2017-11-13 ,2018-02-01 ,0,32,60,
750,846,,,0,32,19,
751,847,,,0,32,59,
752,848,,,0,32,43,19
753,849,,,0,32,33,19
754,850,,,0,32,70,59
755,851,,,0,32,104,19
756,852,,,0,32,115,104
757,853,2017-11-16 ,2019-06-07 ,0,33,60,
758,854,2017-10-27 ,2019-11-05 ,1,33,2,43
759,855,2017-10-18 ,2018-10-31 ,1,33,63,104
760,856,2017-11-09 ,2018-03-29 ,1,33,79,43
761,857,2017-11-08 ,2018-09-19 ,1,33,9,43
762,858,2017-11-07 ,2017-11-07 ,1,33,11,43
763,859,2017-11-03 ,2020-06-15 ,1,33,55,80
764,860,,2017-11-07 ,0,33,17,33
765,861,2017-11-08 ,2018-01-03 ,1,33,18,43
766,862,2017-10-20 ,2018-08-29 ,1,33,21,33
767,863,2017-11-10 ,2017-11-10 ,1,33,19,
768,864,2017-11-08 ,2017-11-08 ,1,33,23,33
769,865,2017-11-07 ,2017-11-07 ,1,33,24,43
770,866,,,0,33,33,19
771,867,2017-11-01 ,2017-11-01 ,1,33,37,43
772,868,2017-11-03 ,2017-11-06 ,1,33,38,33
773,869,2017-11-02 ,2017-11-02 ,1,33,39,43
774,870,,,0,33,43,19
775,871,2017-11-04 ,2017-11-04 ,1,33,49,43
776,872,2017-11-02 ,2018-06-26 ,1,33,52,33
777,873,2017-11-07 ,2017-11-07 ,1,33,53,19
778,874,2017-11-06 ,2017-11-13 ,1,33,80,19
779,875,2017-11-07 ,2017-11-07 ,1,33,4,43
780,876,2017-10-26 ,2018-01-15 ,1,33,99,33
781,877,,2017-11-08 ,0,33,12,33
782,878,2017-09-28 ,2018-10-24 ,1,33,62,33
783,879,2017-11-08 ,2018-11-02 ,1,33,28,33
784,880,2017-10-26 ,2017-10-26 ,1,33,51,33
785,881,,2017-11-07 ,0,33,10,33
786,882,,,0,33,104,19
787,883,2017-10-26 ,2018-02-21 ,1,33,40,33
788,884,,,0,33,59,
789,885,2017-11-07 ,2020-02-24 ,1,33,110,33
790,886,2017-11-06 ,2017-11-06 ,1,33,30,33
791,887,2017-10-23 ,2017-10-23 ,1,33,105,33
792,888,,2017-11-14 ,0,33,81,33
793,889,2017-11-06 ,2019-01-22 ,1,33,25,43
794,890,2017-11-07 ,2018-11-02 ,1,33,89,43
795,891,,2018-02-26 ,0,33,124,104
796,892,2017-10-30 ,2019-03-11 ,1,33,57,104
797,893,,2017-11-08 ,0,33,47,33
798,894,,,0,33,126,104
799,895,2017-11-09 ,2020-08-20 ,1,33,112,33
800,896,2017-10-27 ,2018-11-02 ,1,33,93,33
801,897,2017-11-07 ,2017-10-31 ,1,33,26,33
802,898,2017-11-07 ,2020-08-28 ,1,33,3,33
803,899,2017-11-16 ,2018-11-29 ,0,34,60,
804,900,,,0,34,19,
805,901,,2018-04-19 ,0,34,59,
806,902,,,0,34,43,19
807,903,,,0,34,33,19
808,904,,,0,34,70,59
809,905,,,0,34,104,19
810,906,,,0,34,115,104
811,907,2017-11-15 ,2019-04-22 ,0,35,60,
812,908,2017-11-01 ,2019-11-05 ,1,35,2,43
813,909,,2018-03-02 ,0,35,63,104
814,910,2017-11-09 ,2017-12-05 ,1,35,79,43
815,911,2017-11-08 ,2018-03-02 ,1,35,9,43
816,912,2017-11-07 ,2018-01-25 ,1,35,11,43
817,913,2017-11-08 ,2018-09-21 ,1,35,55,80
818,914,,2017-11-07 ,0,35,17,33
819,915,2017-11-09 ,2017-11-30 ,1,35,18,43
820,916,2017-11-07 ,2018-01-31 ,1,35,21,33
821,917,2017-11-10 ,2017-11-10 ,1,35,19,
822,918,2017-11-08 ,2017-11-08 ,1,35,23,33
823,919,2017-11-07 ,2017-11-08 ,1,35,24,43
824,920,,2020-11-03 ,0,35,33,19
825,921,2017-11-08 ,2017-11-08 ,1,35,37,43
826,922,2017-11-06 ,2017-11-06 ,1,35,38,33
827,923,2017-11-02 ,2017-11-02 ,1,35,39,43
828,924,,,0,35,43,19
829,925,2017-11-04 ,2017-11-04 ,1,35,49,43
830,926,2017-11-02 ,2017-11-02 ,1,35,52,33
831,927,2017-11-07 ,2017-11-07 ,1,35,53,19
832,928,2017-11-03 ,2018-11-12 ,1,35,80,19
833,929,2017-11-08 ,2017-11-08 ,1,35,4,43
834,930,2017-11-06 ,2018-01-15 ,1,35,99,33
835,931,,2017-11-08 ,0,35,12,33
836,932,2017-11-07 ,2018-01-29 ,1,35,62,33
837,933,2017-11-07 ,2017-10-23 ,1,35,28,33
838,934,2017-10-26 ,2017-10-26 ,1,35,51,33
839,935,,2017-11-07 ,0,35,10,33
840,936,,2019-02-04 ,0,35,104,19
841,937,2017-10-26 ,2018-02-01 ,1,35,40,33
842,938,,,0,35,59,
843,939,2017-11-07 ,2018-03-05 ,1,35,110,33
844,940,2017-10-18 ,2017-11-06 ,1,35,30,33
845,941,2017-10-23 ,2017-10-23 ,1,35,105,33
846,942,,2019-01-25 ,0,35,81,33
847,943,2017-11-06 ,2018-02-27 ,1,35,25,43
848,944,2017-11-07 ,2018-03-02 ,1,35,89,43
849,945,,,0,35,124,104
850,946,2017-10-30 ,2018-02-14 ,1,35,57,104
851,948,,,0,35,126,104
852,949,2017-11-09 ,2018-02-14 ,1,35,112,33
853,950,2017-10-27 ,2017-10-27 ,1,35,93,33
854,951,2017-11-07 ,2017-10-31 ,1,35,26,33
855,952,2017-11-07 ,2017-11-06 ,1,35,3,33
856,953,2017-11-08 ,2018-11-06 ,1,35,56,111
857,954,2017-11-03 ,2018-02-01 ,1,35,13,33
858,955,2017-11-09 ,2018-11-27 ,1,35,140,60
859,956,2017-11-08 ,2018-10-05 ,1,33,56,111
860,957,2017-11-03 ,2017-11-02 ,1,33,13,33
861,958,2017-11-09 ,2018-02-23 ,1,33,140,60
862,959,2017-11-06 ,2018-01-17 ,1,35,36,33
863,960,2017-11-07 ,2018-10-16 ,1,33,36,33
864,961,,2017-10-27 ,0,31,140,60
865,962,2017-11-05 ,2017-11-05 ,1,35,141,33
866,963,2017-10-17 ,2017-11-05 ,1,33,141,33
867,964,2017-10-18 ,2017-10-18 ,1,35,116,33
868,965,2017-10-18 ,2017-10-18 ,1,33,116,33
869,966,2017-11-06 ,2018-02-22 ,1,35,142,33
870,967,2017-11-06 ,2018-10-18 ,1,33,142,33
871,968,2017-11-09 ,2018-02-28 ,1,33,84,33
872,969,2017-11-09 ,2017-11-09 ,1,35,84,33
873,970,,2018-10-22 ,0,33,138,33
874,971,,,0,35,138,33
875,972,,,0,36,60,
876,980,2018-03-12 ,2019-06-07 ,0,37,60,
877,981,2018-03-01 ,2018-02-27 ,1,37,2,43
878,982,2018-03-02 ,2018-03-02 ,1,37,63,104
879,983,2018-03-01 ,2018-03-01 ,1,37,79,43
880,984,2018-03-02 ,2018-03-05 ,1,37,9,43
881,985,2018-03-02 ,2018-03-01 ,1,37,11,43
882,986,2018-02-21 ,2018-10-14 ,1,37,55,80
883,988,2018-02-21 ,2018-02-21 ,1,37,18,43
884,989,2018-03-02 ,2018-03-02 ,1,37,21,33
885,990,,,0,37,19,
886,991,2018-02-27 ,2018-03-07 ,1,37,23,33
887,992,2018-03-05 ,2018-03-05 ,1,37,24,43
888,993,,,0,37,33,19
889,994,2018-03-05 ,2018-03-05 ,1,37,37,43
890,995,2018-02-21 ,2018-02-21 ,1,37,38,33
891,996,2018-02-27 ,2018-02-26 ,1,37,39,43
892,997,,,0,37,43,19
893,998,2018-02-28 ,2018-02-27 ,1,37,49,43
894,999,2018-03-01 ,2018-06-26 ,1,37,52,33
895,1000,2018-03-02 ,2018-03-02 ,1,37,53,19
896,1001,,2018-11-12 ,0,37,80,19
897,1002,2018-02-28 ,2018-02-26 ,1,37,4,43
898,1003,2018-02-27 ,2018-02-27 ,1,37,99,33
899,1004,,2018-03-05 ,0,37,12,33
900,1005,2018-02-27 ,2018-10-24 ,1,37,62,33
901,1006,2018-03-02 ,2018-02-28 ,1,37,28,33
902,1007,2018-03-02 ,2018-03-02 ,1,37,51,33
903,1008,2018-03-05 ,2018-03-07 ,1,37,10,33
904,1009,,2018-10-23 ,0,37,104,19
905,1010,2018-03-01 ,2018-03-26 ,1,37,40,33
906,1011,,2018-11-06 ,0,37,59,
907,1012,2018-03-06 ,2018-05-24 ,1,37,110,33
908,1013,2018-03-05 ,2018-05-02 ,1,37,30,33
909,1014,2018-03-02 ,2018-02-27 ,1,37,105,33
910,1016,2018-02-27 ,2018-02-27 ,1,37,25,43
911,1017,2018-03-05 ,2018-03-05 ,1,37,89,43
912,1018,2018-03-02 ,2018-02-26 ,1,37,124,104
913,1019,2018-03-02 ,2018-05-31 ,1,37,57,104
914,1020,,,0,37,126,104
915,1021,2018-02-21 ,2018-05-25 ,1,37,112,33
916,1022,2018-03-02 ,2018-02-26 ,1,37,93,33
917,1023,2018-02-23 ,2018-02-23 ,1,37,26,33
918,1024,2018-03-02 ,2018-04-09 ,1,37,3,33
919,1025,2018-02-18 ,2018-04-30 ,1,37,56,111
920,1026,2018-03-02 ,2018-03-02 ,1,37,13,33
921,1027,2018-02-28 ,2018-05-01 ,1,37,140,60
922,1028,2018-03-02 ,2018-02-26 ,1,37,36,33
923,1029,2018-03-01 ,2018-03-01 ,1,37,141,33
924,1030,2018-03-05 ,2018-03-05 ,1,37,116,33
925,1031,2018-03-02 ,2018-03-02 ,1,37,142,33
926,1032,2018-03-05 ,2018-06-04 ,1,37,84,33
927,1033,,2018-06-11 ,0,37,138,33
928,1034,2018-03-01 ,2018-03-01 ,1,37,135,43
929,1035,2018-03-08 ,2018-04-23 ,1,37,148,33
930,1036,,2018-03-26 ,0,38,60,
931,1037,2018-06-14 ,2019-06-07 ,0,39,60,
932,1038,2018-06-05 ,2018-06-05 ,1,39,2,43
933,1039,,2018-06-04 ,0,39,63,104
934,1040,2018-06-04 ,2018-06-04 ,1,39,79,43
935,1041,2018-06-06 ,2018-08-19 ,1,39,9,43
936,1042,2018-06-06 ,2018-06-05 ,1,39,11,43
937,1043,2018-05-14 ,2018-10-29 ,1,39,55,80
938,1044,2018-06-06 ,2018-06-06 ,1,39,18,43
939,1045,2018-06-05 ,2018-06-05 ,1,39,21,33
940,1046,,2018-04-10 ,0,39,19,
941,1047,2018-06-05 ,2018-06-05 ,1,39,23,33
942,1048,2018-06-05 ,2018-05-29 ,1,39,24,43
943,1049,,,0,39,33,19
944,1050,2018-05-31 ,2018-05-25 ,1,39,37,43
945,1051,2018-05-31 ,2018-05-31 ,1,39,38,33
946,1052,2018-06-04 ,2018-05-31 ,1,39,39,43
947,1053,,,0,39,43,19
948,1054,2018-06-04 ,2018-06-04 ,1,39,49,43
949,1055,2018-06-04 ,2018-06-26 ,1,39,52,33
950,1056,2018-06-05 ,2018-06-05 ,1,39,53,19
951,1057,2018-05-16 ,2018-11-12 ,1,39,80,19
952,1058,2018-06-05 ,2018-06-04 ,1,39,4,43
953,1059,2018-06-05 ,2018-06-05 ,1,39,99,33
954,1060,,,0,39,12,33
955,1061,2018-05-15 ,2018-05-15 ,1,39,62,33
956,1062,2018-06-05 ,2018-07-26 ,1,39,28,33
957,1063,2018-06-05 ,2018-06-05 ,1,39,51,33
958,1064,2018-05-17 ,2018-05-24 ,1,39,10,33
959,1065,,2018-10-23 ,0,39,104,19
960,1066,2018-05-29 ,2018-05-29 ,1,39,40,33
961,1068,2018-06-04 ,2018-06-27 ,1,39,110,33
962,1069,2018-05-25 ,2018-05-30 ,1,39,30,33
963,1070,2018-06-01 ,2018-06-01 ,1,39,105,33
964,1071,2018-06-02 ,2019-02-05 ,1,39,25,43
965,1072,2018-06-06 ,2018-07-02 ,1,39,89,43
966,1073,2018-06-01 ,2018-05-31 ,1,39,124,104
967,1074,2018-05-31 ,2018-05-31 ,1,39,57,104
968,1075,,,0,39,126,104
969,1076,2018-05-25 ,2018-06-04 ,1,39,112,33
970,1077,2018-06-01 ,2018-06-01 ,1,39,93,33
971,1078,2018-06-04 ,2018-05-31 ,1,39,26,33
972,1079,2018-06-06 ,2018-06-06 ,1,39,3,33
973,1080,2018-06-06 ,2018-11-06 ,1,39,56,111
974,1081,2018-05-16 ,2018-10-22 ,1,39,13,33
975,1082,2018-06-04 ,2019-01-15 ,1,39,140,60
976,1083,2018-05-14 ,2018-05-14 ,1,39,36,33
977,1084,2018-06-04 ,2018-06-04 ,1,39,141,33
978,1085,2018-06-04 ,2018-06-04 ,1,39,116,33
979,1086,2018-06-08 ,2019-02-05 ,1,39,142,33
980,1087,2018-06-05 ,2018-06-04 ,1,39,84,33
981,1088,2018-06-06 ,2018-06-11 ,1,39,138,33
982,1090,2018-06-04 ,2018-10-11 ,1,39,148,33
983,1091,,2018-11-12 ,0,39,152,60
984,1092,,,0,37,152,60
985,1093,,2018-11-15 ,0,35,152,60
986,1094,2018-06-08 ,2018-06-08 ,1,39,48,33
987,1095,2018-11-13 ,2019-08-26 ,0,41,60,
988,1096,2018-10-26 ,2019-11-05 ,1,41,2,43
989,1097,2018-11-05 ,2021-09-09 ,1,41,63,104
990,1098,2018-11-05 ,2018-11-05 ,1,41,79,43
991,1099,2018-11-02 ,2018-11-02 ,1,41,9,43
992,1100,2018-10-30 ,2020-03-24 ,1,41,11,43
993,1101,2018-10-24 ,2021-08-25 ,1,41,55,80
994,1102,2018-11-05 ,2018-12-03 ,1,41,18,43
995,1103,2018-10-31 ,2018-10-31 ,1,41,21,33
996,1104,2018-11-05 ,2021-03-08 ,0,41,19,
997,1105,2018-11-02 ,2018-10-16 ,1,41,23,33
998,1106,2018-11-04 ,2018-11-02 ,1,41,24,43
999,1107,,,0,41,33,19
1000,1108,2018-10-26 ,2018-10-26 ,1,41,37,43
1001,1109,2018-10-22 ,2021-08-31 ,1,41,38,33
1002,1110,2018-11-15 ,2018-11-15 ,1,41,39,43
1003,1111,,,0,41,43,19
1004,1112,2018-10-30 ,2018-11-02 ,1,41,49,43
1005,1113,2018-11-05 ,2018-11-08 ,1,41,52,33
1006,1114,2018-11-03 ,2018-11-06 ,1,41,53,19
1007,1115,2018-11-05 ,2018-11-12 ,1,41,80,19
1008,1116,2018-10-31 ,2018-10-26 ,1,41,4,43
1009,1118,,,0,41,12,33
1010,1119,2018-10-24 ,2022-12-22 ,1,41,62,33
1011,1120,2018-11-02 ,2019-06-03 ,1,41,28,33
1012,1122,2018-10-24 ,2018-10-24 ,1,41,10,33
1013,1123,,2019-06-11 ,0,41,104,19
1014,1124,2018-10-31 ,2018-10-31 ,1,41,40,33
1015,1125,2018-11-02 ,2020-12-20 ,1,41,110,33
1016,1126,2018-10-19 ,2018-10-24 ,1,41,30,33
1017,1127,2018-10-27 ,2018-10-29 ,1,41,105,33
1018,1128,2018-10-26 ,2023-06-15 ,1,41,25,43
1019,1129,2018-11-02 ,2019-12-17 ,1,41,89,43
1020,1130,2018-10-29 ,2018-10-29 ,1,41,124,104
1021,1131,2018-11-02 ,2019-10-30 ,1,41,57,104
1022,1133,2018-11-05 ,2019-03-19 ,1,41,112,33
1023,1134,2018-11-02 ,2018-11-02 ,1,41,93,33
1024,1135,2018-11-02 ,2018-10-02 ,1,41,26,33
1025,1136,2018-11-05 ,2019-06-03 ,1,41,3,33
1026,1137,2018-10-25 ,2020-09-02 ,1,41,56,111
1027,1138,2018-10-22 ,2018-10-24 ,1,41,13,33
1028,1139,2018-11-09 ,2019-09-20 ,1,41,140,60
1029,1140,2018-10-18 ,2018-10-16 ,1,41,36,33
1030,1141,2018-11-04 ,2018-11-12 ,1,41,141,33
1031,1142,2018-11-05 ,2018-11-05 ,1,41,116,33
1032,1143,2018-11-02 ,2022-07-06 ,1,41,142,33
1033,1144,2018-11-06 ,2018-11-06 ,1,41,84,33
1034,1145,2018-10-26 ,2018-11-13 ,1,41,138,33
1035,1146,2018-11-02 ,2019-06-03 ,1,41,148,33
1036,1147,,2019-04-04 ,0,41,152,60
1037,1148,2018-11-05 ,2018-11-05 ,1,41,48,33
1038,1149,2018-11-26 ,2019-06-07 ,0,42,60,
1039,1150,2018-11-07 ,2018-11-07 ,1,42,2,43
1040,1151,2018-11-05 ,2018-11-05 ,1,42,63,104
1041,1152,2018-11-05 ,2018-11-14 ,1,42,79,43
1042,1153,2018-11-02 ,2019-03-01 ,1,42,9,43
1043,1154,2018-10-30 ,2018-12-20 ,1,42,11,43
1044,1155,2018-10-24 ,2021-02-25 ,1,42,55,80
1045,1156,2018-11-09 ,2018-11-09 ,1,42,18,43
1046,1157,2018-10-31 ,2018-10-31 ,1,42,21,33
1047,1158,,,0,42,19,
1048,1159,2018-11-05 ,2018-11-02 ,1,42,23,33
1049,1160,2018-11-04 ,2019-06-03 ,1,42,24,43
1050,1161,,,0,42,33,19
1051,1162,2018-11-01 ,2020-01-13 ,1,42,37,43
1052,1163,2018-10-29 ,2018-10-23 ,1,42,38,33
1053,1164,2018-11-15 ,2018-11-15 ,1,42,39,43
1054,1165,,2019-11-15 ,0,42,43,19
1055,1166,2018-11-02 ,2019-02-08 ,1,42,49,43
1056,1167,2018-11-05 ,2018-11-05 ,1,42,52,33
1057,1168,2018-11-06 ,2018-11-28 ,1,42,53,19
1058,1169,2018-11-05 ,2018-11-12 ,1,42,80,19
1059,1170,2018-10-31 ,2018-10-31 ,1,42,4,43
1060,1173,2018-11-05 ,2018-11-05 ,1,42,62,33
1061,1174,2018-11-03 ,2018-11-02 ,1,42,28,33
1062,1176,2018-11-05 ,2018-11-05 ,1,42,10,33
1063,1177,,2019-06-11 ,0,42,104,19
1064,1178,2018-10-31 ,2018-11-08 ,1,42,40,33
1065,1179,2018-11-02 ,2019-08-20 ,1,42,110,33
1066,1180,2018-10-24 ,2018-10-24 ,1,42,30,33
1067,1181,2018-10-29 ,2020-08-27 ,1,42,105,33
1068,1182,2018-10-26 ,2019-01-22 ,1,42,25,43
1069,1183,2018-11-02 ,2023-12-12 ,1,42,89,43
1070,1184,2018-10-29 ,2018-10-29 ,1,42,124,104
1071,1185,2018-11-02 ,2019-03-05 ,1,42,57,104
1072,1187,2018-11-05 ,2019-05-06 ,1,42,112,43
1073,1188,2018-11-02 ,2018-11-02 ,1,42,93,33
1074,1189,2018-11-05 ,2018-11-05 ,1,42,26,33
1075,1190,2018-11-05 ,2018-11-05 ,1,42,3,33
1076,1191,2018-11-08 ,2020-08-27 ,1,42,56,111
1077,1192,,2018-11-09 ,0,42,13,33
1078,1193,2018-11-09 ,2019-09-10 ,1,42,140,60
1079,1195,2018-11-05 ,2020-04-21 ,1,42,141,33
1080,1196,2018-11-05 ,2018-11-05 ,1,42,116,33
1081,1197,2018-11-08 ,2021-06-17 ,1,42,142,33
1082,1198,2018-11-06 ,2018-11-06 ,1,42,84,33
1083,1199,2018-10-26 ,2018-11-13 ,1,42,138,33
1084,1200,2018-11-02 ,2018-11-02 ,1,42,148,33
1085,1201,2018-11-12 ,2019-02-27 ,1,42,152,60
1086,1202,2018-11-05 ,2018-11-05 ,1,42,48,33
1087,1203,2018-10-30 ,2018-10-30 ,1,42,47,33
1088,1204,2018-10-30 ,2018-10-30 ,1,41,47,33
1089,1205,2019-03-19 ,2019-09-16 ,0,43,60,
1090,1206,2019-02-28 ,2020-05-29 ,1,43,2,43
1091,1207,2019-03-04 ,2019-04-29 ,1,43,63,104
1092,1209,2019-03-06 ,2019-03-01 ,1,43,9,33
1093,1210,,2019-01-31 ,0,43,11,43
1094,1211,2019-03-11 ,2019-03-29 ,0,43,55,80
1095,1212,2019-02-22 ,2019-02-22 ,1,43,18,43
1096,1213,2019-03-05 ,2019-03-05 ,1,43,21,33
1097,1214,,,0,43,19,
1098,1215,2019-02-28 ,2019-02-28 ,1,43,23,33
1099,1216,2019-03-03 ,2019-03-01 ,1,43,24,33
1100,1217,,,0,43,33,19
1101,1218,2019-03-01 ,2019-02-26 ,1,43,37,43
1102,1219,2019-03-04 ,2019-03-04 ,1,43,38,33
1103,1220,2019-02-26 ,2019-02-26 ,1,43,39,43
1104,1221,,,0,43,43,19
1105,1222,2019-03-01 ,2019-05-07 ,1,43,49,43
1106,1223,2019-03-05 ,2019-03-05 ,1,43,52,33
1107,1224,2019-03-13 ,2019-03-13 ,1,43,53,19
1108,1225,,2020-06-23 ,0,43,80,19
1109,1227,2019-02-26 ,2019-02-26 ,1,43,62,33
1110,1228,2019-03-07 ,2019-03-07 ,1,43,28,33
1111,1229,2019-03-07 ,2019-03-07 ,1,43,10,33
1112,1230,,2019-04-17 ,0,43,104,19
1113,1231,2019-02-26 ,2020-03-09 ,1,43,40,33
1114,1232,2019-03-04 ,2019-09-03 ,1,43,110,33
1115,1233,2019-02-19 ,2019-02-19 ,1,43,30,33
1116,1235,2019-02-26 ,2019-03-05 ,1,43,25,43
1117,1236,2019-03-01 ,2019-03-01 ,1,43,89,43
1118,1237,,,0,43,124,104
1119,1238,2019-03-07 ,2019-03-07 ,1,43,57,104
1120,1239,2019-03-01 ,2019-05-06 ,1,43,112,33
1121,1240,2019-03-04 ,2019-03-04 ,1,43,93,33
1122,1241,2019-02-22 ,2019-02-20 ,1,43,26,33
1123,1242,2019-03-02 ,2021-04-12 ,1,43,3,33
1124,1243,2019-02-25 ,2020-08-26 ,1,43,56,152
1125,1244,,2019-02-26 ,0,43,13,43
1126,1245,2019-03-04 ,2019-09-10 ,1,43,140,152
1127,1246,2019-03-03 ,2019-03-20 ,1,43,141,33
1128,1247,2019-02-27 ,2019-02-27 ,1,43,116,43
1129,1248,2019-02-28 ,2019-04-10 ,1,43,142,33
1130,1249,2019-03-01 ,2022-05-11 ,1,43,84,33
1131,1250,2019-03-07 ,2019-05-23 ,1,43,138,33
1132,1251,2019-03-04 ,2019-03-04 ,1,43,148,33
1133,1252,2019-03-07 ,2019-09-04 ,1,43,152,60
1134,1254,2019-02-28 ,2019-02-28 ,1,43,47,33
1135,1255,2019-03-04 ,2019-04-04 ,1,43,149,43
1136,1256,,2019-04-23 ,0,41,149,43
1137,1257,2019-03-01 ,2021-07-01 ,1,43,50,33
1138,1258,,2021-05-05 ,0,43,20,33
1139,1259,2019-06-17 ,2019-09-16 ,0,44,60,
1140,1260,2019-05-31 ,2019-11-05 ,1,44,2,43
1141,1261,,2019-06-18 ,0,44,63,104
1142,1262,2019-06-04 ,2019-08-29 ,1,44,9,33
1143,1263,,,0,44,11,43
1144,1264,2019-06-03 ,2019-07-04 ,0,44,55,80
1145,1265,2019-05-28 ,2019-05-21 ,1,44,18,43
1146,1266,2019-06-04 ,2019-06-04 ,1,44,21,33
1147,1267,2019-06-07 ,2019-06-07 ,1,44,19,
1148,1268,2019-05-31 ,2019-05-31 ,1,44,23,33
1149,1269,2019-06-03 ,2019-06-02 ,1,44,24,33
1150,1270,2019-06-05 ,2019-06-05 ,1,44,33,19
1151,1271,2019-05-30 ,2019-05-30 ,1,44,37,43
1152,1272,2019-05-29 ,2019-05-29 ,1,44,38,33
1153,1273,2019-05-31 ,2019-06-18 ,1,44,39,43
1154,1274,,,0,44,43,19
1155,1275,2019-06-04 ,2019-06-04 ,1,44,49,43
1156,1276,2019-06-03 ,2019-06-03 ,1,44,52,33
1157,1277,2019-06-03 ,2019-06-03 ,1,44,53,19
1158,1278,,2019-08-22 ,0,44,80,19
1159,1279,2019-05-29 ,2019-05-29 ,1,44,62,33
1160,1280,2019-06-03 ,2019-06-03 ,1,44,28,33
1161,1281,2019-06-04 ,2019-06-04 ,1,44,10,33
1162,1282,2019-06-11 ,2019-06-11 ,1,44,104,19
1163,1283,2019-06-03 ,2019-10-14 ,1,44,40,33
1164,1284,2019-06-03 ,2020-05-31 ,1,44,110,33
1165,1285,2019-06-03 ,2019-06-03 ,1,44,30,33
1166,1286,2019-05-28 ,2019-09-20 ,1,44,25,43
1167,1287,2019-05-28 ,2019-05-28 ,1,44,89,43
1168,1288,,,0,44,124,104
1169,1289,2019-05-22 ,2019-08-29 ,1,44,57,104
1170,1290,2019-05-31 ,2019-08-09 ,1,44,112,33
1171,1291,2019-05-31 ,2019-05-31 ,1,44,93,33
1172,1292,2019-06-03 ,2019-06-03 ,1,44,26,33
1173,1293,2019-06-03 ,2019-06-03 ,1,44,3,33
1174,1294,2019-05-24 ,2019-06-25 ,1,44,56,152
1175,1295,2019-05-28 ,2019-05-28 ,1,44,13,43
1176,1296,2019-06-03 ,2019-07-01 ,1,44,140,152
1177,1297,2019-05-30 ,2019-05-28 ,1,44,141,33
1178,1298,2019-05-31 ,2019-05-31 ,1,44,116,43
1179,1299,2019-05-28 ,2019-06-18 ,1,44,142,33
1180,1300,2019-05-31 ,2023-06-14 ,1,44,84,33
1181,1301,2019-05-28 ,2019-05-23 ,1,44,138,33
1182,1302,2019-06-04 ,2019-06-04 ,1,44,148,33
1183,1303,2019-05-29 ,2019-11-04 ,1,44,152,60
1184,1304,2019-05-21 ,2019-05-21 ,1,44,47,33
1185,1305,2019-05-31 ,2019-05-28 ,1,44,149,43
1186,1306,2019-06-03 ,2019-06-03 ,1,44,50,33
1187,1307,2019-06-03 ,2019-06-04 ,1,44,20,33
1188,1308,,2019-06-11 ,0,44,161,43
1189,1309,2019-06-04 ,2019-06-04 ,1,44,81,33
1190,1310,2019-06-24 ,2019-09-17 ,0,45,60,
1191,1311,2019-10-24 ,2019-11-05 ,1,45,2,43
1192,1312,2019-10-30 ,2021-10-07 ,1,45,63,104
1193,1313,2019-10-27 ,2019-10-27 ,1,45,9,33
1194,1314,2019-10-23 ,2023-02-28 ,1,45,11,43
1195,1315,2019-10-20 ,2022-03-24 ,1,45,55,80
1196,1316,2019-10-27 ,2019-10-27 ,1,45,18,43
1197,1317,2019-10-30 ,2019-10-30 ,1,45,21,33
1198,1318,2019-11-07 ,2019-11-07 ,1,45,19,
1199,1319,2019-10-28 ,2019-10-28 ,1,45,23,33
1200,1320,2019-10-28 ,2019-10-28 ,1,45,24,33
1201,1321,,2019-11-04 ,0,45,33,19
1202,1322,2019-10-28 ,2019-10-22 ,1,45,37,43
1203,1323,2019-10-01 ,2019-11-06 ,1,45,38,33
1204,1324,2019-10-17 ,2019-10-17 ,1,45,39,43
1205,1325,,2019-07-18 ,0,45,43,19
1206,1326,2019-10-24 ,2019-10-24 ,1,45,49,43
1207,1327,2019-10-27 ,2019-10-27 ,1,45,52,33
1208,1328,,,0,45,53,19
1209,1329,,2019-12-12 ,0,45,80,19
1210,1330,2019-10-01 ,2020-01-06 ,1,45,62,33
1211,1331,2019-10-24 ,2019-10-24 ,1,45,28,33
1212,1332,,2019-10-28 ,0,45,10,33
1213,1334,2019-10-28 ,2020-08-27 ,1,45,40,33
1214,1335,2019-10-25 ,2020-08-27 ,1,45,110,33
1215,1336,2019-10-24 ,2020-01-03 ,1,45,30,33
1216,1337,2019-11-07 ,2020-03-24 ,1,45,25,43
1217,1338,2019-10-21 ,2020-11-16 ,1,45,89,43
1218,1339,,,0,45,124,104
1219,1340,2019-10-31 ,2020-04-03 ,1,45,57,104
1220,1341,2019-10-21 ,2020-08-25 ,1,45,112,33
1221,1342,,,0,45,93,33
1222,1343,2019-10-25 ,2019-10-25 ,1,45,26,33
1223,1344,2019-10-27 ,2019-10-27 ,1,45,3,33
1224,1345,2019-10-17 ,2020-09-02 ,1,45,56,152
1225,1346,2019-10-22 ,2019-10-22 ,1,45,13,43
1226,1347,2019-10-03 ,2020-09-02 ,0,45,140,152
1227,1348,2019-10-27 ,2023-04-03 ,1,45,141,33
1228,1349,2019-10-24 ,2019-10-24 ,1,45,116,43
1229,1350,2019-10-25 ,2022-07-06 ,1,45,142,33
1230,1351,,2020-01-13 ,0,45,84,33
1231,1352,2019-10-24 ,2019-12-06 ,1,45,138,33
1232,1353,2019-10-28 ,2020-02-09 ,1,45,148,33
1233,1354,2019-10-21 ,2019-11-28 ,1,45,152,60
1234,1355,,2019-10-28 ,0,45,47,33
1235,1356,2019-10-29 ,2022-01-25 ,1,45,149,43
1236,1357,,2019-10-28 ,0,45,50,33
1237,1358,2019-11-07 ,2020-01-14 ,1,45,20,33
1238,1359,2019-11-07 ,2020-10-26 ,1,45,161,43
1239,1360,,,0,45,81,33
1240,1361,2019-11-08 ,2023-03-23 ,1,45,165,164
1241,1362,,2019-11-25 ,0,44,165,164
1242,1363,,2020-10-20 ,0,43,165,164
1243,1364,,2019-10-15 ,0,41,165,164
1244,1365,,2020-11-03 ,0,42,165,164
1245,1366,,2019-10-10 ,0,44,130,19
1246,1367,,2020-02-05 ,0,45,130,19
1247,1368,,2019-09-02 ,0,46,60,
1248,1369,2019-10-24 ,2023-06-12 ,1,46,2,43
1249,1370,2019-11-12 ,2021-10-20 ,1,46,63,104
1250,1371,2019-10-27 ,2020-01-28 ,1,46,9,33
1251,1372,2019-10-23 ,2020-03-31 ,0,46,11,43
1252,1373,2019-11-08 ,2021-02-25 ,0,46,55,80
1253,1374,2019-10-27 ,2019-10-27 ,1,46,18,43
1254,1375,2019-10-29 ,2020-01-28 ,1,46,21,33
1255,1376,,,0,46,19,
1256,1377,2019-10-28 ,2020-04-17 ,1,46,23,33
1257,1378,,2020-01-16 ,0,46,24,33
1258,1379,,,0,46,33,19
1259,1380,2019-10-28 ,2020-01-13 ,1,46,37,43
1260,1381,2019-10-21 ,2020-01-28 ,0,46,38,33
1261,1382,2019-10-24 ,2019-10-24 ,1,46,39,43
1262,1383,,,0,46,43,19
1263,1384,2019-10-24 ,2019-10-24 ,1,46,49,43
1264,1385,2019-10-27 ,2019-10-27 ,1,46,52,33
1265,1386,,,0,46,53,19
1266,1387,,2019-12-02 ,0,46,80,19
1267,1388,2020-01-06 ,2020-10-19 ,0,46,62,33
1268,1389,,2020-01-28 ,0,46,28,33
1269,1390,,,0,46,10,33
1270,1391,2019-10-28 ,2020-06-30 ,1,46,40,33
1271,1392,2019-10-25 ,2020-10-07 ,1,46,110,33
1272,1393,2019-10-23 ,2020-04-21 ,1,46,30,33
1273,1394,2019-10-28 ,2020-03-03 ,1,46,25,43
1274,1395,2019-10-21 ,2020-01-28 ,1,46,89,43
1275,1396,,,0,46,124,104
1276,1397,2019-10-31 ,2020-04-03 ,1,46,57,104
1277,1398,2019-10-23 ,2020-01-28 ,1,46,112,33
1278,1399,,,0,46,93,33
1279,1400,2019-10-25 ,2020-01-28 ,1,46,26,33
1280,1401,2019-10-27 ,2019-10-27 ,1,46,3,33
1281,1402,2019-10-17 ,2019-12-24 ,1,46,56,152
1282,1403,,2019-10-22 ,0,46,13,43
1283,1404,2019-10-06 ,2020-09-02 ,0,46,140,152
1284,1405,,2024-03-05 ,0,46,141,33
1285,1406,2019-10-25 ,2019-10-23 ,1,46,116,43
1286,1407,2020-01-16 ,2021-11-03 ,0,46,142,33
1287,1408,,2020-01-28 ,0,46,84,33
1288,1409,2019-10-24 ,2020-01-28 ,1,46,138,33
1289,1410,2019-10-28 ,2020-02-09 ,1,46,148,33
1290,1411,2019-10-22 ,2020-12-30 ,1,46,152,60
1291,1412,,,0,46,47,33
1292,1413,2019-10-29 ,2020-01-22 ,1,46,149,43
1293,1414,,2020-01-28 ,0,46,50,33
1294,1415,,2019-11-13 ,0,46,20,33
1295,1416,2019-12-02 ,2020-05-19 ,1,46,161,43
1296,1417,,,0,46,81,33
1297,1418,2020-08-13 ,2023-03-23 ,0,46,165,164
1298,1419,2019-12-04 ,2020-02-18 ,0,46,130,19
1299,1420,,2019-12-06 ,0,41,161,43
1300,1421,2019-11-06 ,2020-02-05 ,1,45,164,19
1301,1422,2019-10-29 ,2020-10-05 ,1,45,153,33
1302,1423,,2020-02-24 ,0,46,164,19
1303,1424,,2020-03-25 ,0,17,161,43
1304,1425,,2019-12-06 ,0,33,161,43
1305,1426,,,0,25,161,43
1306,1427,2019-11-07 ,2019-11-07 ,1,45,169,21
1307,1428,2019-10-24 ,2020-01-28 ,1,46,169,21
1308,1429,2019-10-26 ,2019-10-24 ,0,46,167,164
1309,1430,2019-10-29 ,2020-01-28 ,1,46,153,33
1310,1431,,,0,47,60,
1311,1432,2020-05-29 ,2020-07-07 ,0,47,2,43
1312,1433,,,0,47,63,104
1313,1434,,,0,47,9,33
1314,1435,2020-05-25 ,2020-06-25 ,0,47,11,43
1315,1436,2020-05-05 ,2020-07-20 ,1,47,55,80
1316,1437,,,0,47,18,43
1317,1438,,,0,47,21,33
1318,1439,,,0,47,19,
1319,1440,,2020-04-17 ,0,47,23,33
1320,1441,,,0,47,24,33
1321,1442,,,0,47,33,19
1322,1443,,,0,47,37,43
1323,1444,,,0,47,38,33
1324,1445,2020-06-05 ,2020-05-28 ,1,47,39,43
1325,1446,,,0,47,43,19
1326,1447,,,0,47,49,43
1327,1448,,,0,47,52,33
1328,1449,,,0,47,53,19
1329,1450,,,0,47,80,19
1330,1451,,2020-10-19 ,0,47,62,33
1331,1452,,,0,47,28,33
1332,1453,,,0,47,10,33
1333,1454,2020-03-16 ,2020-03-16 ,0,47,40,33
1334,1455,,2020-05-26 ,0,47,110,33
1335,1456,,,0,47,30,33
1336,1457,2020-06-04 ,2020-05-20 ,0,47,25,43
1337,1458,,,0,47,89,43
1338,1459,,,0,47,124,104
1339,1460,,2020-04-03 ,0,47,57,104
1340,1461,,,0,47,112,33
1341,1462,,,0,47,93,33
1342,1463,,,0,47,26,33
1343,1464,,,0,47,3,33
1344,1465,2020-05-04 ,2020-05-04 ,1,47,56,152
1345,1466,,,0,47,13,43
1346,1467,2020-04-30 ,2020-05-27 ,1,47,140,152
1347,1468,,2020-04-22 ,0,47,141,33
1348,1469,,,0,47,116,43
1349,1470,,2021-03-19 ,0,47,142,33
1350,1471,,2021-03-01 ,0,47,84,33
1351,1472,,,0,47,138,33
1352,1473,,2020-02-09 ,0,47,148,33
1353,1474,2020-05-05 ,2020-06-01 ,1,47,152,60
1354,1475,,,0,47,47,33
1355,1476,,2020-01-22 ,0,47,149,43
1356,1477,,,0,47,50,33
1357,1478,,,0,47,20,33
1358,1479,2020-08-06 ,2020-08-06 ,1,47,161,43
1359,1480,,,0,47,81,33
1360,1481,2020-08-06 ,2020-10-29 ,0,47,165,164
1361,1482,2019-12-04 ,2019-12-04 ,0,47,130,19
1362,1483,2020-05-27 ,2020-05-27 ,0,47,164,19
1363,1484,,,0,47,169,21
1364,1485,,,0,47,167,164
1365,1486,,,0,47,153,33
1366,1487,,,0,48,60,
1367,1488,2020-07-08 ,2020-08-12 ,1,48,2,43
1368,1489,,,0,48,63,104
1369,1490,,,0,48,9,33
1370,1491,2020-05-02 ,2020-06-25 ,0,48,11,43
1371,1492,2020-07-01 ,2020-08-14 ,1,48,55,80
1372,1493,,,0,48,18,43
1373,1494,,2021-05-28 ,0,48,21,33
1374,1495,,,0,48,19,
1375,1496,,,0,48,23,33
1376,1497,,,0,48,24,33
1377,1498,,,0,48,33,19
1378,1499,2020-07-06 ,2020-07-01 ,1,48,37,43
1379,1500,,,0,48,38,33
1380,1501,,,0,48,39,43
1381,1502,,,0,48,43,19
1382,1503,,,0,48,49,43
1383,1504,,2021-06-11 ,0,48,52,33
1384,1505,,,0,48,53,19
1385,1506,,2020-07-08 ,0,48,80,19
1386,1507,,,0,48,62,33
1387,1508,2020-07-09 ,2020-07-09 ,1,48,28,33
1388,1509,,,0,48,10,33
1389,1510,,2020-07-07 ,0,48,40,33
1390,1511,,2020-08-27 ,0,48,110,33
1391,1512,2020-07-02 ,2020-07-02 ,0,48,30,33
1392,1513,,,0,48,25,43
1393,1514,2020-07-06 ,2020-07-06 ,1,48,89,43
1394,1515,,,0,48,124,104
1395,1516,,,0,48,57,104
1396,1517,,,0,48,112,33
1397,1518,,,0,48,93,33
1398,1519,,2020-08-17 ,0,48,26,33
1399,1520,,,0,48,3,33
1400,1521,,2021-09-29 ,0,48,56,152
1401,1522,,,0,48,13,43
1402,1523,,2020-08-20 ,0,48,140,152
1403,1524,,,0,48,141,33
1404,1525,,,0,48,116,43
1405,1526,,2021-11-03 ,0,48,142,33
1406,1527,,,0,48,84,33
1407,1528,,,0,48,138,33
1408,1529,,,0,48,148,33
1409,1530,,2020-11-19 ,0,48,152,60
1410,1531,,,0,48,47,33
1411,1532,,2020-07-02 ,0,48,149,43
1412,1533,,,0,48,50,33
1413,1534,,,0,48,20,33
1414,1535,2020-08-06 ,2020-08-06 ,1,48,161,43
1415,1536,,,0,48,81,33
1416,1537,2020-08-06 ,2020-11-02 ,0,48,165,164
1417,1538,,2019-12-04 ,0,48,130,19
1418,1539,,,0,48,164,19
1419,1540,,,0,48,169,21
1420,1541,,,0,48,167,164
1421,1542,,2020-07-20 ,0,48,153,33
1422,1543,,,0,49,60,
1423,1544,2020-08-12 ,2020-08-31 ,0,49,2,43
1424,1545,2020-08-31 ,2021-09-10 ,0,49,63,104
1425,1546,2020-08-28 ,2020-08-31 ,1,49,9,33
1426,1547,,2023-02-28 ,0,49,11,43
1427,1548,2020-08-29 ,2021-03-02 ,0,49,55,80
1428,1549,,2020-08-18 ,0,49,18,43
1429,1550,2020-08-28 ,2020-08-28 ,1,49,21,33
1430,1551,,,0,49,19,
1431,1552,2020-08-24 ,2020-08-24 ,1,49,23,33
1432,1553,2020-08-31 ,2020-12-09 ,0,49,24,33
1433,1554,,,0,49,33,19
1434,1555,2020-08-31 ,2020-08-28 ,1,49,37,43
1435,1556,2020-08-25 ,2020-10-22 ,1,49,38,33
1436,1557,2020-08-26 ,2020-08-26 ,0,49,39,43
1437,1558,,,0,49,43,19
1438,1559,,,0,49,49,43
1439,1560,2020-08-27 ,2021-06-11 ,0,49,52,33
1440,1561,,,0,49,53,19
1441,1562,,2019-12-02 ,0,49,80,19
1442,1563,2020-08-31 ,2020-11-20 ,0,49,62,33
1443,1564,2020-08-28 ,2020-08-24 ,1,49,28,33
1444,1565,,,0,49,10,33
1445,1566,2020-08-12 ,2021-01-12 ,0,49,40,33
1446,1567,,2020-12-07 ,0,49,110,33
1447,1568,2020-08-27 ,2021-01-25 ,1,49,30,33
1448,1569,2020-08-26 ,2020-08-21 ,1,49,25,43
1449,1570,2020-08-24 ,2020-11-16 ,0,49,89,43
1450,1571,2020-08-24 ,2020-11-02 ,0,49,124,104
1451,1572,2020-08-28 ,2020-09-02 ,1,49,57,104
1452,1573,2020-08-25 ,2020-10-07 ,1,49,112,33
1453,1574,,,0,49,93,33
1454,1575,2020-09-01 ,2020-09-30 ,0,49,26,33
1455,1576,2020-08-28 ,2020-08-28 ,1,49,3,33
1456,1577,2020-08-07 ,2020-10-14 ,0,49,56,152
1457,1578,,,0,49,13,43
1458,1579,,2020-11-24 ,0,49,140,152
1459,1580,2020-08-30 ,2024-03-05 ,1,49,141,33
1460,1581,,2020-08-31 ,0,49,116,43
1461,1582,2020-08-27 ,2021-01-21 ,0,49,142,33
1462,1583,,,0,49,84,33
1463,1584,2020-08-28 ,2020-10-21 ,1,49,138,33
1464,1585,,2020-12-07 ,0,49,148,33
1465,1586,,2020-11-19 ,0,49,152,60
1466,1587,,,0,49,47,33
1467,1588,,2020-08-26 ,0,49,149,43
1468,1589,,,0,49,50,33
1469,1590,2020-08-31 ,2020-09-01 ,0,49,20,33
1470,1591,,2021-05-26 ,0,49,161,43
1471,1592,,,0,49,81,33
1472,1593,2020-10-23 ,2020-11-12 ,0,49,165,164
1473,1594,,2020-11-25 ,0,49,130,19
1474,1595,2020-12-03 ,2020-10-02 ,0,49,164,19
1475,1596,2020-08-24 ,2020-08-31 ,0,49,169,21
1476,1597,2020-08-24 ,2020-08-24 ,0,49,167,164
1477,1598,,2020-10-05 ,0,49,153,33
1478,1600,2020-10-23 ,2020-10-23 ,1,50,2,43
1479,1601,2020-10-22 ,2021-06-24 ,1,50,63,104
1480,1602,2020-10-26 ,2020-10-26 ,1,50,9,33
1481,1603,2020-10-23 ,2021-01-21 ,1,50,11,43
1482,1604,2020-10-27 ,2021-07-03 ,0,50,55,80
1483,1605,2020-10-22 ,2020-10-22 ,0,50,18,43
1484,1606,2020-10-23 ,2020-10-22 ,1,50,21,33
1485,1607,,2020-10-28 ,0,50,19,
1486,1608,2020-10-23 ,2020-10-23 ,0,50,23,33
1487,1609,,,0,50,24,33
1488,1610,,,0,50,33,19
1489,1611,2020-10-26 ,2020-10-21 ,1,50,37,43
1490,1612,2020-10-22 ,2020-10-22 ,1,50,38,33
1491,1613,2020-10-26 ,2020-10-26 ,1,50,39,43
1492,1614,,,0,50,43,19
1493,1615,,,0,50,49,43
1494,1616,2020-10-21 ,2020-10-21 ,1,50,52,33
1495,1617,,,0,50,53,19
1496,1618,,,0,50,80,19
1497,1619,2020-10-19 ,2020-10-19 ,0,50,62,33
1498,1620,2020-10-22 ,2020-10-22 ,1,50,28,33
1499,1621,,,0,50,10,33
1500,1622,2020-10-22 ,2020-11-03 ,1,50,40,33
1501,1623,,2020-11-30 ,0,50,110,33
1502,1624,2020-10-27 ,2021-01-25 ,0,50,30,33
1503,1625,2020-10-20 ,2020-10-20 ,0,50,25,43
1504,1626,2020-10-23 ,2023-08-16 ,1,50,89,43
1505,1627,2020-10-23 ,2020-10-30 ,1,50,124,104
1506,1628,2020-10-16 ,2021-02-22 ,0,50,57,104
1507,1629,2020-10-19 ,2020-10-19 ,1,50,112,33
1508,1630,,,0,50,93,33
1509,1631,2020-10-28 ,2020-10-28 ,0,50,26,33
1510,1632,,2020-10-23 ,0,50,3,33
1511,1633,2020-11-06 ,2020-12-30 ,1,50,56,152
1512,1634,,,0,50,13,43
1513,1635,2020-11-06 ,2021-02-15 ,0,50,140,152
1514,1636,,,0,50,141,33
1515,1637,2020-10-27 ,2020-10-27 ,0,50,116,43
1516,1638,2020-10-22 ,2021-12-13 ,0,50,142,33
1517,1639,2020-10-29 ,2020-10-30 ,0,50,84,33
1518,1640,2020-10-23 ,2021-03-04 ,1,50,138,33
1519,1641,2020-10-24 ,2020-12-07 ,0,50,148,33
1520,1642,,2020-12-30 ,0,50,152,60
1521,1643,,,0,50,47,33
1522,1644,,2020-10-28 ,0,50,149,43
1523,1645,,2021-03-04 ,0,50,50,33
1524,1646,,,0,50,20,33
1525,1647,,2021-11-05 ,0,50,161,43
1526,1648,,,0,50,81,33
1527,1649,2020-11-09 ,2021-11-25 ,0,50,165,164
1528,1650,,,0,50,130,19
1529,1651,,2020-11-06 ,0,50,164,19
1530,1652,2020-10-23 ,2020-10-26 ,1,50,169,21
1531,1653,2020-10-23 ,2020-10-23 ,1,50,167,164
1532,1654,2020-10-21 ,2020-10-21 ,0,50,153,33
1533,1655,,2020-04-27 ,0,46,154,40
1534,1656,,,0,43,161,43
1535,1657,,,0,42,161,43
1536,1658,2020-06-30 ,2020-06-30 ,0,47,154,40
1537,1659,,,0,47,59,
1538,1660,,2021-03-17 ,0,48,173,19
1539,1661,,2021-03-17 ,0,49,173,19
1540,1662,2020-08-31 ,2021-10-10 ,1,49,166,43
1541,1663,2020-08-27 ,2022-10-05 ,1,49,168,3
1542,1664,,2022-11-21 ,0,49,170,3
1543,1665,,2020-09-04 ,0,25,67,
1544,1666,,2020-09-04 ,0,17,67,
1545,1667,,2020-09-04 ,0,8,67,
1546,1668,,2020-10-16 ,0,49,160,19
1547,1669,,,0,48,160,19
1548,1670,,2021-01-29 ,0,47,160,19
1549,1671,,2020-10-02 ,0,46,160,19
1550,1672,,,0,51,2,43
1551,1673,,2021-06-24 ,0,51,63,104
1552,1674,,,0,51,9,33
1553,1675,,2021-01-19 ,0,51,11,43
1554,1676,,2022-03-24 ,0,51,55,80
1555,1677,,,0,51,18,43
1556,1678,,,0,51,21,33
1557,1679,,2020-10-28 ,0,51,19,
1558,1680,,2020-10-23 ,0,51,23,33
1559,1681,,2020-12-09 ,0,51,24,33
1560,1682,,,0,51,33,19
1561,1683,,2020-10-19 ,0,51,37,43
1562,1684,,2020-10-19 ,0,51,38,33
1563,1685,,,0,51,39,43
1564,1686,,,0,51,43,19
1565,1687,,,0,51,49,43
1566,1688,,2021-05-27 ,0,51,52,33
1567,1689,,,0,51,53,19
1568,1690,,,0,51,80,19
1569,1691,2020-10-16 ,2020-11-20 ,0,51,62,33
1570,1692,,,0,51,28,33
1571,1693,,,0,51,10,33
1572,1694,,,0,51,40,33
1573,1695,,2021-03-31 ,0,51,110,33
1574,1696,2020-11-06 ,2021-01-25 ,0,51,30,33
1575,1697,,2020-12-15 ,0,51,25,43
1576,1698,,,0,51,89,43
1577,1699,,2020-11-03 ,0,51,124,104
1578,1700,,2020-10-16 ,0,51,57,104
1579,1701,,2020-10-19 ,0,51,112,33
1580,1702,,,0,51,93,33
1581,1703,,2021-01-25 ,0,51,26,33
1582,1704,,2020-11-23 ,0,51,3,33
1583,1705,,2021-02-12 ,0,51,56,152
1584,1706,,,0,51,13,43
1585,1707,,2020-11-24 ,0,51,140,152
1586,1708,,2020-12-16 ,0,51,141,33
1587,1709,,,0,51,116,43
1588,1710,2020-10-22 ,2022-07-06 ,0,51,142,33
1589,1711,,,0,51,84,33
1590,1712,,2020-10-21 ,0,51,138,33
1591,1713,2020-10-24 ,2021-01-06 ,0,51,148,33
1592,1714,,2020-12-30 ,0,51,152,60
1593,1715,,,0,51,47,33
1594,1716,,2022-01-25 ,0,51,149,43
1595,1717,,2020-10-21 ,0,51,50,33
1596,1718,,,0,51,20,33
1597,1719,2020-12-28 ,2021-05-26 ,0,51,161,43
1598,1720,,,0,51,81,33
1599,1721,2020-10-19 ,2022-11-14 ,0,51,165,164
1600,1722,,,0,51,130,19
1601,1723,,,0,51,164,19
1602,1724,,,0,51,169,21
1603,1725,,,0,51,167,164
1604,1726,,2020-10-21 ,0,51,153,33
1605,1727,,2021-04-16 ,0,51,173,19
1606,1728,,2021-01-19 ,0,51,166,43
1607,1729,,2020-10-26 ,0,51,168,3
1608,1730,,2020-12-17 ,0,51,170,3
1609,1731,,2021-07-08 ,0,51,160,19
1610,1732,2020-10-29 ,2021-01-13 ,0,50,166,43
1611,1733,2020-10-26 ,2020-10-26 ,0,50,59,
1612,1734,2020-10-26 ,2020-10-26 ,0,50,168,3
1613,1735,2020-10-28 ,2021-02-02 ,0,50,175,173
1614,1736,,2021-01-13 ,0,51,175,173
1615,1737,,2020-11-24 ,0,49,175,173
1616,1738,,2022-05-05 ,0,49,65,
1617,1739,2021-02-23 ,2021-02-23 ,1,52,2,43
1618,1740,2021-02-23 ,2021-06-24 ,1,52,63,181
1619,1741,2021-02-24 ,2021-02-24 ,1,52,9,33
1620,1742,2021-02-23 ,2021-02-23 ,1,52,11,43
1621,1743,2021-02-17 ,2021-07-03 ,1,52,55,80
1622,1744,,2021-02-11 ,0,52,18,43
1623,1745,2021-02-24 ,2021-02-24 ,1,52,21,33
1624,1746,,2021-02-25 ,0,52,19,
1625,1747,2021-02-26 ,2021-02-26 ,1,52,23,33
1626,1748,,2020-12-09 ,0,52,24,33
1627,1749,,,0,52,33,19
1628,1750,2021-03-01 ,2021-03-01 ,1,52,37,43
1629,1751,2021-02-23 ,2021-02-23 ,1,52,38,33
1630,1752,,,0,52,39,43
1631,1753,,,0,52,43,19
1632,1754,,,0,52,49,43
1633,1755,2021-02-25 ,2021-03-02 ,1,52,52,33
1634,1756,,,0,52,53,19
1635,1757,,2021-02-17 ,0,52,80,19
1636,1758,,2021-06-03 ,0,52,62,33
1637,1759,2021-02-25 ,2021-02-25 ,1,52,28,33
1638,1760,,,0,52,10,33
1639,1761,2021-03-04 ,2021-03-04 ,1,52,40,33
1640,1762,2021-02-05 ,2021-09-08 ,1,52,110,33
1641,1763,2021-02-24 ,2021-04-21 ,1,52,30,33
1642,1764,2021-02-22 ,2021-02-22 ,1,52,25,43
1643,1765,2021-03-01 ,2021-03-01 ,0,52,89,43
1644,1766,,,0,52,124,33
1645,1767,2021-02-22 ,2021-02-22 ,1,52,57,104
1646,1768,2021-02-19 ,2021-04-02 ,1,52,112,33
1647,1769,,,0,52,93,33
1648,1770,2021-02-25 ,2021-02-25 ,0,52,26,33
1649,1771,,2021-05-04 ,0,52,3,33
1650,1772,2021-02-11 ,2021-02-11 ,1,52,56,152
1651,1773,,,0,52,13,43
1652,1774,2021-02-23 ,2021-12-17 ,0,52,140,161
1653,1775,2021-02-23 ,2021-02-23 ,1,52,141,33
1654,1776,,,0,52,116,43
1655,1777,2021-02-25 ,2022-03-16 ,1,52,142,33
1656,1778,2021-03-01 ,2021-03-01 ,1,52,84,33
1657,1779,2021-03-05 ,2021-06-07 ,1,52,138,33
1658,1780,2021-02-23 ,2021-03-10 ,0,52,148,33
1659,1781,2021-02-12 ,2021-03-23 ,1,52,152,161
1660,1782,,,0,52,47,33
1661,1783,,2021-02-23 ,0,52,149,43
1662,1784,2021-03-04 ,2021-03-04 ,1,52,50,33
1663,1785,,,0,52,20,33
1664,1786,2021-03-08 ,2021-09-07 ,0,52,161,43
1665,1787,,,0,52,81,33
1666,1788,,2020-11-06 ,0,52,165,164
1667,1789,,,0,52,130,19
1668,1790,,,0,52,164,19
1669,1791,,,0,52,169,21
1670,1792,,2021-02-24 ,0,52,167,164
1671,1793,,2021-03-01 ,0,52,153,33
1672,1794,2021-03-02 ,2021-06-07 ,1,52,166,43
1673,1795,,,0,52,59,
1674,1796,2021-03-02 ,2021-04-12 ,1,52,168,3
1675,1797,2021-02-02 ,2021-02-02 ,0,52,175,173
1676,1798,2020-12-04 ,2021-03-24 ,0,51,176,173
1677,1799,,2021-07-08 ,0,52,176,173
1678,1800,2021-02-04 ,2021-06-04 ,0,50,176,173
1679,1801,,2021-02-23 ,0,49,176,173
1680,1802,2021-03-08 ,2021-06-03 ,0,52,173,19
1681,1803,,2021-01-22 ,0,48,176,173
1682,1804,,2021-01-22 ,0,47,176,173
1683,1805,,2021-02-01 ,0,46,176,173
1684,1806,,2021-02-25 ,0,52,177,116
1685,1807,,2022-01-03 ,0,51,177,116
1686,1808,,2020-12-04 ,0,49,177,116
1687,1809,2021-02-10 ,2021-02-10 ,1,52,178,43
1688,1810,,2024-02-27 ,0,50,178,43
1689,1811,,2024-02-27 ,0,51,178,43
1690,1812,2021-02-10 ,2021-03-03 ,1,52,170,3
1691,1813,2021-02-24 ,2021-04-26 ,1,52,181,19
1692,1814,,2021-01-21 ,0,45,176,173
1693,1815,,2021-02-01 ,0,42,176,173
1694,1816,,,0,42,173,19
1695,1817,,2021-02-01 ,0,42,160,19
1696,1818,,2021-03-17 ,0,46,173,19
1697,1819,,2021-06-17 ,0,52,160,19
1698,1820,,2021-03-11 ,0,50,181,19
1699,1821,,2021-10-27 ,0,35,176,173
1700,1822,,2021-02-19 ,0,50,173,19
1701,1823,2021-02-24 ,2021-02-24 ,0,52,184,21
1702,1824,,,0,50,184,21
1703,1825,,2021-05-03 ,0,52,151,33
1704,1826,,2021-03-02 ,0,52,105,3
1705,1827,,2021-06-03 ,0,50,160,19
1706,1828,,2021-03-06 ,0,41,173,19
1707,1829,,2021-05-20 ,0,45,173,19
1708,1830,,2021-04-30 ,0,50,185,173
1709,1831,,2021-05-28 ,0,52,185,173
1710,1832,2021-06-24 ,2021-06-21 ,1,53,2,43
1711,1833,2021-07-01 ,2021-07-08 ,0,53,63,181
1712,1834,2021-06-25 ,2021-06-28 ,0,53,9,194
1713,1835,2021-06-28 ,2021-06-28 ,1,53,11,43
1714,1836,2021-06-19 ,2021-10-09 ,1,53,55,80
1715,1837,,2021-04-06 ,0,53,18,43
1716,1838,2021-06-23 ,2021-06-23 ,1,53,21,33
1717,1839,,,0,53,19,
1718,1840,2021-06-25 ,2021-06-25 ,1,53,23,33
1719,1841,,,0,53,24,33
1720,1842,,2021-06-15 ,0,53,33,19
1721,1843,,,0,53,37,43
1722,1844,2021-06-25 ,2021-06-25 ,1,53,38,33
1723,1845,,,0,53,39,43
1724,1846,,,0,53,43,19
1725,1847,,,0,53,49,43
1726,1848,2021-06-22 ,2021-07-06 ,1,53,52,33
1727,1849,,,0,53,53,19
1728,1850,,,0,53,80,19
1729,1851,2021-06-25 ,2021-06-25 ,1,53,62,33
1730,1852,2021-06-28 ,2021-06-28 ,1,53,28,33
1731,1853,,,0,53,10,33
1732,1854,2021-07-01 ,2021-07-01 ,1,53,40,33
1733,1855,,2021-09-16 ,0,53,110,33
1734,1856,2021-06-25 ,2021-06-25 ,1,53,30,33
1735,1857,2021-06-18 ,2021-09-16 ,1,53,25,43
1736,1858,2021-06-24 ,2021-09-03 ,1,53,89,21
1737,1859,,2021-07-08 ,0,53,124,33
1738,1860,2021-06-30 ,2021-06-30 ,1,53,57,104
1739,1861,2021-06-25 ,2021-07-15 ,1,53,112,33
1740,1862,,,0,53,93,33
1741,1863,2021-07-02 ,2021-07-02 ,1,53,26,33
1742,1864,2021-06-25 ,2021-06-25 ,1,53,3,33
1743,1865,2021-06-15 ,2021-07-19 ,0,53,56,152
1744,1866,,,0,53,13,43
1745,1867,2021-07-06 ,2021-12-17 ,0,53,140,161
1746,1868,2021-07-01 ,2021-07-01 ,1,53,141,33
1747,1869,,,0,53,116,43
1748,1870,2021-06-28 ,2022-03-16 ,1,53,142,33
1749,1871,2021-06-25 ,2021-06-25 ,1,53,84,33
1750,1872,2021-06-24 ,2021-08-30 ,1,53,138,33
1751,1873,2021-06-30 ,2021-07-26 ,1,53,148,33
1752,1874,2021-06-18 ,2021-10-19 ,1,53,152,161
1753,1875,,,0,53,47,33
1754,1876,,,0,53,149,43
1755,1877,2021-07-02 ,2021-07-02 ,1,53,50,33
1756,1878,2021-06-28 ,2021-07-08 ,1,53,20,33
1757,1879,2021-07-06 ,2021-09-07 ,0,53,161,43
1758,1880,2021-07-06 ,2021-07-06 ,1,53,81,33
1759,1881,,,0,53,130,19
1760,1882,,,0,53,164,19
1761,1883,,,0,53,169,21
1762,1884,,,0,53,167,164
1763,1885,2021-06-28 ,2021-06-28 ,1,53,153,33
1764,1886,2021-06-23 ,2021-06-23 ,1,53,166,33
1765,1887,,,0,53,59,
1766,1888,2021-06-24 ,2021-06-24 ,1,53,168,3
1767,1889,,,0,53,175,173
1768,1890,2021-07-09 ,2021-09-23 ,0,53,176,194
1769,1891,,2021-06-09 ,0,53,173,19
1770,1892,2021-06-28 ,2022-01-03 ,0,53,177,116
1771,1893,2021-05-24 ,2021-05-24 ,0,53,178,43
1772,1894,2021-06-28 ,2021-06-28 ,1,53,170,3
1773,1895,2021-07-02 ,2022-04-11 ,1,53,181,19
1774,1896,,2021-07-08 ,0,53,160,19
1775,1897,2021-06-30 ,2021-09-14 ,1,53,184,21
1776,1898,2021-07-02 ,2021-09-20 ,1,53,151,33
1777,1899,2021-06-25 ,2021-06-25 ,1,53,105,3
1778,1900,2021-07-08 ,2021-09-16 ,0,53,185,194
1779,1901,,,0,51,185,173
1780,1902,,,0,49,185,173
1781,1903,,,0,53,48,21
1782,1904,2021-06-28 ,2024-03-11 ,1,53,163,33
1783,1905,,2021-05-07 ,0,41,185,173
1784,1906,,,0,41,176,173
1785,1907,,2021-05-07 ,0,41,160,19
1786,1908,2021-07-06 ,2021-07-16 ,1,53,194,19
1787,1909,,2021-05-28 ,0,52,194,19
1788,1910,,,0,50,194,19
1789,1911,2021-06-24 ,2021-06-24 ,1,53,88,33
1790,1912,2021-06-28 ,2022-01-11 ,1,53,45,33
1791,1913,2021-10-13 ,2021-10-04 ,1,54,2,43
1792,1914,2021-10-27 ,2021-10-27 ,1,54,63,181
1793,1915,2021-10-12 ,2021-10-12 ,1,54,9,194
1794,1916,2021-10-21 ,2022-09-29 ,1,54,11,43
1795,1917,2021-10-13 ,2021-10-13 ,1,54,55,80
1796,1918,2021-10-27 ,2021-10-27 ,1,54,18,43
1797,1919,2021-10-12 ,2021-10-12 ,1,54,21,33
1798,1920,2021-10-27 ,2021-10-27 ,1,54,19,
1799,1921,2021-10-14 ,2021-10-15 ,1,54,23,33
1800,1922,2021-10-27 ,2021-10-27 ,1,54,24,33
1801,1923,2021-10-21 ,2021-10-22 ,1,54,33,19
1802,1924,2021-10-27 ,2021-10-26 ,1,54,37,43
1803,1925,2021-10-19 ,2021-10-21 ,1,54,38,33
1804,1927,2021-10-27 ,2021-10-27 ,1,54,43,19
1805,1928,2021-10-27 ,2021-10-27 ,1,54,49,43
1806,1929,2021-10-08 ,2021-10-22 ,1,54,52,33
1807,1930,2021-10-15 ,2021-10-15 ,1,54,53,19
1808,1931,2021-10-27 ,2021-10-27 ,1,54,80,19
1809,1932,2021-10-22 ,2021-10-22 ,1,54,62,33
1810,1933,2021-10-12 ,2022-01-04 ,1,54,28,33
1811,1935,2021-10-14 ,2021-10-15 ,1,54,40,33
1812,1936,2021-10-18 ,2021-11-02 ,1,54,110,33
1813,1937,2021-10-07 ,2022-05-04 ,1,54,30,33
1814,1938,2021-10-18 ,2021-11-03 ,1,54,25,43
1815,1939,2021-10-15 ,2023-10-31 ,1,54,89,21
1816,1940,2021-10-27 ,2022-04-29 ,1,54,124,33
1817,1942,2021-10-15 ,2021-12-14 ,1,54,112,33
1818,1944,2021-10-15 ,2021-10-15 ,1,54,26,33
1819,1946,2021-09-23 ,2021-09-29 ,1,54,56,152
1820,1948,2021-10-27 ,2021-12-17 ,1,54,140,161
1821,1949,2021-10-19 ,2021-10-21 ,1,54,141,33
1822,1951,2021-10-14 ,2023-04-11 ,1,54,142,33
1823,1952,2021-10-15 ,2021-10-15 ,1,54,84,33
1824,1953,2021-10-22 ,2022-04-21 ,1,54,138,33
1825,1954,2021-10-13 ,2021-11-18 ,1,54,148,33
1826,1955,2021-10-01 ,2021-10-27 ,1,54,152,161
1827,1957,2021-10-27 ,2021-10-27 ,1,54,149,43
1828,1958,2021-10-14 ,2021-10-14 ,1,54,50,33
1829,1959,2021-10-20 ,2021-11-02 ,1,54,20,33
1830,1960,2021-11-05 ,2021-11-08 ,0,54,161,43
1831,1961,2021-09-30 ,2021-10-18 ,1,54,81,33
1832,1966,2021-10-21 ,2021-10-15 ,1,54,153,33
1833,1967,2021-10-21 ,2021-10-22 ,1,54,166,33
1834,1969,2021-10-12 ,2021-10-12 ,1,54,168,3
1835,1971,2021-10-26 ,2022-03-08 ,0,54,176,194
1836,1974,2021-10-27 ,2021-12-17 ,1,54,178,43
1837,1975,2021-10-09 ,2023-03-24 ,1,54,170,3
1838,1976,2021-10-13 ,2022-06-02 ,1,54,181,19
1839,1978,2021-10-22 ,2022-08-29 ,1,54,184,21
1840,1979,2021-10-24 ,2021-12-13 ,1,54,151,33
1841,1980,2021-10-14 ,2021-10-14 ,1,54,105,3
1842,1981,2021-10-22 ,2023-04-07 ,0,54,185,194
1843,1982,2021-10-15 ,2021-11-08 ,1,54,48,21
1844,1983,2021-10-20 ,2021-10-21 ,1,54,163,33
1845,1984,2021-10-26 ,2021-11-05 ,0,54,194,19
1846,1985,2021-10-18 ,2021-10-18 ,1,54,88,33
1847,1986,2021-10-14 ,2022-07-04 ,1,54,45,33
1848,1987,,2021-12-07 ,0,54,201,19
1849,1988,,2021-09-06 ,0,53,201,19
1850,1989,,,0,52,201,19
1851,1990,,2022-06-09 ,0,50,201,19
1852,1991,,,0,53,165,33
1853,1992,2021-10-27 ,2022-11-14 ,1,54,165,33
1854,1993,2021-10-12 ,2022-01-25 ,1,55,2,43
1855,1994,2021-10-27 ,2021-10-27 ,1,55,63,181
1856,1995,2021-10-12 ,2021-10-12 ,1,55,9,194
1857,1996,2021-10-21 ,2022-09-29 ,1,55,11,43
1858,1997,2021-10-13 ,2022-02-01 ,1,55,55,80
1859,1998,2021-10-27 ,2021-10-27 ,1,55,18,43
1860,1999,2021-10-12 ,2022-09-05 ,1,55,21,33
1861,2001,2021-10-15 ,2021-10-15 ,1,55,23,33
1862,2003,2021-10-21 ,2021-10-21 ,1,55,33,19
1863,2004,2021-10-20 ,2021-10-18 ,1,55,37,43
1864,2005,2021-10-21 ,2021-10-22 ,1,55,38,33
1865,2006,2021-10-27 ,2021-10-27 ,1,55,39,43
1866,2007,2021-10-27 ,2021-10-27 ,1,55,43,19
1867,2008,2021-10-27 ,2021-10-27 ,1,55,49,43
1868,2009,2021-10-15 ,2021-10-15 ,1,55,52,33
1869,2010,2021-10-15 ,2021-10-15 ,1,55,53,19
1870,2012,2021-10-27 ,2021-10-27 ,1,55,62,33
1871,2013,2021-10-15 ,2021-10-15 ,1,55,28,33
1872,2015,2021-12-10 ,2022-03-29 ,1,55,40,33
1873,2016,2021-10-20 ,2022-05-02 ,1,55,110,33
1874,2017,2021-10-15 ,2022-05-04 ,1,55,30,33
1875,2018,2021-10-19 ,2021-10-19 ,1,55,25,43
1876,2019,2021-10-15 ,2023-07-05 ,1,55,89,21
1877,2022,2021-10-15 ,2022-02-03 ,1,55,112,33
1878,2024,2021-10-15 ,2021-10-15 ,1,55,26,33
1879,2026,2021-09-30 ,2021-11-16 ,1,55,56,152
1880,2028,2021-10-27 ,2024-02-22 ,1,55,140,161
1881,2029,2021-10-22 ,2021-10-22 ,1,55,141,33
1882,2031,2021-10-14 ,2022-05-09 ,1,55,142,33
1883,2032,2021-10-27 ,2021-10-27 ,1,55,84,33
1884,2033,2021-10-22 ,2021-10-22 ,1,55,138,33
1885,2034,2021-11-29 ,2022-06-01 ,1,55,148,33
1886,2035,2021-10-01 ,2021-10-20 ,1,55,152,161
1887,2038,2021-10-22 ,2022-09-14 ,1,55,50,33
1888,2039,2021-10-13 ,2021-10-20 ,1,55,20,33
1889,2040,2021-12-12 ,2021-12-17 ,1,55,161,43
1890,2041,2021-10-22 ,2021-10-22 ,1,55,81,33
1891,2045,2021-10-27 ,2021-10-27 ,1,55,167,164
1892,2046,2021-10-21 ,2021-10-21 ,1,55,153,33
1893,2047,2021-10-21 ,2022-02-01 ,1,55,166,33
1894,2048,2021-10-27 ,2021-10-27 ,1,55,59,
1895,2049,2021-10-14 ,2021-10-15 ,1,55,168,3
1896,2051,2021-12-20 ,2022-04-20 ,1,55,176,194
1897,2053,2021-10-27 ,2022-01-03 ,1,55,177,116
1898,2054,2021-12-10 ,2024-02-27 ,1,55,178,43
1899,2055,2021-10-09 ,2021-11-24 ,1,55,170,3
1900,2056,2021-10-21 ,2021-10-21 ,1,55,181,19
1901,2058,2021-10-27 ,2022-03-23 ,1,55,184,21
1902,2059,2021-10-26 ,2021-12-13 ,1,55,151,33
1903,2060,2021-10-14 ,2021-10-15 ,1,55,105,3
1904,2061,2021-12-20 ,2022-04-14 ,1,55,185,194
1905,2062,2021-10-15 ,2021-11-15 ,1,55,48,21
1906,2063,2021-10-21 ,2021-10-21 ,1,55,163,33
1907,2064,2021-12-12 ,2021-12-12 ,1,55,194,19
1908,2065,2021-10-18 ,2021-10-18 ,1,55,88,33
1909,2066,2021-10-21 ,2022-01-11 ,1,55,45,33
1910,2067,2021-10-25 ,2022-04-27 ,0,55,201,19
1911,2070,2021-10-27 ,2022-09-29 ,1,55,203,152
1912,2071,,,0,56,2,43
1913,2072,,,0,56,63,181
1914,2073,,,0,56,9,194
1915,2074,,,0,56,11,43
1916,2075,,2022-03-24 ,0,56,55,80
1917,2076,,,0,56,18,43
1918,2077,,,0,56,21,33
1919,2078,,,0,56,19,
1920,2079,,,0,56,23,33
1921,2080,,,0,56,24,33
1922,2081,,,0,56,33,19
1923,2082,,,0,56,37,43
1924,2083,,,0,56,38,33
1925,2084,,,0,56,43,19
1926,2085,,,0,56,49,43
1927,2086,,,0,56,52,33
1928,2087,,,0,56,53,19
1929,2088,,2022-04-13 ,0,56,80,19
1930,2089,,,0,56,62,33
1931,2090,2021-12-14 ,2021-12-14 ,1,56,28,33
1932,2091,,,0,56,40,33
1933,2092,,2021-12-06 ,0,56,110,33
1934,2093,,,0,56,30,33
1935,2094,,2021-12-13 ,0,56,25,43
1936,2095,,2023-10-31 ,0,56,89,21
1937,2096,,2022-04-29 ,0,56,124,33
1938,2097,2021-11-29 ,2022-02-03 ,0,56,112,33
1939,2098,,2021-12-14 ,0,56,26,33
1940,2099,,2021-11-16 ,0,56,56,152
1941,2100,,,0,56,140,161
1942,2101,,,0,56,141,33
1943,2102,2022-01-10 ,2023-04-11 ,0,56,142,33
1944,2103,,,0,56,84,33
1945,2104,,2022-04-21 ,0,56,138,33
1946,2105,2021-11-18 ,2021-11-18 ,1,56,148,33
1947,2106,,,0,56,152,161
1948,2107,,2022-06-24 ,0,56,149,43
1949,2108,,,0,56,50,33
1950,2109,,2022-01-12 ,0,56,20,33
1951,2110,,2021-11-16 ,0,56,161,43
1952,2111,,2021-12-07 ,0,56,81,33
1953,2112,,2022-01-17 ,0,56,153,33
1954,2113,,2022-02-01 ,0,56,166,33
1955,2114,,,0,56,168,3
1956,2115,,2023-10-31 ,0,56,176,194
1957,2116,,2021-12-17 ,0,56,178,43
1958,2117,,,0,56,170,3
1959,2118,,2022-01-05 ,0,56,181,19
1960,2119,,2022-03-22 ,0,56,184,21
1961,2120,,2022-01-10 ,0,56,151,33
1962,2121,,,0,56,105,3
1963,2122,2022-01-10 ,2022-01-11 ,0,56,185,194
1964,2123,2021-11-15 ,2021-11-15 ,0,56,48,21
1965,2124,,,0,56,163,33
1966,2125,,,0,56,194,19
1967,2126,,,0,56,88,33
1968,2127,,2022-03-08 ,0,56,45,33
1969,2128,,2022-04-22 ,0,56,201,19
1970,2129,,2022-02-01 ,0,56,165,33
1971,2130,,2021-11-12 ,0,54,206,80
1972,2131,,2021-11-12 ,0,56,206,80
1973,2132,,2022-10-11 ,0,55,206,80
1974,2133,2021-12-10 ,2022-07-05 ,1,55,165,33
1975,2134,2022-05-03 ,2022-08-10 ,1,57,2,161
1976,2135,,,0,57,63,181
1977,2136,2022-05-10 ,2022-05-10 ,1,57,9,185
1978,2137,2022-05-09 ,2023-03-14 ,1,57,11,161
1979,2138,2022-05-12 ,2022-10-12 ,1,57,55,80
1980,2139,,2022-01-21 ,0,57,18,161
1981,2140,2022-05-02 ,2022-05-02 ,1,57,21,185
1982,2141,2022-05-10 ,2022-07-22 ,1,57,23,185
1983,2142,2022-05-13 ,2022-05-13 ,1,57,33,185
1984,2143,2022-04-27 ,2022-04-25 ,1,57,37,161
1985,2144,2022-05-09 ,2022-05-09 ,1,57,38,185
1986,2145,,,0,57,39,161
1987,2146,,,0,57,43,161
1988,2147,,,0,57,49,161
1989,2148,2022-05-04 ,2022-05-06 ,1,57,52,185
1990,2149,,,0,57,53,185
1991,2150,2022-05-06 ,2022-05-09 ,1,57,62,185
1992,2151,2022-04-29 ,2022-05-02 ,1,57,28,185
1993,2153,2022-05-06 ,2022-05-06 ,1,57,110,185
1994,2154,2022-05-06 ,2022-05-10 ,1,57,30,185
1995,2155,,2022-05-18 ,0,57,25,161
1996,2156,2022-05-11 ,2022-06-30 ,1,57,89,185
1997,2157,2022-05-03 ,2022-05-04 ,1,57,112,185
1998,2158,2022-05-06 ,2022-05-09 ,1,57,26,185
1999,2159,2022-04-27 ,2022-04-27 ,1,57,56,178
2000,2160,,2022-03-04 ,0,57,140,161
2001,2161,2022-05-06 ,2022-05-06 ,1,57,141,185
2002,2162,2022-05-09 ,2022-05-09 ,1,57,142,185
2003,2163,2022-05-11 ,2022-05-11 ,1,57,84,185
2004,2164,2022-05-05 ,2022-05-06 ,1,57,138,185
2005,2165,2022-04-28 ,2022-10-14 ,1,57,148,185
2006,2168,2022-05-11 ,2022-05-11 ,1,57,20,185
2007,2169,2022-05-16 ,2022-05-19 ,0,57,161,176
2008,2171,,,0,57,167,181
2009,2172,2022-05-16 ,2022-05-16 ,1,57,153,185
2010,2173,2022-05-13 ,2022-05-13 ,1,57,166,185
2011,2174,,,0,57,59,194
2012,2175,2022-05-06 ,2022-05-09 ,1,57,168,185
2013,2176,,2022-09-27 ,0,57,176,
2014,2177,2022-05-01 ,2022-05-01 ,0,57,177,116
2015,2178,2022-05-08 ,2022-10-18 ,0,57,178,161
2016,2179,2022-05-11 ,2022-05-11 ,1,57,170,185
2017,2180,2022-05-16 ,2022-05-17 ,1,57,181,185
2018,2181,2022-05-10 ,2022-05-10 ,1,57,184,185
2019,2182,2022-05-11 ,2022-05-11 ,1,57,151,185
2020,2183,2022-05-06 ,2022-06-02 ,1,57,105,185
2021,2184,2022-05-16 ,2023-04-07 ,0,57,185,194
2022,2185,2022-05-13 ,2022-06-02 ,1,57,48,185
2023,2186,2022-05-06 ,2022-05-06 ,1,57,163,185
2024,2187,2022-05-20 ,2023-04-28 ,1,57,194,176
2025,2188,2022-05-06 ,2022-05-09 ,1,57,88,185
2026,2189,2022-05-11 ,2022-05-11 ,1,57,45,185
2027,2190,,2022-09-26 ,0,57,201,
2028,2191,2022-04-27 ,2023-03-28 ,1,57,203,178
2029,2192,,,0,57,206,185
2030,2193,,2022-09-29 ,0,57,165,185
2031,2194,,,0,57,116,161
2032,2196,,2022-03-11 ,0,55,80,19
2033,2197,2022-05-05 ,2022-10-04 ,1,57,80,19
2034,2198,2022-05-11 ,2022-10-05 ,0,57,208,185
2035,2199,2022-05-13 ,2023-04-07 ,1,57,51,185
2036,2200,,2022-05-04 ,0,55,51,33
2037,2201,2022-05-11 ,2022-05-11 ,1,57,128,185
2038,2202,2022-05-13 ,2022-05-13 ,1,57,209,185
2039,2203,2022-10-06 ,2022-11-18 ,1,58,2,161
2040,2204,2022-10-06 ,2022-10-06 ,1,58,63,185
2041,2205,2022-10-07 ,2022-10-07 ,1,58,9,185
2042,2206,2022-10-06 ,2023-02-14 ,1,58,11,161
2043,2207,2022-10-14 ,2022-12-14 ,1,58,55,80
2044,2208,2022-10-06 ,2022-10-06 ,1,58,18,161
2045,2209,2022-09-14 ,2022-09-14 ,1,58,21,185
2046,2210,2022-10-07 ,2022-10-07 ,1,58,23,185
2047,2211,2022-10-06 ,2022-10-06 ,1,58,33,185
2048,2212,2022-10-04 ,2022-10-04 ,1,58,37,161
2049,2213,2022-10-06 ,2022-10-06 ,1,58,38,185
2050,2214,2022-10-06 ,2022-10-14 ,1,58,39,161
2051,2215,2022-10-06 ,2022-10-06 ,1,58,43,161
2052,2216,2022-10-06 ,2022-10-06 ,1,58,49,161
2053,2217,2022-10-07 ,2022-10-11 ,1,58,52,185
2054,2218,2022-10-06 ,2022-10-06 ,1,58,53,185
2055,2219,2022-10-03 ,2022-10-10 ,1,58,62,185
2056,2220,2022-10-07 ,2022-10-07 ,1,58,28,185
2057,2222,2022-10-03 ,2022-10-03 ,1,58,30,185
2058,2223,2022-10-06 ,2022-10-19 ,1,58,25,161
2059,2224,2022-09-30 ,2022-10-11 ,1,58,89,185
2060,2225,2022-10-04 ,2022-10-04 ,1,58,112,185
2061,2226,2022-10-04 ,2022-10-04 ,1,58,26,185
2062,2227,,,0,58,56,178
2063,2229,2022-09-30 ,2022-10-10 ,1,58,141,185
2064,2230,2022-09-30 ,2023-08-28 ,1,58,142,185
2065,2231,2022-09-30 ,2022-09-30 ,1,58,84,185
2066,2232,2022-10-04 ,2022-10-04 ,1,58,138,185
2067,2233,2022-10-03 ,2023-03-31 ,1,58,148,185
2068,2234,2022-09-30 ,2022-10-31 ,1,58,20,185
2069,2235,2022-10-06 ,2022-10-12 ,0,58,161,176
2070,2236,,,0,58,167,185
2071,2237,2022-10-07 ,2022-10-07 ,1,58,153,185
2072,2238,2022-10-05 ,2022-11-01 ,1,58,166,185
2073,2239,,2022-10-06 ,0,58,59,194
2074,2240,2022-10-04 ,2022-10-04 ,1,58,168,185
2075,2241,2022-10-07 ,2023-01-18 ,0,58,176,
2076,2242,2022-10-24 ,2022-10-24 ,1,58,177,116
2077,2243,2022-10-14 ,2023-03-08 ,1,58,178,161
2078,2244,2022-10-07 ,2022-10-07 ,1,58,170,185
2079,2245,2022-10-05 ,2023-02-15 ,1,58,181,185
2080,2246,2022-10-05 ,2022-10-04 ,1,58,184,185
2081,2247,2022-10-05 ,2022-10-11 ,1,58,151,185
2082,2248,2022-09-26 ,2022-09-26 ,1,58,105,185
2083,2249,2022-10-27 ,2022-11-16 ,0,58,185,194
2084,2250,2022-09-29 ,2022-10-24 ,1,58,48,185
2085,2251,2022-10-07 ,2022-10-07 ,1,58,163,185
2086,2252,2022-10-28 ,2022-10-28 ,1,58,194,67
2087,2253,2022-10-03 ,2022-10-11 ,1,58,88,185
2088,2254,2022-10-03 ,2022-10-12 ,1,58,45,185
2089,2255,,2023-09-17 ,0,58,201,
2090,2256,,2022-11-22 ,0,58,203,178
2091,2257,2022-10-06 ,2022-10-11 ,1,58,206,185
2092,2258,,2022-10-24 ,0,58,165,185
2093,2259,2022-10-06 ,2022-10-06 ,1,58,116,161
2094,2260,2022-10-04 ,2022-10-04 ,1,58,80,19
2095,2261,2022-10-05 ,2022-10-24 ,1,58,208,185
2096,2262,2022-10-04 ,2022-12-05 ,1,58,51,185
2097,2263,2022-10-03 ,2022-10-03 ,1,58,128,185
2098,2264,2022-10-04 ,2022-10-24 ,1,58,209,185
2099,2268,2022-10-06 ,2022-10-25 ,1,58,149,11
2100,2269,2022-10-04 ,2024-03-11 ,1,58,211,62
2101,2270,2022-10-07 ,2022-10-07 ,1,58,10,185
2102,2271,2022-10-13 ,2022-11-18 ,1,59,2,161
2103,2272,,,0,59,63,185
2104,2273,2022-10-11 ,2022-12-19 ,1,59,9,185
2105,2274,,2023-03-09 ,0,59,11,161
2106,2275,2022-10-14 ,2022-11-22 ,1,59,55,80
2107,2276,,,0,59,18,161
2108,2277,2022-10-10 ,2022-10-10 ,1,59,21,185
2109,2278,2022-10-12 ,2022-10-13 ,1,59,23,185
2110,2279,,,0,59,33,185
2111,2280,2022-10-10 ,2022-10-10 ,1,59,37,161
2112,2282,,,0,59,39,161
2113,2284,,,0,59,49,161
2114,2287,2022-10-11 ,2023-10-06 ,1,59,62,185
2115,2288,2022-10-07 ,2022-10-11 ,1,59,28,185
2116,2289,2022-10-07 ,2022-10-25 ,1,59,30,185
2117,2290,,2022-10-20 ,0,59,25,161
2118,2291,2022-10-11 ,2023-07-05 ,1,59,89,185
2119,2292,2022-10-06 ,2022-10-06 ,1,59,112,185
2120,2293,2022-10-07 ,2023-04-03 ,1,59,26,185
2121,2294,,,0,59,56,178
2122,2295,2022-10-10 ,2022-10-11 ,1,59,141,185
2123,2296,2022-10-11 ,2022-10-11 ,1,59,142,185
2124,2297,2022-10-11 ,2022-10-12 ,1,59,84,185
2125,2298,2022-10-11 ,2023-08-17 ,1,59,138,185
2126,2299,2022-10-11 ,2023-04-03 ,1,59,148,185
2127,2300,2022-10-11 ,2022-10-11 ,1,59,20,185
2128,2301,2022-12-19 ,2022-12-19 ,1,59,161,176
2129,2302,,,0,59,167,185
2130,2303,2022-10-11 ,2022-10-11 ,1,59,153,185
2131,2304,2022-10-14 ,2023-03-01 ,1,59,166,185
2132,2305,,,0,59,59,194
2133,2306,2022-10-10 ,2022-10-10 ,1,59,168,185
2134,2307,,2024-02-26 ,0,59,176,
2135,2308,2022-10-24 ,2022-10-24 ,1,59,177,116
2136,2309,2022-10-14 ,2024-02-27 ,1,59,178,161
2137,2310,2022-10-12 ,2022-11-25 ,1,59,170,185
2138,2311,2022-10-12 ,2023-01-20 ,1,59,181,185
2139,2312,2022-10-11 ,2022-10-11 ,1,59,184,185
2140,2313,2022-10-11 ,2022-10-12 ,1,59,151,185
2141,2314,2022-10-10 ,2022-10-10 ,1,59,105,185
2142,2315,2022-10-28 ,2023-03-31 ,0,59,185,194
2143,2316,2022-10-11 ,2022-10-11 ,1,59,48,185
2144,2318,2022-12-19 ,2022-12-19 ,1,59,194,67
2145,2319,2022-10-11 ,2022-10-11 ,1,59,88,185
2146,2321,,2023-03-10 ,0,59,201,
2147,2322,,2022-12-29 ,0,59,203,178
2148,2323,,2022-10-11 ,0,59,206,185
2149,2324,,2023-02-24 ,0,59,165,185
2150,2325,,,0,59,116,161
2151,2326,,,0,59,80,19
2152,2327,2022-10-07 ,2022-10-10 ,1,59,208,185
2153,2328,2022-10-11 ,2023-04-18 ,1,59,51,185
2154,2329,2022-10-11 ,2023-04-11 ,1,59,128,185
2155,2330,2022-10-11 ,2022-10-12 ,1,59,209,185
2156,2331,2022-10-11 ,2023-03-21 ,1,59,149,11
2157,2332,2022-10-12 ,2022-10-12 ,1,59,211,62
2158,2334,,,0,60,2,161
2159,2335,,,0,60,63,185
2160,2336,,,0,60,9,185
2161,2337,,2023-03-28 ,0,60,11,161
2162,2338,,2022-11-17 ,0,60,55,80
2163,2339,,,0,60,18,161
2164,2340,,,0,60,21,185
2165,2341,2022-11-30 ,2022-11-30 ,1,60,23,185
2166,2342,,,0,60,33,185
2167,2343,,,0,60,37,161
2168,2344,,,0,60,38,185
2169,2345,,,0,60,39,161
2170,2347,,,0,60,49,161
2171,2348,,2023-04-06 ,0,60,52,185
2172,2350,,2023-04-05 ,0,60,62,185
2173,2351,,,0,60,28,185
2174,2352,,,0,60,30,185
2175,2353,,2022-12-14 ,0,60,25,161
2176,2354,,2024-02-26 ,0,60,89,185
2177,2355,,2023-03-30 ,0,60,112,185
2178,2356,,2023-04-03 ,0,60,26,185
2179,2357,,,0,60,56,178
2180,2358,,,0,60,141,185
2181,2359,,2023-04-11 ,0,60,142,185
2182,2360,,2023-03-29 ,0,60,84,185
2183,2361,,2023-03-30 ,0,60,138,185
2184,2362,,2023-03-31 ,0,60,148,185
2185,2363,,,0,60,20,185
2186,2364,,,0,60,161,176
2187,2365,,,0,60,167,185
2188,2366,,2022-12-14 ,0,60,153,185
2189,2367,,2023-03-01 ,0,60,166,185
2190,2368,,,0,60,59,194
2191,2369,,2022-11-23 ,0,60,168,185
2192,2370,,2023-09-04 ,0,60,176,
2193,2371,,,0,60,177,116
2194,2372,,,0,60,178,161
2195,2373,,2022-11-21 ,0,60,170,185
2196,2374,,2023-12-19 ,0,60,181,185
2197,2375,,,0,60,184,185
2198,2376,,,0,60,151,185
2199,2377,,,0,60,105,185
2200,2378,2022-11-16 ,2023-09-11 ,0,60,185,194
2201,2379,2022-12-07 ,2023-03-30 ,1,60,48,185
2202,2380,,2023-03-29 ,0,60,163,185
2203,2381,,,0,60,194,67
2204,2382,,,0,60,88,185
2205,2383,,2023-09-25 ,0,60,45,185
2206,2384,,2023-02-09 ,0,60,201,
2207,2385,,,0,60,203,178
2208,2386,,,0,60,206,185
2209,2387,,2023-02-24 ,0,60,165,185
2210,2388,,,0,60,116,161
2211,2389,,2023-01-18 ,0,60,80,19
2212,2390,,,0,60,208,185
2213,2391,,2023-04-26 ,0,60,51,185
2214,2392,,2023-03-29 ,0,60,128,185
2215,2393,,2023-03-30 ,0,60,209,185
2216,2394,,2023-03-21 ,0,60,149,11
2217,2395,,,0,60,211,62
2218,2396,,,0,60,10,185
2219,2397,2022-11-21 ,2023-03-27 ,1,60,212,185
2220,2398,2023-04-05 ,2023-04-05 ,1,61,2,214
2221,2399,,,0,61,63,185
2222,2400,2023-04-10 ,2023-04-11 ,1,61,9,185
2223,2401,2023-04-05 ,2023-06-21 ,1,61,11,214
2224,2403,2023-04-12 ,2023-04-12 ,1,61,18,214
2225,2404,2023-04-05 ,2023-04-05 ,1,61,21,185
2226,2405,2023-04-06 ,2023-04-06 ,1,61,23,185
2227,2406,2023-04-06 ,2023-04-06 ,1,61,33,185
2228,2408,2023-04-05 ,2023-04-07 ,1,61,39,185
2229,2409,2023-04-12 ,2023-04-12 ,1,61,49,214
2230,2410,2023-04-05 ,2023-04-05 ,1,61,62,185
2231,2411,2023-03-30 ,2023-03-30 ,1,61,28,185
2232,2412,2023-04-05 ,2023-04-06 ,1,61,30,185
2233,2413,2023-04-12 ,2023-04-12 ,1,61,25,185
2234,2414,2023-04-05 ,2023-05-12 ,1,61,89,185
2235,2415,2023-03-30 ,2023-06-15 ,1,61,112,185
2236,2416,2023-04-05 ,2023-04-06 ,1,61,26,185
2237,2417,,,0,61,56,178
2238,2418,2023-04-03 ,2024-03-11 ,1,61,141,185
2239,2419,2023-04-03 ,2023-06-21 ,1,61,142,185
2240,2420,2023-04-06 ,2023-04-11 ,1,61,84,185
2241,2421,2023-03-30 ,2023-03-30 ,1,61,138,185
2242,2422,2023-04-06 ,2023-04-25 ,1,61,148,185
2243,2423,2023-04-04 ,2023-05-12 ,1,61,20,185
2244,2425,,,0,61,167,185
2245,2426,2023-04-11 ,2023-04-11 ,1,61,153,185
2246,2427,2023-03-31 ,2023-04-21 ,1,61,166,185
2247,2428,,,0,61,59,194
2248,2429,2023-04-04 ,2023-04-05 ,1,61,168,185
2249,2430,,2024-02-26 ,0,61,176,
2250,2431,2023-03-31 ,2023-03-30 ,1,61,177,116
2251,2432,2023-04-26 ,2023-05-08 ,1,61,178,214
2252,2433,2023-04-06 ,2023-04-24 ,1,61,170,185
2253,2434,2023-04-04 ,2023-05-15 ,1,61,181,185
2254,2435,2023-04-06 ,2023-04-06 ,1,61,184,185
2255,2436,2023-04-06 ,2023-04-06 ,1,61,151,185
2256,2437,2023-04-05 ,2023-04-05 ,1,61,105,185
2257,2438,2023-05-11 ,2023-05-11 ,1,61,185,194
2258,2439,2023-04-05 ,2023-04-05 ,1,61,48,185
2259,2440,2023-05-11 ,2023-05-11 ,1,61,194,67
2260,2441,2023-03-24 ,2023-03-24 ,1,61,88,185
2261,2442,,2023-05-15 ,0,61,201,
2262,2443,,2023-05-24 ,0,61,203,178
2263,2444,,2023-04-17 ,0,61,206,185
2264,2445,,,0,61,165,185
2265,2446,2023-04-12 ,2023-04-12 ,1,61,116,214
2266,2447,,2023-05-12 ,0,61,80,19
2267,2448,2023-04-05 ,2023-04-05 ,1,61,208,185
2268,2449,2023-04-05 ,2023-04-07 ,1,61,51,185
2269,2450,2023-04-07 ,2023-04-11 ,1,61,128,185
2270,2451,2023-03-30 ,2023-03-30 ,1,61,209,185
2271,2453,,,0,61,211,62
2272,2454,2023-04-19 ,2023-06-16 ,1,61,213,80
2273,2455,,2023-04-14 ,0,59,213,80
2274,2456,,2023-11-09 ,0,58,213,80
2275,2457,,2023-04-11 ,0,59,214,194
2276,2458,2023-05-11 ,2023-05-29 ,1,61,214,194
2277,2459,,2023-09-07 ,0,60,214,194
2278,2460,,2023-08-22 ,0,59,215,19
2279,2461,,2023-04-22 ,0,61,215,19
2280,2462,,2023-09-07 ,0,55,214,194
2281,2463,,2023-04-13 ,0,57,214,194
2282,2464,,2023-10-31 ,0,59,216,185
2283,2465,2023-05-11 ,2023-10-31 ,1,61,216,185
2284,2466,2023-04-12 ,2023-04-12 ,1,61,180,214
2285,2467,2023-04-05 ,2023-04-05 ,1,61,212,185
2286,2468,2023-04-03 ,2023-04-03 ,1,61,163,185
2287,2469,2023-04-06 ,2023-04-06 ,1,61,52,185
2288,2470,,,0,61,45,185
2289,2471,2023-06-13 ,2023-06-12 ,1,62,2,214
2290,2472,,,0,62,63,185
2291,2473,2023-06-16 ,2023-06-16 ,1,62,9,185
2292,2474,2023-06-16 ,2023-06-26 ,1,62,11,214
2293,2475,2023-06-16 ,2023-06-16 ,1,62,18,214
2294,2476,2023-06-15 ,2023-06-15 ,1,62,21,185
2295,2477,2023-06-16 ,2023-06-16 ,1,62,23,185
2296,2478,2023-06-20 ,2023-06-20 ,1,62,33,185
2297,2479,2023-06-19 ,2023-06-19 ,1,62,39,185
2298,2480,2023-06-19 ,2023-06-19 ,1,62,49,214
2299,2481,2023-06-19 ,2023-06-19 ,1,62,62,185
2300,2482,2023-06-27 ,2023-08-29 ,1,62,28,185
2301,2483,2023-06-16 ,2023-08-02 ,1,62,30,185
2302,2484,2023-06-20 ,2023-06-20 ,1,62,25,185
2303,2485,2023-06-16 ,2023-07-05 ,1,62,89,185
2304,2486,2023-06-16 ,2023-06-15 ,1,62,112,185
2305,2487,2023-06-16 ,2023-06-15 ,1,62,26,185
2306,2488,,,0,62,56,178
2307,2489,2023-06-20 ,2023-06-20 ,1,62,141,185
2308,2490,2023-06-15 ,2023-07-13 ,1,62,142,185
2309,2491,2023-06-15 ,2023-06-15 ,1,62,84,185
2310,2492,2023-06-16 ,2023-06-16 ,1,62,138,185
2311,2493,2023-06-19 ,2023-06-19 ,1,62,148,185
2312,2494,2023-06-07 ,2023-06-20 ,1,62,20,185
2313,2495,,,0,62,167,185
2314,2496,2023-06-19 ,2023-06-19 ,1,62,153,185
2315,2497,2023-06-15 ,2023-07-17 ,1,62,166,185
2316,2498,,,0,62,59,194
2317,2499,2023-06-16 ,2023-06-21 ,1,62,168,185
2318,2500,2023-06-27 ,2024-02-26 ,0,62,176,
2319,2501,2023-06-20 ,2023-06-20 ,1,62,177,116
2320,2502,2023-06-27 ,2023-07-03 ,1,62,178,214
2321,2503,2023-06-16 ,2023-06-16 ,1,62,170,185
2322,2504,2023-06-20 ,2023-07-11 ,1,62,181,185
2323,2505,2023-06-12 ,2023-06-26 ,1,62,184,185
2324,2506,2023-06-19 ,2023-06-19 ,1,62,151,214
2325,2507,2023-06-16 ,2023-06-16 ,1,62,105,185
2326,2508,2023-06-30 ,2023-06-30 ,1,62,185,194
2327,2509,2023-06-15 ,2023-06-15 ,1,62,48,185
2328,2510,2023-06-30 ,2023-06-30 ,1,62,194,67
2329,2511,2023-06-20 ,2023-06-20 ,1,62,88,185
2330,2512,,2023-11-02 ,0,62,201,
2331,2513,,2023-06-23 ,0,62,203,178
2332,2514,,,0,62,206,185
2333,2515,,,0,62,165,185
2334,2516,2023-06-16 ,2023-06-16 ,1,62,116,214
2335,2517,2023-06-30 ,2023-07-05 ,1,62,80,19
2336,2518,2023-06-20 ,2023-06-20 ,1,62,208,185
2337,2519,2023-06-15 ,2023-06-15 ,1,62,51,185
2338,2520,2023-06-19 ,2023-06-19 ,1,62,128,185
2339,2521,2023-06-16 ,2023-09-20 ,1,62,209,185
2340,2522,2023-06-08 ,2023-06-15 ,1,62,211,62
2341,2523,2023-06-26 ,2023-06-27 ,1,62,213,80
2342,2524,2023-06-30 ,2023-10-05 ,1,62,214,194
2343,2525,2023-06-20 ,2023-08-10 ,1,62,215,19
2344,2526,2023-06-30 ,2023-11-02 ,1,62,216,185
2345,2527,2023-06-19 ,2023-06-19 ,1,62,180,214
2346,2528,2023-06-20 ,2023-06-20 ,1,62,212,185
2347,2529,2023-06-16 ,2023-06-15 ,1,62,163,185
2348,2530,2023-06-16 ,2023-07-05 ,1,62,52,185
2349,2531,2023-06-16 ,2023-06-16 ,1,62,45,185
2350,2532,2023-06-20 ,2023-06-20 ,1,62,218,185
2351,2533,,2023-09-29 ,0,60,216,194
2352,2534,,2023-07-10 ,0,56,216,194
2353,2536,,,0,63,63,185
2354,2537,2023-09-23 ,2023-09-14 ,1,63,9,185
2355,2538,2023-09-22 ,2023-10-10 ,1,63,11,214
2356,2539,2023-09-26 ,2023-09-26 ,1,63,18,214
2357,2540,2023-09-22 ,2023-09-22 ,1,63,21,185
2358,2541,2023-09-22 ,2023-09-22 ,1,63,23,185
2359,2542,2023-09-25 ,2023-09-25 ,1,63,33,185
2360,2543,2023-09-22 ,2023-10-03 ,1,63,39,185
2361,2544,2023-09-26 ,2023-09-26 ,1,63,49,214
2362,2545,2023-09-22 ,2023-11-10 ,1,63,62,185
2363,2546,2023-09-22 ,2023-10-31 ,1,63,28,185
2364,2547,2023-09-22 ,2023-11-07 ,1,63,30,185
2365,2548,2023-09-22 ,2023-12-20 ,1,63,25,185
2366,2549,2023-09-22 ,2023-12-20 ,1,63,89,185
2367,2550,2023-09-22 ,2023-09-21 ,1,63,112,185
2368,2551,2023-09-22 ,2023-10-20 ,1,63,26,185
2369,2552,2023-09-29 ,2023-09-29 ,1,63,56,178
2370,2553,2023-09-19 ,2023-09-20 ,1,63,141,185
2371,2554,2023-09-22 ,2023-11-11 ,1,63,142,185
2372,2555,2023-09-25 ,2023-09-29 ,1,63,84,185
2373,2556,2023-09-22 ,2023-09-22 ,1,63,138,185
2374,2557,2023-09-20 ,2023-09-22 ,1,63,148,185
2375,2558,2023-09-22 ,2023-09-22 ,1,63,20,185
2376,2559,,,0,63,167,185
2377,2561,2023-09-23 ,2023-10-11 ,1,63,166,185
2378,2562,,,0,63,59,194
2379,2563,2023-09-22 ,2023-11-08 ,1,63,168,185
2380,2564,,2024-02-26 ,0,63,176,
2381,2565,2023-09-29 ,2023-10-05 ,1,63,177,116
2382,2566,2023-10-03 ,2023-10-31 ,1,63,178,214
2383,2567,2023-09-20 ,2023-09-13 ,1,63,170,185
2384,2568,2023-09-22 ,2023-12-19 ,1,63,181,185
2385,2569,2023-09-25 ,2023-10-13 ,1,63,184,185
2386,2570,2023-09-27 ,2023-09-27 ,1,63,151,214
2387,2571,2023-09-22 ,2023-09-27 ,1,63,105,185
2388,2572,2023-10-13 ,2023-10-13 ,0,63,185,194
2389,2573,2023-09-11 ,2023-09-11 ,1,63,48,185
2390,2574,2023-11-15 ,2023-11-15 ,1,63,194,67
2391,2575,2023-09-25 ,2023-10-06 ,1,63,88,185
2392,2576,,2023-10-31 ,0,63,201,
2393,2577,2023-09-29 ,2023-11-07 ,1,63,203,178
2394,2578,,,0,63,206,185
2395,2580,2023-09-26 ,2023-09-26 ,1,63,116,214
2396,2581,2023-10-04 ,2023-10-04 ,1,63,80,185
2397,2582,2023-09-24 ,2023-09-24 ,1,63,208,185
2398,2583,2023-09-22 ,2024-01-24 ,1,63,51,185
2399,2584,2023-09-22 ,2023-09-22 ,1,63,128,185
2400,2585,2023-09-22 ,2023-09-22 ,1,63,209,185
2401,2586,2023-09-26 ,2023-11-10 ,1,63,211,62
2402,2587,2023-10-04 ,2023-10-29 ,1,63,213,80
2403,2588,2023-11-15 ,2023-11-15 ,1,63,214,194
2404,2589,2023-09-26 ,2023-11-17 ,1,63,215,185
2405,2590,2023-11-08 ,2024-01-30 ,1,63,216,185
2406,2593,2023-09-22 ,2023-09-22 ,1,63,163,185
2407,2594,2023-09-22 ,2023-09-21 ,1,63,52,185
2408,2595,2023-09-26 ,2024-01-30 ,1,63,45,216
2409,2596,2023-09-24 ,2023-09-25 ,1,63,218,185
2410,2597,,,0,64,63,185
2411,2598,2023-10-11 ,2023-10-11 ,1,64,9,216
2412,2599,2023-10-10 ,2023-10-12 ,1,64,11,214
2413,2600,2023-10-12 ,2023-10-12 ,1,64,18,214
2414,2601,2023-10-11 ,2023-10-05 ,1,64,21,185
2415,2602,2023-10-11 ,2023-11-02 ,1,64,23,185
2416,2603,2023-10-11 ,2023-10-11 ,1,64,33,185
2417,2604,2023-10-11 ,2024-02-07 ,1,64,39,185
2418,2605,2023-10-12 ,2023-10-12 ,1,64,49,214
2419,2606,2023-10-11 ,2023-10-11 ,1,64,62,185
2420,2607,2023-10-10 ,2023-10-10 ,1,64,28,185
2421,2608,2023-10-11 ,2023-12-05 ,1,64,30,216
2422,2609,2023-10-11 ,2023-10-11 ,1,64,25,185
2423,2610,2023-10-11 ,2023-12-20 ,1,64,89,185
2424,2611,2023-10-10 ,2023-12-26 ,1,64,112,185
2425,2612,2023-10-11 ,2023-10-11 ,1,64,26,185
2426,2613,,,0,64,56,178
2427,2614,2023-10-11 ,2024-03-11 ,1,64,141,185
2428,2615,2023-10-11 ,2024-02-19 ,1,64,142,216
2429,2616,2023-10-11 ,2023-10-11 ,1,64,84,216
2430,2617,2023-10-11 ,2024-03-06 ,1,64,138,216
2431,2618,2023-10-11 ,2023-10-11 ,1,64,148,185
2432,2619,2023-10-11 ,2023-11-28 ,1,64,20,185
2433,2620,,,0,64,167,185
2434,2621,2023-10-11 ,2023-10-11 ,1,64,166,185
2435,2622,,,0,64,59,194
2436,2623,2023-10-10 ,2023-10-31 ,1,64,168,185
2437,2624,,2024-03-04 ,0,64,176,
2438,2625,2023-10-11 ,2023-10-11 ,1,64,177,216
2439,2626,2023-10-12 ,2024-02-27 ,1,64,178,214
2440,2627,2023-10-11 ,2024-03-01 ,1,64,170,216
2441,2628,2023-10-09 ,2023-12-06 ,1,64,181,185
2442,2629,2023-10-10 ,2023-10-13 ,1,64,184,185
2443,2630,2023-10-12 ,2023-10-12 ,1,64,151,214
2444,2631,2023-10-10 ,2024-02-28 ,1,64,105,185
2445,2632,,2023-10-12 ,0,64,185,194
2446,2633,2023-10-11 ,2023-10-11 ,1,64,48,185
2447,2634,2023-12-19 ,2023-12-19 ,1,64,194,67
2448,2635,2023-10-11 ,2023-10-11 ,1,64,88,216
2449,2636,,2023-12-13 ,0,64,201,
2450,2637,,,0,64,203,178
2451,2638,,,0,64,206,185
2452,2639,2023-10-12 ,2023-10-12 ,1,64,116,214
2453,2640,,2024-02-13 ,0,64,80,185
2454,2641,2023-10-11 ,2023-10-11 ,1,64,208,216
2455,2642,2023-10-11 ,2023-10-10 ,1,64,51,185
2456,2643,2023-10-11 ,2023-10-11 ,1,64,128,216
2457,2644,2023-10-11 ,2024-03-11 ,1,64,209,216
2458,2645,,2024-03-11 ,0,64,211,62
2459,2646,2023-11-27 ,2024-01-02 ,1,64,213,80
2460,2647,2023-11-24 ,2023-11-23 ,0,64,214,194
2461,2648,2023-10-11 ,2023-11-22 ,1,64,215,185
2462,2649,2024-03-12 ,2024-03-12 ,0,64,216,185
2463,2650,2023-10-10 ,2023-10-10 ,1,64,163,185
2464,2651,2023-10-11 ,2023-10-11 ,1,64,52,216
2465,2652,2023-10-11 ,2023-10-11 ,1,64,45,216
2466,2653,2023-10-10 ,2023-10-11 ,1,64,218,185
2467,2654,,,0,65,63,185
2468,2655,,,0,65,9,185
2469,2656,,,0,65,11,214
2470,2657,,,0,65,18,214
2471,2658,,,0,65,21,185
2472,2659,,,0,65,23,185
2473,2660,,,0,65,33,185
2474,2661,,,0,65,39,185
2475,2662,,,0,65,49,214
2476,2663,,,0,65,62,185
2477,2664,,,0,65,28,185
2478,2665,,2023-11-24 ,0,65,30,185
2479,2666,,2023-12-20 ,0,65,25,185
2480,2667,2024-01-05 ,2024-02-26 ,0,65,89,185
2481,2668,2023-12-26 ,2023-12-26 ,0,65,112,185
2482,2669,2023-12-19 ,2024-02-02 ,0,65,26,185
2483,2670,,,0,65,56,178
2484,2671,,,0,65,141,185
2485,2672,,2024-03-07 ,0,65,142,185
2486,2673,,,0,65,84,185
2487,2674,,,0,65,138,185
2488,2675,,,0,65,148,185
2489,2676,,2024-03-07 ,0,65,20,185
2490,2677,,,0,65,167,185
2491,2678,,2023-12-28 ,0,65,166,185
2492,2679,,,0,65,59,194
2493,2680,,,0,65,168,185
2494,2681,,2024-02-26 ,0,65,176,
2495,2682,,,0,65,177,116
2496,2683,,2023-11-29 ,0,65,178,214
2497,2684,,2024-03-01 ,0,65,170,185
2498,2685,,2024-01-30 ,0,65,181,185
2499,2686,,,0,65,184,185
2500,2687,,,0,65,151,214
2501,2688,,2024-03-11 ,0,65,105,185
2502,2689,,,0,65,185,194
2503,2690,,,0,65,48,185
2504,2691,,,0,65,194,67
2505,2692,,,0,65,88,185
2506,2693,,2024-02-19 ,0,65,201,
2507,2694,,2023-12-13 ,0,65,203,178
2508,2695,,,0,65,206,185
2509,2696,,,0,65,116,214
2510,2697,,2024-02-05 ,0,65,80,185
2511,2698,,,0,65,208,185
2512,2699,,2023-11-21 ,0,65,51,185
2513,2700,,,0,65,128,185
2514,2701,,,0,65,209,185
2515,2702,,,0,65,211,62
2516,2703,,2024-01-02 ,0,65,213,80
2517,2704,,2024-03-11 ,0,65,214,194
2518,2705,,2023-11-22 ,0,65,215,185
2519,2706,2024-03-12 ,2024-03-12 ,0,65,216,185
2520,2707,,,0,65,163,185
2521,2708,,,0,65,52,185
2522,2709,,2024-01-30 ,0,65,45,216
2523,2710,,,0,65,218,185
2524,2711,,,0,66,63,185
2525,2712,,2024-03-11 ,0,66,9,216
2526,2713,2024-03-08 ,2024-03-12 ,1,66,11,214
2527,2714,,,0,66,18,214
2528,2715,2024-03-11 ,2024-03-11 ,1,66,21,185
2529,2716,2024-03-11 ,2024-03-11 ,1,66,23,185
2530,2717,,,0,66,33,185
2531,2718,2024-03-06 ,2024-03-06 ,0,66,39,185
2532,2719,,,0,66,49,214
2533,2720,,2024-02-29 ,0,66,62,185
2534,2721,2024-03-05 ,2024-03-11 ,1,66,28,185
2535,2722,2024-03-12 ,2024-03-12 ,1,66,30,216
2536,2723,,2024-02-23 ,0,66,25,185
2537,2724,2024-03-12 ,2024-03-12 ,1,66,89,185
2538,2725,2024-03-12 ,2024-03-12 ,1,66,112,185
2539,2726,,2024-03-11 ,0,66,26,185
2540,2727,,,0,66,56,178
2541,2728,2024-03-11 ,2024-03-11 ,1,66,141,185
2542,2729,2024-03-11 ,2024-03-12 ,1,66,142,216
2543,2730,,,0,66,84,216
2544,2731,2024-03-11 ,2024-03-11 ,1,66,138,216
2545,2732,,,0,66,148,185
2546,2733,2024-03-08 ,2024-03-08 ,0,66,20,185
2547,2734,,,0,66,167,185
2548,2735,2024-03-06 ,2024-03-11 ,1,66,166,185
2549,2736,,,0,66,59,194
2550,2737,,2024-02-05 ,0,66,168,185
2551,2738,,2024-03-08 ,0,66,176,
2552,2739,2024-03-04 ,2024-03-04 ,0,66,177,216
2553,2740,2024-03-11 ,2024-03-12 ,0,66,178,214
2554,2741,,,0,66,170,216
2555,2742,2024-03-08 ,2024-03-08 ,0,66,181,185
2556,2743,2024-03-11 ,2024-03-11 ,1,66,184,185
2557,2744,,,0,66,151,214
2558,2745,2024-03-11 ,2024-03-11 ,1,66,105,185
2559,2746,2024-03-11 ,2024-03-11 ,0,66,185,194
2560,2747,2024-03-11 ,2024-03-11 ,1,66,48,185
2561,2748,,,0,66,194,67
2562,2749,2024-03-11 ,2024-03-11 ,1,66,88,216
2563,2750,,2024-03-12 ,0,66,201,
2564,2751,,,0,66,203,178
2565,2752,,2024-02-15 ,0,66,206,185
2566,2753,,,0,66,116,214
2567,2754,,2024-03-04 ,0,66,80,185
2568,2755,,,0,66,208,216
2569,2756,2024-03-12 ,2024-03-12 ,0,66,51,185
2570,2757,,,0,66,128,216
2571,2758,2024-03-11 ,2024-03-11 ,1,66,209,216
2572,2759,,2024-03-11 ,0,66,211,62
2573,2761,2024-03-12 ,2024-03-12 ,0,66,214,194
2574,2762,,2024-01-25 ,0,66,215,185
2575,2763,2024-03-07 ,2024-03-12 ,0,66,216,185
2576,2764,2024-03-11 ,2024-03-11 ,1,66,163,185
2577,2765,2024-03-08 ,2024-03-11 ,1,66,52,216
2578,2766,,2024-01-30 ,0,66,45,216
2579,2767,2024-03-12 ,2024-03-12 ,1,66,218,185
2580,2768,,,0,64,140,80
2581,2769,2024-03-12 ,2024-03-13 ,0,66,140,80
