rownames,session_id,collaborator_id,event_id,event_start_date,event_type,SalaireMois,ETP01,ETP02,ETP03,ETP04,ETP05,ETP06,ETP07,ETP08,ETP09,ETP10,ETP11,ETP12,ETP,Salaire13,PrimePrecarite,CongesCDD,ChargesSocialesPourcent,CoutTotalAnnuel,user_comments,comments,credte,creuser_id,upddte,upduser_id,PrecariteActive
1,2,1,0,2014-01-01,DefaultPeriod,3188.26,1,1,1,1,1,1,1,1,1,1,1,1,1,0,0,0,0.299,49698.6,,,2013-11-20 ,60,2014-03-25 ,65,0
2,2,2,0,2014-01-01,DefaultPeriod,3568.51,0.5,0.5,0.5,0.5,0.5,0.5,0.5,0.5,0.5,0.5,0.5,0,0.46,1650.44,2145.57,2671.47,0.608,42246.52,,,2013-11-20 ,60,2014-03-25 ,65,1
3,2,3,0,2014-01-01,DefaultPeriod,4017.79,1,1,1,1,1,1,1,1,1,1,1,1,1,4057.97,0,0,0.608,84827.76,,,2013-11-20 ,60,2014-03-25 ,65,0
4,2,4,0,2014-01-01,DefaultPeriod,4573.21,1,1,1,1,1,1,1,1,1,1,1,1,1,4618.94,0,0,0.608,96554.37,,,2013-11-20 ,60,2014-03-25 ,65,0
5,2,7,0,2014-01-01,DefaultPeriod,6531,0.5,0.5,0.5,0.5,0.5,0.5,0.5,0.5,0.5,0.5,0.5,0.5,0.5,0,0,0,0.2,47023.2,,,2013-11-20 ,60,2014-03-25 ,65,0
6,2,8,0,2014-01-01,DefaultPeriod,4262.82,1,1,0,0,0,0,0,0,1,1,1,1,0.5,2131.41,0,0,0.346,37295.41,,,2013-11-20 ,60,2014-03-25 ,65,0
7,2,9,0,2014-01-01,DefaultPeriod,4373.75,1,1,1,1,1,1,1,1,1,1,1,1,1,4417.49,0,0,0.608,92343.16,,,2013-11-20 ,60,2014-03-25 ,65,0
8,2,10,0,2014-01-01,DefaultPeriod,3861.78,1,1,1,1,1,1,1,1,1,1,1,1,1,3900.4,5070.52,6313.35,0.608,99839.18,,,2013-11-20 ,60,2014-03-25 ,65,1
9,2,11,0,2014-01-01,DefaultPeriod,4203.91,1,1,1,1,1,1,1,1,1,1,1,1,1,4245.95,0,0,0.608,88757.32,,,2013-11-20 ,60,2014-03-25 ,65,0
10,2,12,0,2014-01-01,DefaultPeriod,6609.23,1,1,1,1,1,1,1,1,1,1,1,1,1,0,0,0,0.608,127531.7,,,2013-11-20 ,60,2014-03-25 ,65,0
11,2,16,0,2014-01-01,DefaultPeriod,2929.28,0.8,0.8,0.8,0.8,0.8,0.8,0.8,0.8,0.8,0.8,0.8,0.8,0.8,2366.86,0,0,0.608,49476.81,,,2013-11-20 ,60,2014-03-25 ,65,0
12,2,17,0,2014-01-01,DefaultPeriod,4203.91,1,1,1,1,1,1,1,1,1,1,1,0,0.92,3888.62,0,0,0.608,81287.65,,,2013-11-20 ,60,2014-03-25 ,65,0
13,2,17,0,2014-12-01,Promotion,4287.99,0,0,0,0,0,0,0,0,0,0,0,1,0.08,364.48,0,0,0.608,7619.07,,,2013-11-20 ,60,2014-03-25 ,65,0
14,2,18,0,2014-01-01,DefaultPeriod,4757.97,1,1,1,1,1,1,1,1,1,1,1,1,1,4805.55,0,0,0.608,100455.22,,,2013-11-20 ,60,2014-03-25 ,65,0
15,2,19,0,2014-01-01,DefaultPeriod,6458.45,1,1,1,1,1,1,1,1,1,1,1,1,1,6523.03,0,0,0.608,136357.5,,,2013-11-20 ,60,2014-03-25 ,65,0
16,2,20,0,2014-01-01,DefaultPeriod,4017.79,1,1,1,1,1,1,1,1,1,1,1,1,1,4057.97,0,0,0.608,84827.76,,,2013-11-20 ,60,2014-03-25 ,65,0
17,2,21,0,2014-01-01,DefaultPeriod,4373.75,1,1,1,1,1,1,1,1,1,1,1,1,1,4417.49,0,0,0.608,92343.16,,,2013-11-20 ,60,2014-03-25 ,65,0
18,2,22,0,2014-01-01,DefaultPeriod,4373.75,0.8,0.8,0.8,0.8,0.8,0.8,0.8,0.8,0.8,0.8,0.8,0.8,0.8,3533.99,0,0,0.608,73874.53,,,2013-11-20 ,60,2014-03-25 ,65,0
19,2,23,0,2014-01-01,DefaultPeriod,4373.75,1,1,1,1,1,1,1,1,1,1,1,1,1,4417.49,0,0,0.608,92343.16,,,2013-11-20 ,60,2014-03-25 ,65,0
20,2,24,0,2014-01-01,DefaultPeriod,4573.21,1,1,1,1,1,1,1,1,1,1,1,1,1,4618.94,0,0,0.608,96554.37,,,2013-11-20 ,60,2014-03-25 ,65,0
21,2,25,0,2014-01-01,DefaultPeriod,4643.23,1,1,1,1,1,1,1,1,1,1,1,1,1,4643.23,0,0,0.346,81247.24,,,2013-12-06 ,60,2014-03-25 ,65,0
22,2,26,0,2014-01-01,DefaultPeriod,4203.91,1,1,1,0.7,0.7,0.7,0.7,0.7,0.7,0.7,0.7,0.7,0.78,3287.46,0,0,0.608,68721.02,a verifier avec nathalie,,2013-11-20 ,60,2014-03-25 ,65,0
23,2,27,0,2014-01-01,DefaultPeriod,4203.91,0,0,0,0,0,0,0,0,0,0,0,0,0,0,0,0,0.608,0,passage msf,,2013-12-09 ,60,2014-03-25 ,65,0
24,2,28,0,2014-01-01,DefaultPeriod,3861.78,1,1,1,1,1,1,1,1,1,1,1,1,1,3900.4,0,0,0.608,81533.91,,,2013-11-20 ,60,2014-03-25 ,65,0
25,2,29,0,2014-01-01,DefaultPeriod,5603.53,0.5,0.5,0.5,0.5,0.5,0.5,0.5,0.5,0.5,0.5,0.5,0.5,0.5,2829.78,0,0,0.608,59153.77,dansla capicité à faire à 100%,,2013-11-20 ,60,2014-03-25 ,65,0
26,2,31,0,2014-01-01,DefaultPeriod,3939.01,1,0,0,0,0,0,0,0,0,0,0,0,0.08,328.25,0,0,0.608,6861.75,,,2013-11-20 ,60,2014-03-25 ,65,0
27,2,31,0,2014-02-22,Promotion,4017.79,0,1,1,1,1,1,1,1,1,1,1,1,0.92,3723.15,0,0,0.608,77828.76,,,2013-11-20 ,60,2014-03-25 ,65,0
28,2,32,0,2014-01-01,DefaultPeriod,4664.67,0,0,0,0,0,0,0,0,0,0,0,0,0,0,0,0,0.608,0,,,2013-12-09 ,60,2014-03-25 ,65,0
29,2,33,0,2014-01-01,DefaultPeriod,5603.53,1,1,1,1,1,1,1,1,1,1,1,1,1,5659.56,0,0,0.608,118307.54,,,2013-11-20 ,60,2014-03-25 ,65,0
30,2,34,0,2014-01-01,DefaultPeriod,4203.91,1,1,1,1,1,1,1,1,1,1,1,1,1,4245.95,0,0,0.608,88757.32,,,2013-11-20 ,60,2014-03-25 ,65,0
31,2,36,0,2014-01-01,DefaultPeriod,8558.67,1,1,1,1,1,1,1,1,0,0,0,0,0.67,0,0,0,0.608,110098.73,,,2013-11-20 ,60,2014-03-25 ,65,0
32,2,37,0,2014-01-01,DefaultPeriod,6530.82,1,1,1,1,1,1,1,1,1,1,1,1,1,0,0,0,0.2,94043.81,,,2013-11-20 ,60,2014-03-25 ,65,0
33,2,38,0,2014-01-01,DefaultPeriod,3939.01,1,1,1,1,1,1,1,1,1,1,1,1,1,3978.4,0,0,0.608,83164.47,,,2013-11-20 ,60,2014-03-25 ,65,0
34,2,39,0,2014-01-01,DefaultPeriod,3939.01,1,1,1,0,0,0,0,0,0,1,1,1,0.5,1989.2,2585.96,3219.81,0.608,50917.91,,,2013-11-20 ,60,2014-03-25 ,65,1
35,2,42,0,2014-01-01,DefaultPeriod,5603.53,1,1,1,1,1,1,1,1,1,1,1,1,1,5659.56,0,0,0.608,118307.54,,,2013-11-20 ,60,2014-03-25 ,65,0
36,2,43,0,2014-01-01,DefaultPeriod,4017.79,1,1,1,1,1,1,1,1,1,1,1,1,1,4057.97,0,0,0.608,84827.76,,,2013-11-20 ,60,2014-03-25 ,65,0
37,2,44,0,2014-01-01,DefaultPeriod,4287.99,1,1,1,1,0,0,0,0,0,0,0,0,0.33,1429.33,0,0,0.608,29878.71,,,2013-11-20 ,60,2014-03-25 ,65,0
38,2,44,0,2014-06-01,Promotion,4373.75,0,0,0,0,0,0,0,0,0,0,0,0,0,0,0,0,0.608,0,,,2013-11-20 ,60,2014-03-25 ,65,0
39,2,45,0,2014-01-01,DefaultPeriod,3939.01,1,1,1,1,1,1,1,1,1,1,1,1,1,3978.4,0,0,0.608,83164.47,Ne pas compter dans la capacité à faire et ijss,,2013-11-20 ,60,2014-03-25 ,65,0
40,2,46,0,2014-01-01,DefaultPeriod,4573.21,1,1,1,1,1,1,1,1,1,1,1,1,1,4618.94,0,0,0.608,96554.37,,,2013-11-20 ,60,2014-03-25 ,65,0
41,2,47,0,2014-01-01,DefaultPeriod,4017.79,0.68,0.68,0.68,0.68,0.68,0.68,0.68,0.68,0.68,0.68,0.68,0.68,0.68,2759.42,0,0,0.608,57682.88,,,2013-11-20 ,60,2014-03-25 ,65,0
42,2,48,0,2014-01-01,DefaultPeriod,3861.78,1,1,0,0,0,0,0,0,0,0,0,0,0.17,643.63,836.72,1041.81,0.608,16475.12,,,2013-11-20 ,60,2014-03-25 ,65,1
43,2,49,0,2014-01-01,DefaultPeriod,3861.78,1,1,1,0,0,0,0,0,0,0,0,0,0.25,965.45,0,0,0.608,20181.67,,,2013-11-20 ,60,2014-03-25 ,65,0
44,2,49,0,2014-04-01,Promotion,3939.01,0,0,0,1,1,1,1,1,1,1,1,1,0.75,2993.65,0,0,0.608,62579.21,,,2013-11-20 ,60,2014-03-25 ,65,0
45,2,50,0,2014-01-01,DefaultPeriod,4340,1,1,1,1,1,1,1,1,1,1,1,1,1,4340,5642,7024.91,0.608,111091.75,,,2013-11-20 ,60,2014-03-25 ,65,1
46,2,51,0,2014-01-01,DefaultPeriod,7321.54,0,0,0,0,0,1,1,0,0,0,0,0,0.17,0,0,0,0.2,17571.7,voir avec jf,,2013-11-20 ,60,2014-03-25 ,65,0
47,2,52,0,2014-01-01,DefaultPeriod,5603.53,1,1,1,1,1,1,1,1,1,1,1,1,1,5659.56,0,0,0.608,118307.54,,,2013-11-20 ,60,2014-03-25 ,65,0
48,2,53,0,2014-01-01,DefaultPeriod,4307.96,1,1,1,1,1,1,1,1,1,1,1,1,1,4351.04,0,0,0.608,90954.14,,,2013-11-20 ,60,2014-03-25 ,65,0
49,2,54,0,2014-01-01,DefaultPeriod,3383.85,1,0,0,0,0,0,0,0,0,0,0,0,0.08,281.99,0,0,0.608,5894.67,,,2013-11-20 ,60,2014-03-25 ,65,0
50,2,54,0,2014-02-20,Promotion,3516.58,0,1,1,1,1,1,1,1,1,1,1,1,0.92,3258.7,0,0,0.608,68119.82,,,2013-11-20 ,60,2014-03-25 ,65,0
51,2,55,0,2014-01-01,DefaultPeriod,4516.3,1,1,1,1,1,1,1,1,1,1,1,1,1,4561.46,0,0,0.608,95352.82,,,2013-11-20 ,60,2014-03-25 ,65,0
52,2,56,0,2014-01-01,DefaultPeriod,2727.06,1,1,1,1,1,1,1,1,1,1,1,1,1,2754.33,0,0,0.608,57576.53,,,2013-11-20 ,60,2014-03-25 ,65,0
53,2,57,0,2014-01-01,DefaultPeriod,3175.66,1,1,1,1,1,1,1,1,1,1,1,1,1,3207.42,0,0,0.608,67047.84,,,2013-11-20 ,60,2014-03-25 ,65,0
54,2,58,0,2014-01-01,DefaultPeriod,3175.66,1,1,1,1,1,1,1,1,1,1,1,1,1,3207.42,0,0,0.608,67047.84,,,2013-11-20 ,60,2014-03-25 ,65,0
55,2,59,0,2014-01-01,DefaultPeriod,6530.82,1,1,1,1,1,1,1,0,0,0,0,0,0.58,0,4952.54,6166.46,0.2,68201.69,,,2013-11-20 ,60,2014-03-25 ,65,1
56,2,61,0,2014-01-01,DefaultPeriod,2548.09,1,1,1,1,1,1,1,1,1,1,1,1,1,0,0,0,0.608,49659.62,,,2013-12-04 ,60,2014-03-25 ,65,0
57,2,62,0,2014-01-01,DefaultPeriod,2727.06,1,1,1,1,1,1,1,1,1,1,1,1,1,2754.33,0,0,0.608,57576.53,,,2014-01-02 ,60,2014-03-25 ,65,0
58,2,63,0,2014-01-01,DefaultPeriod,2727.06,1,1,1,1,1,1,1,1,1,1,1,1,1,2754.33,0,0,0.608,57576.53,,,2014-01-02 ,60,2014-03-25 ,65,0
59,2,64,0,2014-04-01,DefaultPeriod,3568.5118,0,0,0,1,1,1,1,1,1,1,1,1,0.75,2712.07,0,0,0.608,56693.1,,,2014-01-29 ,60,2014-03-25 ,65,0
60,5,1,0,2014-01-01,DefaultPeriod,3188.26,1,1,1,1,1,1,1,1,1,1,1,1,1,0,0,0,0.299,49698.6,,,2014-05-30 ,60,2014-05-30 ,60,0
61,5,2,0,2014-01-01,DefaultPeriod,3568.51,0.5,0.5,0.5,0.5,0.5,0.5,0.5,0.5,0.5,0.5,0.5,0,0.46,1643,2135.9,2659.43,0.608,42056.19,,,2014-05-30 ,60,2014-06-02 ,60,1
62,5,3,0,2014-01-01,DefaultPeriod,4017.79,1,1,1,1,1,1,1,1,1,1,1,1,1,4037.88,0,0,0.608,84407.83,,,2014-05-30 ,60,2014-06-02 ,60,0
63,5,4,0,2014-01-01,DefaultPeriod,4573.21,1,1,1,1,1,1,1,1,1,1,1,1,1,4596.08,0,0,0.608,96076.38,,,2014-05-30 ,60,2014-06-02 ,60,0
64,5,7,0,2014-01-01,DefaultPeriod,6531,0.5,0.5,0.5,0.5,0.5,0.5,0.5,0.5,0.5,0.5,0.5,0.5,0.5,0,0,0,0.2,47023.2,,,2014-05-30 ,60,2014-05-30 ,60,0
65,5,8,0,2014-01-01,DefaultPeriod,4262.82,1,1,0,0,0,0,0,0,1,1,1,1,0.5,2131.41,0,0,0.346,37295.41,,,2014-05-30 ,60,2014-05-30 ,60,0
66,5,9,0,2014-01-01,DefaultPeriod,4373.75,1,1,1,1,1,1,1,1,1,1,1,1,1,4395.62,0,0,0.608,91886.02,,,2014-05-30 ,60,2014-06-02 ,60,0
67,5,10,0,2014-01-01,DefaultPeriod,3861.78,1,1,1,1,1,1,1,1,1,1,1,1,1,3881.09,5045.42,6282.1,0.608,99344.94,,,2014-05-30 ,60,2014-06-02 ,60,1
68,5,11,0,2014-01-01,DefaultPeriod,4203.91,1,1,1,1,1,1,1,1,1,1,1,1,1,4224.93,0,0,0.608,88317.92,,,2014-05-30 ,60,2014-06-02 ,60,0
69,5,12,0,2014-01-01,DefaultPeriod,6609.23,1,1,1,1,1,1,1,1,1,1,1,1,1,0,0,0,0.608,127531.7,,,2014-05-30 ,60,2014-05-30 ,60,0
70,5,16,0,2014-01-01,DefaultPeriod,2929.28,0.8,0.8,0.8,0.8,0.8,0.8,0.8,0.8,0.8,0.8,0.8,0.8,0.8,2355.14,0,0,0.608,49231.86,,,2014-05-30 ,60,2014-06-02 ,60,0
71,5,17,0,2014-01-01,DefaultPeriod,4203.91,1,1,1,1,1,1,1,1,1,1,1,0,0.92,3871.1,0,0,0.608,80921.49,,,2014-05-30 ,60,2014-06-02 ,60,0
72,5,17,0,2014-12-01,Promotion,4287.99,0,0,0,0,0,0,0,0,0,0,0,1,0.08,360.91,0,0,0.608,7544.38,,,2014-05-30 ,60,2014-06-02 ,60,0
73,5,18,0,2014-01-01,DefaultPeriod,4757.97,1,1,1,1,1,1,1,1,1,1,1,1,1,4781.76,0,0,0.608,99957.91,,,2014-05-30 ,60,2014-06-02 ,60,0
74,5,19,0,2014-01-01,DefaultPeriod,6458.45,1,1,1,1,1,1,1,1,1,1,1,1,1,6490.74,0,0,0.608,135682.48,,,2014-05-30 ,60,2014-06-02 ,60,0
75,5,20,0,2014-01-01,DefaultPeriod,4017.79,1,1,1,1,1,1,1,1,1,1,1,1,1,4037.88,0,0,0.608,84407.83,,,2014-05-30 ,60,2014-06-02 ,60,0
76,5,21,0,2014-01-01,DefaultPeriod,4373.75,1,1,1,1,1,1,1,1,1,1,1,1,1,4395.62,0,0,0.608,91886.02,,,2014-05-30 ,60,2014-06-02 ,60,0
77,5,22,0,2014-01-01,DefaultPeriod,4373.75,0.8,0.8,0.8,0.8,0.8,0.8,0.8,0.8,0.8,0.8,0.8,0.8,0.8,3516.5,0,0,0.608,73508.82,,,2014-05-30 ,60,2014-06-02 ,60,0
78,5,23,0,2014-01-01,DefaultPeriod,4373.75,1,1,1,1,1,1,1,1,1,1,1,1,1,4395.62,0,0,0.608,91886.02,,,2014-05-30 ,60,2014-06-02 ,60,0
79,5,24,0,2014-01-01,DefaultPeriod,4573.21,1,1,1,1,1,1,1,1,1,1,1,1,1,4596.08,0,0,0.608,96076.38,,,2014-05-30 ,60,2014-06-02 ,60,0
80,5,25,0,2014-01-01,DefaultPeriod,4643.23,1,1,1,1,1,1,1,1,1,1,1,1,1,4643.23,0,0,0.346,81247.24,,,2014-05-30 ,60,2014-05-30 ,60,0
81,5,26,0,2014-01-01,DefaultPeriod,4203.91,1,1,1,0.7,0.7,0.7,0.7,0.7,0.7,0.7,0.7,0.7,0.78,3272.74,0,0,0.608,68413.44,a verifier avec nathalie,,2014-05-30 ,60,2014-06-02 ,60,0
82,5,27,0,2014-01-01,DefaultPeriod,4203.91,0,0,0,0,0,0,0,0,0,0,0,0,0,0,0,0,0.608,0,passage msf,,2014-05-30 ,60,2014-05-30 ,60,0
83,5,28,0,2014-01-01,DefaultPeriod,3861.78,1,1,1,1,1,1,1,1,1,1,1,1,1,3881.09,0,0,0.608,81130.29,,,2014-05-30 ,60,2014-06-02 ,60,0
84,5,29,0,2014-01-01,DefaultPeriod,5603.53,0.5,0.5,0.5,0.5,0.5,0.5,0.5,0.5,0.5,0.5,0.5,0.5,0.5,2815.77,0,0,0.608,58860.94,dansla capicité à faire à 100%,,2014-05-30 ,60,2014-06-02 ,60,0
85,5,31,0,2014-01-01,DefaultPeriod,3939.01,1,0,0,0,0,0,0,0,0,0,0,0,0.08,328.25,0,0,0.608,6861.75,,,2014-05-30 ,60,2014-05-30 ,60,0
86,5,31,0,2014-02-22,Promotion,4017.79,0,1,1,1,1,1,1,1,1,1,1,1,0.92,3703.06,0,0,0.608,77408.83,,,2014-05-30 ,60,2014-06-02 ,60,0
87,5,32,0,2014-01-01,DefaultPeriod,4664.67,0,0,0,0,0,0,0,0,0,0,0,0,0,0,0,0,0.608,0,,,2014-05-30 ,60,2014-05-30 ,60,0
88,5,33,0,2014-01-01,DefaultPeriod,5603.53,1,1,1,1,1,1,1,1,1,1,1,1,1,5631.55,0,0,0.608,117721.87,,,2014-05-30 ,60,2014-06-02 ,60,0
89,5,34,0,2014-01-01,DefaultPeriod,4203.91,1,1,1,1,1,1,1,1,1,1,1,1,1,4224.93,0,0,0.608,88317.92,,,2014-05-30 ,60,2014-06-02 ,60,0
90,5,36,0,2014-01-01,DefaultPeriod,8558.67,1,1,1,1,1,1,1,1,0,0,0,0,0.67,0,0,0,0.608,110098.73,,,2014-05-30 ,60,2014-05-30 ,60,0
91,5,37,0,2014-01-01,DefaultPeriod,6530.82,1,1,1,1,1,1,1,1,1,1,1,1,1,0,0,0,0.2,94043.81,,,2014-05-30 ,60,2014-05-30 ,60,0
92,5,38,0,2014-01-01,DefaultPeriod,3939.01,1,1,1,1,1,1,1,1,1,1,1,1,1,3958.7,0,0,0.608,82752.76,,,2014-05-30 ,60,2014-06-02 ,60,0
93,5,39,0,2014-01-01,DefaultPeriod,3939.01,1,1,1,0,0,0,0,0,0,1,1,1,0.5,1979.35,2573.16,3203.87,0.608,50665.84,,,2014-05-30 ,60,2014-06-02 ,60,1
94,5,42,0,2014-01-01,DefaultPeriod,5603.53,1,1,1,1,1,1,1,1,1,1,1,1,1,5631.55,0,0,0.608,117721.87,,,2014-05-30 ,60,2014-06-02 ,60,0
95,5,43,0,2014-01-01,DefaultPeriod,4017.79,1,1,1,1,1,1,1,1,1,1,1,1,1,4037.88,0,0,0.608,84407.83,,,2014-05-30 ,60,2014-06-02 ,60,0
96,5,44,0,2014-01-01,DefaultPeriod,4287.99,1,1,1,1,0,0,0,0,0,0,0,0,0.33,1429.33,0,0,0.608,29878.71,,,2014-05-30 ,60,2014-05-30 ,60,0
97,5,44,0,2014-06-01,Promotion,4373.75,0,0,0,0,0,0,0,0,0,0,0,0,0,0,0,0,0.608,0,,,2014-05-30 ,60,2014-05-30 ,60,0
98,5,45,0,2014-01-01,DefaultPeriod,3939.01,1,1,1,1,1,1,1,1,1,1,1,1,1,3958.7,0,0,0.608,82752.76,Ne pas compter dans la capacité à faire et ijss,,2014-05-30 ,60,2014-06-02 ,60,0
99,5,46,0,2014-01-01,DefaultPeriod,4573.21,1,1,1,1,1,1,1,1,1,1,1,1,1,4596.08,0,0,0.608,96076.38,,,2014-05-30 ,60,2014-06-02 ,60,0
100,5,47,0,2014-01-01,DefaultPeriod,4017.79,0.68,0.68,0.68,0.68,0.68,0.68,0.68,0.68,0.68,0.68,0.68,0.68,0.68,2745.76,0,0,0.608,57397.32,,,2014-05-30 ,60,2014-06-02 ,60,0
101,5,48,0,2014-01-01,DefaultPeriod,3861.78,1,1,0,0,0,0,0,0,0,0,0,0,0.17,643.63,836.72,1041.81,0.608,16475.12,,,2014-05-30 ,60,2014-05-30 ,60,1
102,5,49,0,2014-01-01,DefaultPeriod,3861.78,1,1,1,0,0,0,0,0,0,0,0,0,0.25,965.45,0,0,0.608,20181.67,,,2014-05-30 ,60,2014-05-30 ,60,0
103,5,49,0,2014-04-01,Promotion,3939.01,0,0,0,1,1,1,1,1,1,1,1,1,0.75,2973.95,0,0,0.608,62167.5,,,2014-05-30 ,60,2014-06-02 ,60,0
104,5,50,0,2014-01-01,DefaultPeriod,4340,1,1,1,1,1,1,1,1,1,1,1,1,1,4340,5642,7024.91,0.608,111091.75,,,2014-05-30 ,60,2014-05-30 ,60,1
105,5,51,0,2014-01-01,DefaultPeriod,7321.54,0,0,0,0,0,1,1,0,0,0,0,0,0.17,0,0,0,0.2,17571.7,voir avec jf,,2014-05-30 ,60,2014-05-30 ,60,0
106,5,52,0,2014-01-01,DefaultPeriod,5603.53,1,1,1,1,1,1,1,1,1,1,1,1,1,5631.55,0,0,0.608,117721.87,,,2014-05-30 ,60,2014-06-02 ,60,0
107,5,53,0,2014-01-01,DefaultPeriod,4307.96,1,1,1,1,1,1,1,1,1,1,1,1,1,4329.5,0,0,0.608,90503.87,,,2014-05-30 ,60,2014-06-02 ,60,0
108,5,54,0,2014-01-01,DefaultPeriod,3383.85,1,0,0,0,0,0,0,0,0,0,0,0,0.08,281.99,0,0,0.608,5894.67,,,2014-05-30 ,60,2014-05-30 ,60,0
109,5,54,0,2014-02-20,Promotion,3516.58,0,1,1,1,1,1,1,1,1,1,1,1,0.92,3241.11,0,0,0.608,67752.24,,,2014-05-30 ,60,2014-06-02 ,60,0
110,5,55,0,2014-01-01,DefaultPeriod,4516.3,1,1,1,1,1,1,1,1,1,1,1,1,1,4538.88,0,0,0.608,94880.78,,,2014-05-30 ,60,2014-06-02 ,60,0
111,5,56,0,2014-01-01,DefaultPeriod,2727.06,1,1,1,1,1,1,1,1,1,1,1,1,1,2740.69,0,0,0.608,57291.48,,,2014-05-30 ,60,2014-06-02 ,60,0
112,5,57,0,2014-01-01,DefaultPeriod,3175.66,1,1,1,1,1,1,1,1,1,1,1,1,1,3191.54,0,0,0.608,66715.92,,,2014-05-30 ,60,2014-06-02 ,60,0
113,5,58,0,2014-04-01,Promotion,3522.48,1,1,1,1,1,1,1,1,1,1,1,1,1,3540.09,0,0,0.608,74002.09,,,2014-06-02 ,60,2014-06-02 ,60,0
114,5,59,0,2014-01-01,DefaultPeriod,6530.82,1,1,1,1,1,1,1,0,0,0,0,0,0.58,0,4952.54,6166.46,0.2,68201.69,,,2014-05-30 ,60,2014-05-30 ,60,1
115,5,61,0,2014-01-01,DefaultPeriod,2548.09,1,1,1,1,1,1,1,1,1,1,1,1,1,0,0,0,0.608,49413.79,,,2014-05-30 ,60,2014-06-02 ,60,0
116,5,62,0,2014-01-01,DefaultPeriod,2727.06,1,1,1,1,1,1,1,1,1,1,1,1,1,2740.69,0,0,0.608,57291.48,,,2014-05-30 ,60,2014-06-02 ,60,0
117,5,63,0,2014-01-01,DefaultPeriod,2727.06,1,1,1,1,1,1,1,1,1,1,1,1,1,2740.69,0,0,0.608,57291.48,,,2014-05-30 ,60,2014-06-02 ,60,0
118,5,64,0,2014-04-01,DefaultPeriod,3568.5118,0,0,0,0,0,1,1,1,1,1,1,1,0.58,2099.47,0,0,0.608,43887.4,,,2014-05-30 ,60,2014-06-02 ,60,0
119,5,66,0,2014-04-01,DefaultPeriod,3568.51,0,0,0,1,1,0,0,0,0,0,0,0,0.17,594.75,773.18,962.69,0.608,15223.97,,,2014-06-02 ,60,2014-06-02 ,60,1
120,5,67,0,2014-04-14,DefaultPeriod,3568.51,0,0,0,1,1,0,0,0,0,0,0,0,0.17,594.75,773.18,962.69,0.608,15223.97,,,2014-06-02 ,60,2014-06-02 ,60,1
121,5,68,0,2014-04-07,DefaultPeriod,4203.91,0,0,0,1,1,0,0,0,0,0,0,0,0.17,700.65,910.85,1134.11,0.608,17934.72,,,2014-06-02 ,60,2014-06-02 ,60,1
122,5,69,0,2014-01-01,DefaultPeriod,3568.51,1,0,0,0,0,0,0,0,0,0,0,0,0.08,297.38,386.59,481.35,0.608,7612,,,2014-06-02 ,60,2014-06-02 ,60,1
123,5,70,0,2014-01-01,DefaultPeriod,3568.51,1,1,1,1,0,0,0,0,0,0,0,0,0.33,1189.5,1546.35,1925.38,0.608,30447.91,,,2014-06-02 ,60,2014-06-02 ,60,1
124,5,71,0,2014-02-24,DefaultPeriod,3568.51,0,1,1,1,1,0,0,0,0,0,0,0,0.33,1189.5,1546.35,1925.38,0.608,30447.91,,,2014-06-02 ,60,2014-06-02 ,60,1
125,5,72,0,2014-06-01,DefaultPeriod,3861.78,0,0,0,0,0,1,1,1,1,1,1,1,0.58,2272.01,2953.62,3677.58,0.608,58157.15,,,2014-06-02 ,60,2014-06-02 ,60,1
126,5,73,0,2014-06-01,DefaultPeriod,3861.78,0,0,0,0,0,1,1,1,1,1,1,1,0.58,2272.01,2953.62,3677.58,0.608,58157.15,,,2014-06-02 ,60,2014-06-02 ,60,1
127,5,74,0,2014-06-02,DefaultPeriod,874.56,0,0,0,0,0,1,1,1,1,1,1,1,0.58,0,0,0,0.608,9928.42,,,2014-06-02 ,60,2014-06-02 ,60,0
128,7,1,0,2014-01-01,DefaultPeriod,4068,1,1,1,1,1,1,1,1,1,1,1,1,1,0,0,0,0,48816,,,2014-07-01 ,60,2014-07-01 ,60,0
129,7,2,0,2014-01-01,DefaultPeriod,3568.51,0.5,0.5,0.5,0.5,0.5,0.5,0.5,0.5,0.5,0.5,0.5,0.5,0.5,1784.26,2319.53,2888.07,0.608,45671.9,,,2014-07-01 ,60,2014-07-01 ,60,1
130,7,3,0,2014-01-01,DefaultPeriod,4017.79,1,1,1,1,1,1,1,1,1,1,1,1,1,4017.79,0,0,0.608,83987.88,,,2014-07-01 ,60,2014-07-01 ,60,0
131,7,4,0,2014-01-01,DefaultPeriod,4573.21,1,1,1,1,1,1,0,0,0,0,0,0,0.5,2286.61,0,0,0.608,47799.2,congé mat du 1/7 et sans solde jusqu'au 31/12,,2014-07-01 ,60,2014-07-07 ,60,0
132,7,4,6,2014-07-07,Maternity,2104.4093,0,0,0,0,0,0,1,1,1,1,1,0,0.42,876.84,0,0,0.608,18329.42,congé mat du 1/7 et sans solde jusqu'au 31/12,,2014-07-07 ,60,2014-07-07 ,60,0
133,7,7,0,2014-01-01,DefaultPeriod,6838,0.5,0.5,0.5,0.5,0.5,0.5,0.5,0.5,0.5,0.5,0.5,0.5,0.5,0,0,0,0.2,49233.6,,,2014-07-01 ,60,2014-07-02 ,60,0
134,7,8,0,2014-01-01,DefaultPeriod,5736.05,1,1,0,0,0,0,0,0,0,0,0,1,0.25,1434.01,0,0,0,18642.16,,,2014-07-01 ,60,2014-07-18 ,60,0
135,7,9,0,2014-01-01,DefaultPeriod,4373.75,1,1,1,1,1,1,1,1,1,1,1,1,1,4373.75,0,0,0.608,91428.87,,,2014-07-01 ,60,2014-07-01 ,60,0
136,7,10,0,2014-01-01,DefaultPeriod,3861.78,1,1,1,1,1,1,1,1,1,1,1,1,1,3861.78,5020.31,6250.84,0.608,98850.66,,,2014-07-01 ,60,2014-07-01 ,60,1
137,7,11,0,2014-01-01,DefaultPeriod,4203.91,1,1,1,1,1,1,1,1,1,1,1,1,1,4203.91,0,0,0.608,87878.53,,,2014-07-01 ,60,2014-07-01 ,60,0
138,7,12,0,2014-01-01,DefaultPeriod,6383.04,1,1,1,1,1,1,1,1,1,1,1,1,1,0,0,0,0.5,114894.72,,,2014-07-01 ,60,2014-07-01 ,60,0
139,7,16,0,2014-01-01,DefaultPeriod,2929.28,0.8,0.8,0.8,0.8,0.8,0.8,0.8,0.8,0.8,0.8,0.8,0.8,0.8,2343.42,0,0,0.608,48986.93,,,2014-07-01 ,60,2014-07-15 ,60,0
140,7,17,0,2014-01-01,DefaultPeriod,4203.91,1,1,1,1,1,1,1,1,1,1,1,0,0.92,3853.58,0,0,0.608,80555.32,,,2014-07-01 ,60,2014-07-01 ,60,0
141,7,17,0,2014-12-01,Promotion,4287.99,0,0,0,0,0,0,0,0,0,0,0,1,0.08,357.33,0,0,0.608,7469.67,,,2014-07-01 ,60,2014-07-01 ,60,0
142,7,18,0,2014-01-01,DefaultPeriod,4757.97,1,1,1,1,1,1,1,1,1,1,1,1,1,4757.97,0,0,0.608,99460.6,,,2014-07-01 ,60,2014-07-01 ,60,0
143,7,19,0,2014-01-01,DefaultPeriod,6458.45,1,1,1,1,1,1,1,1,1,1,1,1,1,6458.45,0,0,0.608,135007.44,,,2014-07-01 ,60,2014-07-01 ,60,0
144,7,20,0,2014-01-01,DefaultPeriod,4017.79,1,1,1,1,1,1,1,1,1,1,1,1,1,4017.79,0,0,0.608,83987.88,,,2014-07-01 ,60,2014-07-15 ,60,0
145,7,21,0,2014-01-01,DefaultPeriod,4373.75,1,1,1,1,1,1,1,1,1,1,1,1,1,4373.75,0,0,0.608,91428.87,,,2014-07-01 ,60,2014-07-01 ,60,0
146,7,22,0,2014-01-01,DefaultPeriod,4373.75,0.8,0.8,0.8,0.8,0.8,0,0,0,0,0,0,0,0.33,1457.92,0,0,0.608,30476.3,maternité,,2014-07-01 ,60,2014-07-07 ,60,0
147,7,22,7,2014-06-03,Sick,3343.9916,0,0,0,0,0,0.8,0,0,0,0,0,0,0.07,222.93,0,0,0.608,4660.18,maternité,,2014-07-07 ,60,2014-07-07 ,60,0
148,7,22,8,2014-07-02,Maternity,2398.71,0,0,0,0,0,0,0.8,0.8,0.8,0.8,0.8,0.8,0.4,959.48,0,0,0.608,20057.05,maternité,,2014-07-07 ,60,2014-07-07 ,60,0
149,7,23,0,2014-01-01,DefaultPeriod,4373.75,1,1,1,1,1,1,1,1,1,1,1,1,1,4373.75,0,0,0.608,91428.87,,,2014-07-01 ,60,2014-07-01 ,60,0
150,7,24,0,2014-01-01,DefaultPeriod,4573.21,1,1,1,1,1,1,1,1,1,1,1,1,1,4573.21,0,0,0.608,95598.38,,,2014-07-01 ,60,2014-07-01 ,60,0
151,7,25,0,2014-01-01,DefaultPeriod,6248,1,1,1,1,1,1,1,1,1,1,1,1,1,6248,0,0,0,81224,,,2014-07-01 ,60,2014-07-01 ,60,0
152,7,26,0,2014-01-01,DefaultPeriod,4203.91,1,1,1,0.7,0.7,0.7,0.7,0.7,0.7,0.7,0.7,0.7,0.78,3258.03,0,0,0.608,68105.86,,,2014-07-01 ,60,2014-07-07 ,60,0
153,7,27,0,2014-01-01,DefaultPeriod,4203.91,0,0,0,0,0,0,0,0,0,0,0,0,0,0,0,0,0.608,0,,,2014-07-18 ,60,2014-07-18 ,60,0
154,7,28,0,2014-01-01,DefaultPeriod,3861.78,1,1,1,1,1,1,1,1,1,1,1,1,1,3861.78,0,0,0.608,80726.65,,,2014-07-01 ,60,2014-07-01 ,60,0
155,7,29,0,2014-01-01,DefaultPeriod,5603.53,0.5,0.5,0.5,0.5,0.5,0.5,0.5,0.5,0.5,0,0,0,0.38,2101.32,0,0,0.608,43926.06,a partir d'octobre 1 ETP pour remplacement,,2014-07-01 ,60,2014-07-18 ,60,0
156,7,31,0,2014-01-01,DefaultPeriod,3939.01,1,0,0,0,0,0,0,0,0,0,0,0,0.08,328.25,0,0,0.608,6861.75,,,2014-07-01 ,60,2014-07-01 ,60,0
157,7,31,0,2014-02-22,Promotion,4017.79,0,1,1,1,0.5,0,0,0,0,0,0,0,0.29,1171.86,0,0,0.608,24496.46,,,2014-07-01 ,60,2014-07-15 ,60,0
158,7,32,0,2014-01-01,DefaultPeriod,4664.67,0,0,0,0,0,0,0,0,0,0,0,0,0,0,0,0,0.608,0,,,2014-07-18 ,60,2014-07-18 ,60,0
159,7,33,0,2014-01-01,DefaultPeriod,5603.53,1,1,1,1,1,1,1,1,1,1,1,1,1,5603.53,0,0,0.608,117136.19,,,2014-07-01 ,60,2014-07-01 ,60,0
160,7,34,0,2014-01-01,DefaultPeriod,4203.91,1,1,1,1,1,1,1,1,1,1,1,1,1,4203.91,0,0,0.608,87878.53,,,2014-07-01 ,60,2014-07-01 ,60,0
161,7,36,0,2014-01-01,DefaultPeriod,8702.42,1,1,1,1,1,1,1,1,1,1,1,1,1,0,0,0,0.2,125314.85,,,2014-07-01 ,60,2014-07-01 ,60,0
162,7,37,0,2014-01-01,DefaultPeriod,6704.56,1,1,1,1,1,1,1,1,1,1,1,1,1,0,0,0,0.2,96545.66,,,2014-07-01 ,60,2014-07-01 ,60,0
163,7,38,0,2014-01-01,DefaultPeriod,4203.91,1,1,1,1,1,1,1,1,1,1,1,1,1,4203.91,0,0,0.608,87878.53,,,2014-07-01 ,60,2014-07-01 ,60,0
164,7,39,0,2014-01-01,DefaultPeriod,3939.01,1,1,1,0,0,0,0,0,0,0,1,1,0.42,1641.25,2133.63,2656.61,0.608,42011.48,,,2014-07-01 ,60,2014-07-02 ,60,1
165,7,42,0,2014-01-01,DefaultPeriod,5603.53,1,1,1,1,1,1,1,1,1,1,1,1,1,5603.53,0,0,0.608,117136.19,,,2014-07-01 ,60,2014-07-01 ,60,0
166,7,43,0,2014-01-01,DefaultPeriod,4017.79,1,1,1,1,1,1,1,1,1,1,1,1,1,4017.79,0,0,0.608,83987.88,,,2014-07-01 ,60,2014-07-01 ,60,0
167,7,44,0,2014-01-01,DefaultPeriod,4287.99,1,1,1,0,0,0,0,0,0,0,0,0,0.25,1072,0,0,0.608,22409.04,,,2014-07-01 ,60,2014-07-15 ,60,0
168,7,44,0,2014-06-01,Promotion,4373.75,0,0,0,0,0,0,0,0,0,0,0,0,0,0,0,0,0.608,0,,,2014-07-18 ,60,2014-07-18 ,60,0
169,7,45,0,2014-01-01,DefaultPeriod,3939.01,0,0,0,0,0.6,0.6,1,1,1,1,1,1,0.6,2363.41,0,0,0.608,49404.64,mi temps therapeutique mai et juin,,2014-07-01 ,60,2014-07-15 ,60,0
170,7,46,0,2014-01-01,DefaultPeriod,4573.21,1,1,1,1,1,1,1,1,1,1,1,1,1,4573.21,0,0,0.608,95598.38,,,2014-07-01 ,60,2014-07-01 ,60,0
171,7,47,0,2014-01-01,DefaultPeriod,4017.79,0.6,0.6,0.6,0.6,0.6,0.6,0.6,0.6,0.6,0.6,0.6,0.6,0.6,2410.67,0,0,0.608,50392.73,,,2014-07-01 ,60,2014-07-01 ,60,0
172,7,48,0,2014-01-01,DefaultPeriod,3861.78,1,1,1,1,1,1,1,1,1,1,1,1,1,3861.78,5020.31,6250.84,0.608,98850.66,,,2014-07-01 ,60,2014-07-01 ,60,1
173,7,49,0,2014-01-01,DefaultPeriod,3861.78,1,1,1,0,0,0,0,0,0,0,0,0,0.25,965.45,0,0,0.608,20181.67,,,2014-07-01 ,60,2014-07-01 ,60,0
174,7,49,0,2014-04-01,Promotion,3939.01,0,0,0,1,1,1,1,1,1,1,1,1,0.75,2954.26,0,0,0.608,61755.8,,,2014-07-01 ,60,2014-07-01 ,60,0
175,7,50,0,2014-01-01,DefaultPeriod,4340,1,1,1,1,1,1,1,1,1,1,1,1,1,4340,5642,7024.91,0.608,111091.75,,,2014-07-01 ,60,2014-07-01 ,60,1
176,7,51,0,2014-01-01,DefaultPeriod,7321.54,0,0,0,0,0.3,0.3,0.3,0.3,0.3,0.3,0.3,0.3,0.2,0,0,0,0.2,21086.04,,,2014-07-01 ,60,2014-07-07 ,60,0
177,7,52,0,2014-01-01,DefaultPeriod,5603.53,1,1,1,1,1,1,1,1,1,1,1,1,1,5603.53,0,0,0.608,117136.19,,,2014-07-01 ,60,2014-07-01 ,60,0
178,7,53,0,2014-01-01,DefaultPeriod,4307.96,1,1,1,1,1,1,1,1,1,1,1,1,1,4307.96,0,0,0.608,90053.6,,,2014-07-01 ,60,2014-07-01 ,60,0
179,7,54,0,2014-01-01,DefaultPeriod,3383.85,1,0,0,0,0,0,0,0,0,0,0,0,0.08,281.99,0,0,0.608,5894.67,,,2014-07-01 ,60,2014-07-01 ,60,0
180,7,54,0,2014-02-20,Promotion,3516.58,0,1,1,1,1,1,1,1,1,1,1,1,0.92,3223.53,0,0,0.608,67384.7,,,2014-07-01 ,60,2014-07-01 ,60,0
181,7,55,0,2014-01-01,DefaultPeriod,4516.3,1,1,1,1,1,1,1,1,1,1,1,1,1,4516.3,0,0,0.608,94408.74,,,2014-07-01 ,60,2014-07-01 ,60,0
182,7,56,0,2014-01-01,DefaultPeriod,2727.06,1,1,1,1,1,1,1,1,1,1,1,1,1,2727.06,0,0,0.608,57006.46,,,2014-07-01 ,60,2014-07-01 ,60,0
183,7,57,0,2014-01-01,DefaultPeriod,3175.66,1,1,1,1,1,1,1,1,1,1,1,1,1,3175.66,0,0,0.608,66384,,,2014-07-01 ,60,2014-07-01 ,60,0
184,7,58,0,2014-01-01,DefaultPeriod,3326.81,1,1,1,0,0,0,0,0,0,0,0,0,0.25,831.7,0,0,0.608,17385.91,,,2014-07-01 ,60,2014-07-01 ,60,0
185,7,58,0,2014-04-01,Promotion,3522.48,0,0,0,1,1,1,1,1,1,1,1,1,0.75,2641.86,0,0,0.608,55225.44,,,2014-07-01 ,60,2014-07-01 ,60,0
186,7,59,0,2014-01-01,DefaultPeriod,6704.56,1,1,1,1,1,1,1,1,1,1,1,1,1,0,8715.93,10852.29,0.2,120027.53,,,2014-07-01 ,60,2014-07-01 ,60,1
187,7,61,0,2014-01-01,DefaultPeriod,2548.09,1,1,1,1,1,1,1,1,1,1,1,1,1,0,0,0,0.608,49167.94,,,2014-07-01 ,60,2014-07-01 ,60,0
188,7,62,0,2014-01-01,DefaultPeriod,2727.06,1,1,1,1,1,1,1,1,1,1,1,1,1,2727.06,0,0,0.608,57006.46,,,2014-07-01 ,60,2014-07-01 ,60,0
189,7,63,0,2014-01-01,DefaultPeriod,2727.06,1,1,1,1,1,1,1,1,1,1,1,1,1,2727.06,0,0,0.608,57006.46,,,2014-07-01 ,60,2014-07-01 ,60,0
190,7,64,0,2014-04-01,DefaultPeriod,3568.51,0,0,0,0,0,0,0,0,1,1,1,1,0.33,1189.5,0,0,0.608,24865.37,,,2014-07-01 ,60,2014-07-02 ,60,0
191,7,66,0,2014-04-01,DefaultPeriod,3568.51,0,0,0,1,1,0,0,0,0,0,0,0,0.17,594.75,773.18,962.69,0.608,15223.97,,,2014-07-01 ,60,2014-07-01 ,60,1
192,7,67,0,2014-04-14,DefaultPeriod,3568.51,0,0,0,1,1,0,0,0,0,0,0,0,0.17,594.75,773.18,962.69,0.608,15223.97,,,2014-07-01 ,60,2014-07-01 ,60,1
193,7,68,0,2014-04-07,DefaultPeriod,4203.91,0,0,0,1,0.25,0,0,0,0,0,0,0,0.1,437.91,569.28,708.82,0.608,11209.21,,,2014-07-01 ,60,2014-07-02 ,60,1
194,7,69,0,2014-01-01,DefaultPeriod,3568.51,1,1,0.25,0,0,0,0,0,0,0,0,0,0.19,669.1,869.82,1083.03,0.608,17126.97,,,2014-07-01 ,60,2014-07-02 ,60,1
195,7,70,0,2014-01-01,DefaultPeriod,3568.51,0,0,0,0,0,0,0,0,0,0,0,0,0,0,0,0,0.608,0,,,2014-07-01 ,60,2014-07-18 ,60,1
196,7,71,0,2014-02-24,DefaultPeriod,3568.51,0,1,1,1,1,1,1,0.5,0,0,0,0,0.54,1932.94,2512.83,3128.75,0.608,49477.9,,,2014-07-01 ,60,2014-07-02 ,60,1
197,7,72,0,2014-06-01,DefaultPeriod,3861.78,0,0,0,0,0,0,0,1,1,1,1,1,0.42,1609.08,2091.8,2604.52,0.608,41187.79,,,2014-07-01 ,60,2014-07-15 ,60,1
198,7,73,0,2014-06-01,DefaultPeriod,3861.78,0,0,0,0,0,0,0,1,1,1,1,1,0.42,1609.08,2091.8,2604.52,0.608,41187.79,,,2014-07-01 ,60,2014-07-15 ,60,1
199,7,74,0,2014-06-02,DefaultPeriod,874.56,0,0,0,0,0,1,0,0,1,1,1,1,0.42,0,0,0,0.608,7031.46,,,2014-07-01 ,60,2014-07-09 ,60,0
200,7,75,0,2014-08-01,DefaultPeriod,2552.95,0,0,0,0,0,0,0,1,0,0,0,0,0.08,212.75,276.57,344.36,0.608,5445.7,,,2014-07-15 ,60,2014-07-15 ,60,1
201,9,1,0,2014-01-01,DefaultPeriod,4068,1,1,1,1,1,1,1,0,0,0,0,0,0.58,0,0,0,0,28476,,,2014-10-07 ,60,2014-10-09 ,60,0
202,9,2,0,2014-01-01,DefaultPeriod,3568.51,0.5,0.5,0.5,0.5,0.5,0.5,0.5,0.5,0.5,0.5,0.5,0.5,0.5,1784.26,2319.53,2888.07,0.608,45671.9,,,2014-10-07 ,60,2014-10-07 ,60,1
203,9,3,0,2014-01-01,DefaultPeriod,4017.79,1,1,1,1,1,1,1,1,1,1,1,1,1,4017.79,0,0,0.608,83987.88,,,2014-10-07 ,60,2014-10-07 ,60,0
204,9,4,0,2014-01-01,DefaultPeriod,4573.21,1,1,1,1,1,1,0,0,0,0,0,0,0.5,2286.61,0,0,0.608,47799.2,congé mat du 1/7 et sans solde jusqu'au 31/12,,2014-10-07 ,60,2014-10-07 ,60,0
205,9,4,9,2014-07-07,Maternity,2104.4093,0,0,0,0,0,0,1,1,1,1,1,0,0.42,876.84,0,0,0.608,18329.42,congé mat du 1/7 et sans solde jusqu'au 31/12,,2014-10-07 ,60,2014-10-07 ,60,0
206,9,7,0,2014-01-01,DefaultPeriod,6838,0.5,0.5,0.5,0.5,0.5,0.5,0.5,0.5,0.5,0.5,0.5,0.5,0.5,0,0,0,0.2,49233.6,,,2014-10-07 ,60,2014-10-07 ,60,0
207,9,8,0,2014-01-01,DefaultPeriod,5736.05,1,1,0,0,0,0,0,0,0,0,0,1,0.25,1434.01,0,0,0,18642.16,,,2014-10-07 ,60,2014-10-07 ,60,0
208,9,9,0,2014-01-01,DefaultPeriod,4373.75,1,1,1,1,1,1,1,1,1,1,1,1,1,4373.75,0,0,0.608,91428.87,,,2014-10-07 ,60,2014-10-07 ,60,0
209,9,10,0,2014-01-01,DefaultPeriod,3861.78,1,1,1,1,1,1,1,1,1,1,1,1,1,3861.78,5020.31,6250.84,0.608,98850.66,,,2014-10-07 ,60,2014-10-07 ,60,1
210,9,11,0,2014-01-01,DefaultPeriod,4203.91,1,1,1,1,1,1,1,1,1,1,1,1,1,4203.91,0,0,0.608,87878.53,,,2014-10-07 ,60,2014-10-07 ,60,0
211,9,12,0,2014-01-01,DefaultPeriod,6383.04,1,1,1,1,1,1,1,1,1,1,1,1,1,0,0,0,0.5,114894.72,,,2014-10-07 ,60,2014-10-07 ,60,0
212,9,16,0,2014-01-01,DefaultPeriod,2929.28,0.8,0.8,0.8,0.8,0.8,0.8,0.8,0.8,0.8,0.8,0.8,0.8,0.8,2343.42,0,0,0.608,48986.93,,,2014-10-07 ,60,2014-10-07 ,60,0
213,9,17,0,2014-01-01,DefaultPeriod,4203.91,1,1,1,1,1,1,1,1,1,1,1,0,0.92,3853.58,0,0,0.608,80555.32,,,2014-10-07 ,60,2014-10-07 ,60,0
214,9,17,0,2014-12-01,Promotion,4287.99,0,0,0,0,0,0,0,0,0,0,0,1,0.08,357.33,0,0,0.608,7469.67,,,2014-10-07 ,60,2014-10-07 ,60,0
215,9,18,0,2014-01-01,DefaultPeriod,4757.97,1,1,1,1,1,1,1,1,1,1,1,1,1,4757.97,0,0,0.608,99460.6,,,2014-10-07 ,60,2014-10-07 ,60,0
216,9,19,0,2014-01-01,DefaultPeriod,6458.45,1,1,1,1,1,1,1,1,1,1,1,1,1,6458.45,0,0,0.608,135007.44,,,2014-10-07 ,60,2014-10-07 ,60,0
217,9,20,0,2014-01-01,DefaultPeriod,4017.79,1,1,1,1,1,1,1,1,1,0,0,0,0.75,3013.34,0,0,0.608,62990.91,,,2014-10-07 ,60,2014-10-09 ,60,0
218,9,21,0,2014-01-01,DefaultPeriod,4373.75,1,1,1,1,1,1,1,1,1,1,1,1,1,4373.75,0,0,0.608,91428.87,,,2014-10-07 ,60,2014-10-07 ,60,0
219,9,22,0,2014-01-01,DefaultPeriod,4373.75,0.8,0.8,0.8,0.8,0.8,0,0,0,0,0,0,0,0.33,1457.92,0,0,0.608,30476.3,maternité,,2014-10-07 ,60,2014-10-07 ,60,0
220,9,22,10,2014-06-03,Sick,3343.9916,0,0,0,0,0,0.8,0,0,0,0,0,0,0.07,222.93,0,0,0.608,4660.18,maternité,,2014-10-07 ,60,2014-10-07 ,60,0
221,9,22,11,2014-07-02,Maternity,2398.71,0,0,0,0,0,0,0.8,0.8,0.8,0.8,0.8,0.8,0.4,959.48,0,0,0.608,20057.05,maternité,,2014-10-07 ,60,2014-10-07 ,60,0
222,9,23,0,2014-01-01,DefaultPeriod,4373.75,1,1,1,1,1,1,1,1,1,1,1,1,1,4373.75,0,0,0.608,91428.87,,,2014-10-07 ,60,2014-10-07 ,60,0
223,9,24,0,2014-01-01,DefaultPeriod,4573.21,1,1,1,1,1,1,1,1,1,0.2,0.2,0.2,0.8,3658.57,0,0,0.608,76478.72,,,2014-10-07 ,60,2014-10-07 ,60,0
224,9,25,0,2014-01-01,DefaultPeriod,6248,1,1,1,1,1,1,1,1,1,1,1,1,1,6248,0,0,0,81224,,,2014-10-07 ,60,2014-10-07 ,60,0
225,9,26,0,2014-01-01,DefaultPeriod,4203.91,1,1,1,1,0.8,0.8,0.8,0.8,0.8,0.8,0.8,0.8,0.87,3643.39,0,0,0.608,76161.39,,,2014-10-07 ,60,2014-10-10 ,60,0
226,9,27,0,2014-01-01,DefaultPeriod,4203.91,0,0,0,0,0,0,0,0,0,0,0,0,0,0,0,0,0.608,0,,,2014-10-07 ,60,2014-10-07 ,60,0
227,9,28,0,2014-01-01,DefaultPeriod,3861.78,1,1,1,1,1,1,1,1,1,1,0,0,0.83,3218.15,0,0,0.608,67272.21,,,2014-10-07 ,60,2014-10-10 ,60,0
228,9,28,12,2014-11-17,Maternity,1392.9754,0,0,0,0,0,0,0,0,0,0,1,1,0.17,232.16,0,0,0.608,4853.12,,,2014-10-10 ,60,2014-10-10 ,60,0
229,9,29,0,2014-01-01,DefaultPeriod,5603.53,0.5,0.5,0.5,0.5,0.5,0.5,0.5,0.5,0.5,0,0,0,0.38,2101.32,0,0,0.608,43926.06,a partir d'octobre 1 ETP pour remplacement,,2014-10-07 ,60,2014-10-07 ,60,0
230,9,31,0,2014-01-01,DefaultPeriod,3939.01,1,0,0,0,0,0,0,0,0,0,0,0,0.08,328.25,0,0,0.608,6861.75,,,2014-10-07 ,60,2014-10-07 ,60,0
231,9,31,0,2014-02-22,Promotion,4017.79,0,1,1,1,0.5,0,0,0,0,0,0,0,0.29,1171.86,0,0,0.608,24496.46,,,2014-10-07 ,60,2014-10-07 ,60,0
232,9,32,0,2014-01-01,DefaultPeriod,4664.67,0,0,0,0,0,0,0,0,0,0,0,0,0,0,0,0,0.608,0,,,2014-10-07 ,60,2014-10-07 ,60,0
233,9,33,0,2014-01-01,DefaultPeriod,5603.53,1,1,1,1,1,1,1,1,1,1,1,1,1,5603.53,0,0,0.608,117136.19,,,2014-10-07 ,60,2014-10-07 ,60,0
234,9,34,0,2014-01-01,DefaultPeriod,4203.91,1,1,1,1,1,1,1,1,1,1,0,0,0.83,3503.26,0,0,0.608,73232.11,,,2014-10-07 ,60,2014-10-10 ,60,0
235,9,34,13,2014-11-24,Maternity,1735.1129,0,0,0,0,0,0,0,0,0,0,1,1,0.17,289.19,0,0,0.608,6045.15,,,2014-10-10 ,60,2014-10-10 ,60,0
236,9,36,0,2014-01-01,DefaultPeriod,8702.42,1,1,1,1,1,1,1,1,0,0,0,0,0.67,0,0,0,0.2,83543.23,,,2014-10-07 ,60,2014-10-10 ,60,0
237,9,37,0,2014-01-01,DefaultPeriod,6704.56,1,1,1,1,1,1,1,1,1,1,1,1,1,0,0,0,0.2,96545.66,,,2014-10-07 ,60,2014-10-07 ,60,0
238,9,38,0,2014-01-01,DefaultPeriod,4203.91,1,1,1,1,1,1,1,1,1,1,1,1,1,4203.91,0,0,0.608,87878.53,,,2014-10-07 ,60,2014-10-07 ,60,0
239,9,39,0,2014-01-01,DefaultPeriod,3939.01,1,1,1,0,0,0,0,0,1,1,1,1,0.58,2297.76,2987.08,3719.25,0.608,58816.07,,,2014-10-07 ,60,2014-10-09 ,60,1
240,9,42,0,2014-01-01,DefaultPeriod,5603.53,1,1,1,1,1,1,1,1,1,1,1,1,1,5603.53,0,0,0.608,117136.19,,,2014-10-07 ,60,2014-10-07 ,60,0
241,9,43,0,2014-01-01,DefaultPeriod,4017.79,1,1,1,1,1,1,1,1,1,1,1,1,1,4017.79,0,0,0.608,83987.88,,,2014-10-07 ,60,2014-10-07 ,60,0
242,9,44,0,2014-01-01,DefaultPeriod,4287.99,1,1,1,0,0,0,0,0,0,0,0,0,0.25,1072,0,0,0.608,22409.04,,,2014-10-07 ,60,2014-10-07 ,60,0
243,9,44,0,2014-06-01,Promotion,4373.75,0,0,0,0,0,0,0,0,0,0,0,0,0,0,0,0,0.608,0,,,2014-10-07 ,60,2014-10-07 ,60,0
244,9,45,0,2014-01-01,DefaultPeriod,3939.01,0,0,0,0,0.6,0.6,1,1,1,1,1,1,0.6,2363.41,0,0,0.608,49404.64,mi temps therapeutique mai et juin,,2014-10-07 ,60,2014-10-07 ,60,0
245,9,46,0,2014-01-01,DefaultPeriod,4573.21,1,1,1,1,1,1,1,1,1,1,1,1,1,4573.21,0,0,0.608,95598.38,,,2014-10-07 ,60,2014-10-07 ,60,0
246,9,47,0,2014-01-01,DefaultPeriod,4017.79,0.6,0.6,0.6,0.6,0.6,0.6,0.6,0.6,0.6,0.6,0.6,0.6,0.6,2410.67,0,0,0.608,50392.73,,,2014-10-07 ,60,2014-10-07 ,60,0
247,9,48,0,2014-01-01,DefaultPeriod,3861.78,1,1,1,1,1,1,1,1,1,1,1,1,1,3861.78,5020.31,6250.84,0.608,98850.66,,,2014-10-07 ,60,2014-10-07 ,60,1
248,9,49,0,2014-01-01,DefaultPeriod,3861.78,1,1,1,0,0,0,0,0,0,0,0,0,0.25,965.45,0,0,0.608,20181.67,,,2014-10-07 ,60,2014-10-07 ,60,0
249,9,49,0,2014-04-01,Promotion,3939.01,0,0,0,1,1,1,1,1,1,1,1,1,0.75,2954.26,0,0,0.608,61755.8,,,2014-10-07 ,60,2014-10-07 ,60,0
250,9,50,0,2014-01-01,DefaultPeriod,4340,1,1,1,1,1,1,1,1,1,1,1,1,1,4340,5642,7024.91,0.608,111091.75,,,2014-10-07 ,60,2014-10-07 ,60,1
251,9,51,0,2014-01-01,DefaultPeriod,7321.54,0,0,0,0,0.3,0.3,0.3,0.3,0.3,0.3,0.3,0.3,0.2,0,0,0,0.2,21086.04,,,2014-10-07 ,60,2014-10-07 ,60,0
252,9,52,0,2014-01-01,DefaultPeriod,5603.53,1,1,1,1,1,1,1,1,1,1,1,1,1,5603.53,0,0,0.608,117136.19,,,2014-10-07 ,60,2014-10-07 ,60,0
253,9,53,0,2014-01-01,DefaultPeriod,4307.96,1,1,1,1,1,1,1,1,1,1,1,1,1,4307.96,0,0,0.608,90053.6,,,2014-10-07 ,60,2014-10-07 ,60,0
254,9,54,0,2014-01-01,DefaultPeriod,3383.85,1,0,0,0,0,0,0,0,0,0,0,0,0.08,281.99,0,0,0.608,5894.67,,,2014-10-07 ,60,2014-10-07 ,60,0
255,9,54,0,2014-02-20,Promotion,3516.58,0,1,1,1,1,1,1,1,1,1,1,1,0.92,3223.53,0,0,0.608,67384.7,,,2014-10-07 ,60,2014-10-07 ,60,0
256,9,55,0,2014-01-01,DefaultPeriod,4516.3,1,1,1,1,1,1,1,1,1,1,1,1,1,4516.3,0,0,0.608,94408.74,,,2014-10-07 ,60,2014-10-07 ,60,0
257,9,56,0,2014-01-01,DefaultPeriod,2727.06,1,1,1,1,1,1,1,1,1,1,1,1,1,2727.06,0,0,0.608,57006.46,,,2014-10-07 ,60,2014-10-07 ,60,0
258,9,57,0,2014-01-01,DefaultPeriod,3175.66,1,1,1,1,1,1,1,1,1,1,1,1,1,3175.66,0,0,0.608,66384,,,2014-10-07 ,60,2014-10-07 ,60,0
259,9,58,0,2014-01-01,DefaultPeriod,3326.81,1,1,1,0,0,0,0,0,0,0,0,0,0.25,831.7,0,0,0.608,17385.91,,,2014-10-07 ,60,2014-10-07 ,60,0
260,9,58,0,2014-04-01,Promotion,3522.48,0,0,0,1,1,1,1,1,1,1,1,1,0.75,2641.86,0,0,0.608,55225.44,,,2014-10-07 ,60,2014-10-07 ,60,0
261,9,59,0,2014-01-01,DefaultPeriod,6704.56,1,1,1,1,1,1,1,1,1,1,1,1,1,0,8715.93,10852.29,0.2,120027.53,,,2014-10-07 ,60,2014-10-07 ,60,1
262,9,61,0,2014-01-01,DefaultPeriod,2548.09,1,1,1,1,1,1,1,1,1,1,1,1,1,0,0,0,0.608,49167.94,,,2014-10-07 ,60,2014-10-07 ,60,0
263,9,62,0,2014-01-01,DefaultPeriod,2727.06,1,1,1,1,1,1,1,1,1,1,1,1,1,2727.06,0,0,0.608,57006.46,,,2014-10-07 ,60,2014-10-07 ,60,0
264,9,63,0,2014-01-01,DefaultPeriod,2727.06,1,1,1,1,1,1,1,1,1,1,1,1,1,2727.06,0,0,0.608,57006.46,,,2014-10-07 ,60,2014-10-07 ,60,0
265,9,64,0,2014-04-01,DefaultPeriod,3568.51,0,0,0,0,0,0,0,0,1,1,1,1,0.33,1189.5,0,0,0.608,24865.37,,,2014-10-07 ,60,2014-10-07 ,60,0
266,9,66,0,2014-04-01,DefaultPeriod,3568.51,0,0,0,1,1,0,0,0,0,0,0,0,0.17,594.75,773.18,962.69,0.608,15223.97,,,2014-10-07 ,60,2014-10-07 ,60,1
267,9,67,0,2014-04-14,DefaultPeriod,3568.51,0,0,0,1,1,0,0,0,0,0,0,0,0.17,594.75,773.18,962.69,0.608,15223.97,,,2014-10-07 ,60,2014-10-07 ,60,1
268,9,68,0,2014-04-07,DefaultPeriod,4203.91,0,0,0,1,0.25,0,0,0,0,0,0,0,0.1,437.91,569.28,708.82,0.608,11209.21,,,2014-10-07 ,60,2014-10-07 ,60,1
269,9,69,0,2014-01-01,DefaultPeriod,3568.51,1,1,0.25,0,0,0,0,0,0,0,0,0,0.19,669.1,869.82,1083.03,0.608,17126.97,,,2014-10-07 ,60,2014-10-07 ,60,1
270,9,70,0,2014-01-01,DefaultPeriod,3568.51,0,0,0,0,0,0,0,0,0,0,0,0,0,0,0,0,0.608,0,,,2014-10-07 ,60,2014-10-07 ,60,1
271,9,71,0,2014-02-24,DefaultPeriod,3568.51,0,1,1,1,1,1,1,1,0.5,0,0,0,0.63,2230.32,2899.41,3610.09,0.608,57089.87,,,2014-10-07 ,60,2014-10-09 ,60,1
272,9,72,0,2014-06-01,DefaultPeriod,3861.78,0,0,0,0,0,0,0,0,0,1,1,1,0.25,965.45,1255.08,1562.71,0.608,24712.68,,,2014-10-07 ,60,2014-10-09 ,60,1
273,9,73,0,2014-06-01,DefaultPeriod,3861.78,0,0,0,0,0,0,0,0,0,1,1,1,0.25,965.45,1255.08,1562.71,0.608,24712.68,,,2014-10-07 ,60,2014-10-09 ,60,1
274,9,74,0,2014-06-02,DefaultPeriod,874.56,0,0,0,0,0,1,0,0,1,1,1,1,0.42,0,0,0,0.608,7031.46,,,2014-10-07 ,60,2014-10-07 ,60,0
275,9,75,0,2014-08-01,DefaultPeriod,2552.95,0,0,0,0,0,0,0,1,0,0,0,0,0.08,212.75,276.57,344.36,0.608,5445.7,,,2014-10-07 ,60,2014-10-07 ,60,1
276,9,76,0,2014-10-20,DefaultPeriod,874.56,0,0,0,0,0,0,0,0,0,0.6,0.6,0.6,0.15,131.18,0,0,0.608,2742.27,Apprenti compta,,2014-10-21 ,60,2014-10-21 ,60,0
277,11,1,0,2015-01-01,DefaultPeriod,4132,0,0,0,1,1,1,1,1,1,1,1,1,0.75,0,0,0,0,37188,salaire validé avec note de débit,,2014-12-11 ,60,2015-01-15 ,60,0
278,11,2,0,2015-01-01,DefaultPeriod,3568.51,0.5,0.5,0.5,0.5,0.5,0,0,0,0,0,0,0,0.21,750.87,976.14,1215.4,0.608,19220.26,,,2014-12-11 ,60,2014-12-11 ,60,1
279,11,2,0,2015-06-01,Promotion,3639.88,0,0,0,0,0,0.5,1,1,1,1,1,1,0.54,1991.32,2588.71,3223.23,0.608,50972.1,,,2014-12-11 ,60,2014-12-22 ,60,1
280,11,3,0,2015-01-01,DefaultPeriod,4017.79,1,1,1,1,1,1,1,1,1,1,1,1,1,4057.97,0,0,0.608,84827.76,,,2014-12-11 ,60,2014-12-11 ,60,0
281,11,4,0,2015-01-01,DefaultPeriod,4573.21,1,1,1,1,1,1,1,0,0,0,0,0,0.58,2694.38,0,0,0.608,56323.37,,,2014-12-11 ,60,2014-12-11 ,60,0
282,11,4,0,2015-08-01,Promotion,4664.67,0,0,0,0,0,0,0,1,1,1,1,1,0.42,1963.05,0,0,0.608,41035.57,,,2014-12-11 ,60,2014-12-11 ,60,0
283,11,7,0,2015-01-01,DefaultPeriod,8112.42,1,1,1,1,1,1,1,1,1,1,1,1,1,0,0,0,0,97349.04,,,2014-12-11 ,60,2014-12-22 ,60,0
284,11,8,0,2015-01-01,DefaultPeriod,5736,0,0,0,1,1,1,1,1,1,1,1,1,0.75,4302,0,0,0,55926,salaire validé avec note de débit,,2014-12-11 ,60,2014-12-22 ,60,0
285,11,9,0,2015-01-01,DefaultPeriod,4373.75,1,1,1,1,1,1,1,1,1,1,1,1,1,4417.49,0,0,0.608,92343.16,,,2014-12-11 ,60,2014-12-11 ,60,0
286,11,10,0,2015-01-01,DefaultPeriod,3861.78,1,1,1,1,1,1,0,0,0,0,0,0,0.5,1950.2,0,0,0.608,40766.96,,,2014-12-11 ,60,2014-12-22 ,60,0
287,11,10,0,2015-07-15,Promotion,3939.01,0,0,0,0,0,0,1,1,1,1,1,1,0.5,1989.2,0,0,0.608,41582.24,,,2014-12-11 ,60,2014-12-22 ,60,0
288,11,11,0,2015-01-01,DefaultPeriod,4203.91,1,1,1,1,1,1,1,1,1,1,1,1,1,4245.95,0,0,0.608,88757.32,,,2014-12-11 ,60,2014-12-11 ,60,0
289,11,12,0,2015-01-01,DefaultPeriod,10562,1,1,1,1,1,1,1,1,1,1,1,1,1,0,0,0,0,126744,,,2014-12-11 ,60,2014-12-24 ,60,0
290,11,16,0,2015-01-01,DefaultPeriod,2929.28,0.8,0.8,0.8,0.8,0.8,0.8,0.8,0.8,0.8,0.8,0.8,0.8,0.8,2366.86,0,0,0.608,49476.81,,,2014-12-11 ,60,2014-12-22 ,60,0
291,11,17,0,2015-01-01,DefaultPeriod,4287.99,1,1,1,1,1,1,1,1,1,1,1,1,1,4330.87,0,0,0.608,90532.51,,,2014-12-11 ,60,2014-12-11 ,60,0
292,11,18,0,2015-01-01,DefaultPeriod,4757.97,1,1,1,1,1,1,1,1,1,1,1,1,1,4805.55,0,0,0.608,100455.22,,,2014-12-11 ,60,2014-12-11 ,60,0
293,11,19,0,2015-01-01,DefaultPeriod,6458.45,1,1,1,1,1,1,1,1,1,1,1,1,1,6523.03,0,0,0.608,136357.5,,,2014-12-11 ,60,2014-12-11 ,60,0
294,11,20,0,2015-01-01,DefaultPeriod,4017.79,0,0,0,0,0,0,1,1,1,1,1,1,0.5,2028.98,0,0,0.608,42413.88,,,2014-12-11 ,60,2014-12-22 ,60,0
295,11,21,0,2015-01-01,DefaultPeriod,4373.75,1,1,1,1,1,1,1,1,1,1,1,1,1,4417.49,0,0,0.608,92343.16,,,2014-12-11 ,60,2014-12-11 ,60,0
296,11,22,0,2015-01-01,DefaultPeriod,4373.75,0,0,0,0,0,0,0,0,0,1,1,1,0.25,1104.37,0,0,0.608,23085.78,,,2014-12-11 ,60,2014-12-11 ,60,0
297,11,23,0,2015-01-01,DefaultPeriod,4373.75,1,1,1,1,1,1,1,1,1,1,1,1,1,4417.49,0,0,0.608,92343.16,,,2014-12-11 ,60,2014-12-11 ,60,0
298,11,24,0,2015-01-01,DefaultPeriod,4573.21,0.2,0.2,0,0,0,0,0,0,0,0,0,0,0.03,153.97,0,0,0.608,3218.49,,,2014-12-11 ,60,2014-12-22 ,60,0
299,11,24,0,2015-03-01,Promotion,4664.67,0,0,0.2,0.2,0.2,0.2,0.2,0.2,0.2,1,1,1,0.37,1727.48,0,0,0.608,36111.29,,,2014-12-11 ,60,2014-12-22 ,60,0
300,11,25,0,2015-01-01,DefaultPeriod,6247,1,1,1,1,1,1,1,1,1,1,1,1,1,6247,0,0,0,81211,,,2014-12-11 ,60,2014-12-24 ,60,0
301,11,26,0,2015-01-01,DefaultPeriod,4203.91,0.8,0.8,0.8,0.8,0.8,0.8,0.8,0.8,0.8,0.8,0.8,0,0.73,3113.7,0,0,0.608,65088.7,,,2014-12-11 ,60,2014-12-11 ,60,0
302,11,26,0,2015-12-01,Promotion,4287.99,0,0,0,0,0,0,0,0,0,0,0,0.8,0.07,288.72,0,0,0.608,6035.5,,,2014-12-11 ,60,2014-12-11 ,60,0
303,11,28,0,2015-01-01,DefaultPeriod,3939.01,0,0,0,0,1,1,1,1,1,1,1,1,0.67,2652.27,0,0,0.608,55442.99,,,2014-12-11 ,60,2015-01-05 ,60,0
304,11,28,18,2015-01-02,Maternity,1470.21,1,1,1,1,0,0,0,0,0,0,0,0,0.33,494.97,0,0,0.608,10346.87,Congé mat du 17/12/2014 au 8/4/2015,,2015-01-05 ,60,2015-01-05 ,60,0
305,11,30,0,2015-01-01,DefaultPeriod,3861.78,1,1,1,0.5,0,0,0,0,0,0,0,0,0.29,1137.62,1478.9,1841.39,0.608,29119.75,Consultant ext,,2014-12-22 ,60,2015-01-05 ,60,1
306,11,33,0,2015-01-01,DefaultPeriod,5603.53,1,1,1,1,1,1,1,1,1,1,1,1,1,5659.56,0,0,0.608,118307.54,,,2014-12-11 ,60,2014-12-11 ,60,0
307,11,34,0,2015-01-01,DefaultPeriod,4287.99,0,0,0,0,0,1,1,1,1,1,1,1,0.58,2526.34,0,0,0.608,52810.63,Congé mat du 26/11/2014 au 25/5/2014,,2014-12-11 ,60,2015-01-05 ,60,0
308,11,34,19,2015-01-02,Maternity,1735.1129,1,1,1,1,1,0,0,0,0,0,0,0,0.42,730.19,0,0,0.608,15263.96,,,2015-01-05 ,60,2015-01-05 ,60,0
309,11,37,0,2015-01-01,DefaultPeriod,7893.3,1,1,1,1,1,1,1,1,1,1,1,1,1,0,0,0,0,94719.6,,,2014-12-11 ,60,2014-12-24 ,60,0
310,11,38,0,2015-01-01,DefaultPeriod,4203.91,1,1,1,1,1,1,1,1,1,1,1,0,0.92,3892.12,0,0,0.608,81360.88,,,2014-12-11 ,60,2014-12-11 ,60,0
311,11,38,0,2015-12-01,Promotion,4287.99,0,0,0,0,0,0,0,0,0,0,0,1,0.08,360.91,0,0,0.608,7544.38,,,2014-12-11 ,60,2014-12-11 ,60,0
312,11,39,0,2015-01-01,DefaultPeriod,3939.01,0,1,1,0,0,0,0,0,1,1,1,1,0.5,1989.2,2585.96,3219.81,0.608,50917.91,,,2014-12-11 ,60,2014-12-22 ,60,1
313,11,42,0,2015-01-01,DefaultPeriod,5603.53,1,1,1,1,1,1,1,1,1,1,1,1,1,5659.56,0,0,0.608,118307.54,,,2014-12-11 ,60,2014-12-11 ,60,0
314,11,43,0,2015-01-01,DefaultPeriod,4017.79,1,1,1,1,1,1,1,1,1,1,1,1,1,4057.97,0,0,0.608,84827.76,,,2014-12-11 ,60,2014-12-11 ,60,0
315,11,45,0,2015-01-01,DefaultPeriod,3939.01,1,1,1,1,1,1,1,1,1,0,0,0,0.75,2983.8,0,0,0.608,62373.36,,,2014-12-11 ,60,2014-12-11 ,60,0
316,11,45,0,2015-10-11,Promotion,4017.79,0,0,0,0,0,0,0,0,0,1,1,1,0.25,1014.49,0,0,0.608,21206.93,,,2014-12-11 ,60,2014-12-11 ,60,0
317,11,46,0,2015-01-01,DefaultPeriod,4573.21,1,1,1,1,1,1,1,0,0,0,0,0,0.58,2694.38,0,0,0.608,56323.37,,,2014-12-11 ,60,2014-12-11 ,60,0
318,11,46,0,2015-08-01,Promotion,4664.67,0,0,0,0,0,0,0,1,1,1,1,1,0.42,1963.05,0,0,0.608,41035.57,,,2014-12-11 ,60,2014-12-11 ,60,0
319,11,47,0,2015-01-01,DefaultPeriod,4017.79,0.6,0.6,0.6,0.6,0.6,0.6,1,1,1,1,1,1,0.8,3246.37,0,0,0.608,67862.2,,,2014-12-11 ,60,2015-01-09 ,60,0
320,11,48,0,2015-01-01,DefaultPeriod,3861.78,1,1,1,1,1,1,1,0,0,0,0,0,0.58,2275.23,0,0,0.608,47561.44,,,2014-12-11 ,60,2014-12-22 ,60,0
321,11,48,0,2015-08-05,Promotion,3939.01,0,0,0,0,0,0,0,1,1,1,1,1,0.42,1657.67,0,0,0.608,34651.87,,,2014-12-22 ,60,2014-12-22 ,60,0
322,11,49,0,2015-01-01,DefaultPeriod,3939.01,1,1,1,1,1,1,1,1,1,1,1,1,1,3978.4,0,0,0.608,83164.47,,,2014-12-11 ,60,2014-12-11 ,60,0
323,11,50,0,2015-01-01,DefaultPeriod,4340,1,1,1,1,1,1,1,1,1,1,1,1,1,4340,5642,7024.91,0.608,111091.75,,,2014-12-11 ,60,2014-12-11 ,60,1
324,11,51,0,2015-01-01,DefaultPeriod,7893.3,0.3,0.3,0.3,0.3,0.3,0.3,0.3,0.3,0.3,0.3,0.3,0.3,0.3,0,0,0,0,28415.88,,,2014-12-11 ,60,2015-01-09 ,60,0
325,11,52,0,2015-01-01,DefaultPeriod,5603.53,1,1,1,1,1,1,1,1,1,1,1,1,1,5659.56,0,0,0.608,118307.54,,,2014-12-11 ,60,2014-12-11 ,60,0
326,11,53,0,2015-01-01,DefaultPeriod,4307.96,1,1,1,1,1,1,1,1,1,1,1,1,1,4351.04,0,0,0.608,90954.14,,,2014-12-11 ,60,2014-12-11 ,60,0
327,11,54,0,2015-01-01,DefaultPeriod,3516.58,1,1,1,1,1,1,1,1,1,1,1,1,1,3551.75,0,0,0.608,74245.7,,,2014-12-11 ,60,2014-12-11 ,60,0
328,11,55,0,2015-01-01,DefaultPeriod,4516.3,1,1,1,1,1,1,1,1,1,1,1,1,1,4561.46,0,0,0.608,95352.82,,,2014-12-11 ,60,2014-12-11 ,60,0
329,11,56,0,2015-01-01,DefaultPeriod,2727.06,1,1,1,1,1,1,1,1,1,1,1,1,1,2754.33,0,0,0.608,57576.53,,,2014-12-11 ,60,2014-12-11 ,60,0
330,11,57,0,2015-01-01,DefaultPeriod,3175.66,1,1,1,1,1,1,1,1,1,1,1,1,1,3207.42,0,0,0.608,67047.84,,,2014-12-11 ,60,2014-12-11 ,60,0
331,11,58,0,2015-01-01,DefaultPeriod,3522.48,1,1,1,1,1,1,1,1,1,1,1,1,1,3557.7,0,0,0.608,74370.26,,,2014-12-11 ,60,2014-12-11 ,60,0
332,11,59,0,2015-01-01,DefaultPeriod,8006.55,1,1,1,1,1,1,1,1,1,1,1,1,1,0,10408.52,12959.75,0,119446.87,,,2014-12-11 ,60,2014-12-22 ,60,1
333,11,61,0,2015-01-01,DefaultPeriod,2548.09,1,1,1,1,1,1,1,1,1,1,1,1,1,0,0,0,0.608,49659.62,,,2014-12-11 ,60,2014-12-11 ,60,0
334,11,62,0,2015-01-01,DefaultPeriod,2727.06,1,1,1,1,1,1,1,1,1,1,1,1,1,2754.33,0,0,0.608,57576.53,,,2014-12-11 ,60,2014-12-11 ,60,0
335,11,63,0,2015-01-01,DefaultPeriod,2727.06,1,1,1,1,1,1,1,1,1,1,1,1,1,2754.33,0,0,0.608,57576.53,,,2014-12-11 ,60,2014-12-11 ,60,0
336,11,68,0,2015-01-01,DefaultPeriod,4203.91,1,1,0,0,0,0,0,0,0,0,0,0,0.17,707.66,919.96,1145.45,0.608,18114.07,,,2014-12-11 ,60,2015-01-09 ,60,1
337,11,71,0,2015-01-01,DefaultPeriod,3568.51,1,1,0.5,0,0,0,0,0,0,0,0,0,0.21,750.87,976.14,1215.4,0.608,19220.26,,,2014-12-22 ,60,2014-12-22 ,60,1
338,11,72,0,2015-01-01,DefaultPeriod,3861.78,0,0,0,1,1,1,1,1,1,1,1,1,0.75,2925.3,3802.89,4735.01,0.608,74879.38,a partir d'avril car Jessica Saayad et Ian de janvier à mi avril,,2014-12-11 ,60,2014-12-22 ,60,1
339,11,73,0,2015-01-01,DefaultPeriod,3861.78,0,0,0,1,1,1,1,1,1,1,1,1,0.75,2925.3,3802.89,4735.01,0.608,74879.38,a partir d'avril car Jessica Saayad et Ian de janvier à mi avril,,2014-12-11 ,60,2014-12-22 ,60,1
340,11,75,0,2015-01-01,DefaultPeriod,2552.95,0,0,0,0,0,0,1,1,0,0,0,0,0.17,429.75,558.67,695.61,0.608,11000.31,,,2014-12-11 ,60,2014-12-11 ,60,1
341,11,76,0,2015-01-01,DefaultPeriod,1044,1,1,1,1,1,1,1,1,1,1,1,1,1,1054.44,0,0,0.608,22042.01,,,2014-12-11 ,60,2014-12-11 ,60,0
342,11,77,0,2015-01-01,DefaultPeriod,1044,1,1,1,1,1,1,1,1,1,1,1,1,1,0,0,0,0.608,20346.47,,,2014-12-11 ,60,2014-12-11 ,60,0
343,11,78,0,2015-01-01,DefaultPeriod,3568.51,1,1,1,1,1,1,1,1,1,1,1,1,1,3604.19,4685.45,5833.91,0.608,92257.22,,,2014-12-22 ,60,2014-12-22 ,60,1
344,11,79,0,2015-01-01,DefaultPeriod,3568.51,1,1,1,0.5,0,0,0,0,0,0,0,0,0.29,1051.22,1366.59,1701.56,0.608,26908.35,Consultant ext,,2014-12-22 ,60,2015-01-05 ,60,1
345,11,80,0,2015-01-01,DefaultPeriod,3861.78,1,1,1,1,1,1,1,1,1,1,1,0,0.92,3575.36,4647.97,5787.24,0.608,91519.24,,,2015-01-09 ,60,2015-01-09 ,60,1
346,11,81,0,2015-01-01,DefaultPeriod,3861.78,1,1,1,1,1,1,1,1,1,1,1,1,1,3900.4,5070.52,6313.35,0.608,99839.18,,,2015-01-09 ,60,2015-01-09 ,60,1
347,11,82,0,2015-03-02,DefaultPeriod,3861.78,0,0,1,1,1,1,1,1,1,1,1,1,0.83,3250.33,4225.43,5261.13,0.608,83199.32,,,2015-01-09 ,60,2015-01-09 ,60,1
348,13,1,0,2015-01-01,DefaultPeriod,4132,0,0,0,1,1,1,1,1,1,1,1,1,0.75,0,0,0,0,37188,salaire validé avec note de débit,,2015-02-24 ,60,2015-02-24 ,60,0
349,13,2,0,2015-01-01,DefaultPeriod,3568.51,0.5,0.5,0.5,0.5,0.5,0,0,0,0,0,0,0,0.21,750.87,976.14,1215.4,0.608,19220.26,,,2015-02-24 ,60,2015-02-24 ,60,1
350,13,2,0,2015-06-01,Promotion,3639.88,0,0,0,0,0,0.5,1,1,1,1,1,1,0.54,1991.32,2588.71,3223.23,0.608,50972.1,,,2015-02-24 ,60,2015-02-24 ,60,1
351,13,3,0,2015-01-01,DefaultPeriod,4017.79,1,1,1,1,1,1,1,1,1,1,1,1,1,4057.97,0,0,0.608,84827.76,,,2015-02-24 ,60,2015-02-24 ,60,0
352,13,4,0,2015-01-01,DefaultPeriod,4573.21,1,1,1,1,1,1,1,0,0,0,0,0,0.58,2694.38,0,0,0.608,56323.37,,,2015-02-24 ,60,2015-02-24 ,60,0
353,13,4,0,2015-08-01,Promotion,4664.67,0,0,0,0,0,0,0,1,1,1,1,1,0.42,1963.05,0,0,0.608,41035.57,,,2015-02-24 ,60,2015-02-24 ,60,0
354,13,7,0,2015-01-01,DefaultPeriod,9644.35,1,1,1,1,1,1,1,1,1,1,1,1,1,0,0,0,0,115732.2,,,2015-02-24 ,60,2015-04-09 ,60,0
355,13,8,0,2015-01-01,DefaultPeriod,5736,0,0,0,0,1,1,1,1,1,1,1,1,0.67,3824,0,0,0,49712,salaire validé avec note de débit,,2015-02-24 ,60,2015-04-08 ,60,0
356,13,9,0,2015-01-01,DefaultPeriod,4373.75,1,1,1,1,1,1,1,1,1,1,1,1,1,4417.49,0,0,0.608,92343.16,,,2015-02-24 ,60,2015-02-24 ,60,0
357,13,10,0,2015-01-01,DefaultPeriod,3861.78,1,1,1,1,1,1,0,0,0,0,0,0,0.5,1950.2,0,0,0.608,40766.96,,,2015-02-24 ,60,2015-02-24 ,60,0
358,13,10,0,2015-07-15,Promotion,3939.01,0,0,0,0,0,0,1,1,1,1,1,1,0.5,1989.2,0,0,0.608,41582.24,,,2015-02-24 ,60,2015-02-24 ,60,0
359,13,11,0,2015-01-01,DefaultPeriod,4203.91,1,1,1,1,1,1,1,1,1,1,1,1,1,4245.95,0,0,0.608,88757.32,,,2015-02-24 ,60,2015-02-24 ,60,0
360,13,12,0,2015-01-01,DefaultPeriod,10562,1,1,1,1,1,1,1,1,1,1,1,1,1,0,0,0,0,126744,,,2015-02-24 ,60,2015-02-24 ,60,0
361,13,16,0,2015-01-01,DefaultPeriod,2929.28,0.8,0.8,0.8,0.8,0.8,0.8,0.8,0.8,0.8,0.8,0.8,0.8,0.8,2366.86,0,0,0.608,49476.81,,,2015-02-24 ,60,2015-02-24 ,60,0
362,13,17,0,2015-01-01,DefaultPeriod,4287.99,1,1,1,1,1,1,1,1,1,1,1,1,1,4330.87,0,0,0.608,90532.51,,,2015-02-24 ,60,2015-02-24 ,60,0
363,13,18,0,2015-01-01,DefaultPeriod,4757.97,1,1,1,1,1,1,1,1,1,1,1,1,1,4805.55,0,0,0.608,100455.22,,,2015-02-24 ,60,2015-02-24 ,60,0
364,13,19,0,2015-01-01,DefaultPeriod,6458.45,1,1,1,1,1,1,1,1,1,1,1,1,1,6523.03,0,0,0.608,136357.5,,,2015-02-24 ,60,2015-02-24 ,60,0
365,13,20,0,2015-01-01,DefaultPeriod,4017.79,0,0,0,0,0,0,1,1,1,1,1,1,0.5,2028.98,0,0,0.608,42413.88,,,2015-02-24 ,60,2015-02-24 ,60,0
366,13,21,0,2015-01-01,DefaultPeriod,4373.75,1,1,0,0,0,0,0,0,0,0,0,0,0.17,736.25,0,0,0.608,15390.54,,,2015-02-24 ,60,2015-03-10 ,60,0
367,13,21,22,2015-03-01,CareerChange,4757.97,0,0,1,1,1,1,1,1,1,1,1,1,0.83,4004.63,0,0,0.608,83712.69,,,2015-03-10 ,60,2015-03-10 ,60,0
368,13,22,0,2015-01-01,DefaultPeriod,4373.75,0,0,0,0,0,0,0,0,0,1,1,1,0.25,1104.37,0,0,0.608,23085.78,,,2015-02-24 ,60,2015-02-24 ,60,0
369,13,23,0,2015-01-01,DefaultPeriod,4373.75,1,1,1,1,1,1,1,1,1,1,1,1,1,4417.49,0,0,0.608,92343.16,,,2015-02-24 ,60,2015-02-24 ,60,0
370,13,24,0,2015-01-01,DefaultPeriod,4573.21,0.2,0.2,0,0,0,0,0,0,0,0,0,0,0.03,153.97,0,0,0.608,3218.49,,,2015-02-24 ,60,2015-02-24 ,60,0
371,13,24,0,2015-03-01,Promotion,4664.67,0,0,0.2,0.2,0.2,0.2,0.2,0.2,0.2,1,1,1,0.37,1727.48,0,0,0.608,36111.29,,,2015-02-24 ,60,2015-02-24 ,60,0
372,13,25,0,2015-01-01,DefaultPeriod,6247,1,1,1,1,1,1,1,1,1,1,1,1,1,6247,0,0,0,81211,,,2015-02-24 ,60,2015-02-24 ,60,0
373,13,26,0,2015-01-01,DefaultPeriod,4203.91,0.8,0.8,0.8,0.8,0.8,0.8,0.8,0.8,0.8,0.8,0.8,0,0.73,3113.7,0,0,0.608,65088.7,,,2015-02-24 ,60,2015-02-24 ,60,0
374,13,26,0,2015-12-01,Promotion,4287.99,0,0,0,0,0,0,0,0,0,0,0,0.8,0.07,288.72,0,0,0.608,6035.5,,,2015-02-24 ,60,2015-02-24 ,60,0
375,13,28,0,2015-01-01,DefaultPeriod,3939.01,0,0,0,0,1,1,1,1,1,1,1,1,0.67,2652.27,0,0,0.608,55442.99,,,2015-02-24 ,60,2015-02-24 ,60,0
376,13,28,20,2015-01-02,Maternity,1470.21,1,1,1,1,0,0,0,0,0,0,0,0,0.33,494.97,0,0,0.608,10346.87,Congé mat du 17/12/2014 au 8/4/2015,,2015-02-24 ,60,2015-02-24 ,60,0
377,13,30,0,2015-01-01,DefaultPeriod,3861.78,1,1,1,0.5,0,0,0,0,0,0,0,0,0.29,1137.62,1478.9,1841.39,0.608,29119.75,Consultant ext,,2015-02-24 ,60,2015-02-24 ,60,1
378,13,33,0,2015-01-01,DefaultPeriod,5603.53,1,1,1,1,1,1,1,1,1,1,1,1,1,5659.56,0,0,0.608,118307.54,,,2015-02-24 ,60,2015-02-24 ,60,0
379,13,34,0,2015-01-01,DefaultPeriod,4287.99,0,0,0,0,0,0.6,0.6,0.6,0.6,0.6,0.6,0.6,0.35,1515.8,0,0,0.608,31686.36,Congé mat du 26/11/2014 au 25/5/2014,,2015-02-24 ,60,2015-04-28 ,60,0
380,13,34,21,2015-01-02,Maternity,1735.1129,1,1,1,1,1,0,0,0,0,0,0,0,0.42,730.19,0,0,0.608,15263.96,,,2015-02-24 ,60,2015-02-24 ,60,0
381,13,37,0,2015-01-01,DefaultPeriod,9644.35,1,1,1,1,1,1,1,1,1,1,1,1,1,0,0,0,0,115732.2,,,2015-02-24 ,60,2015-04-09 ,60,0
382,13,38,0,2015-01-01,DefaultPeriod,4203.91,1,1,1,1,1,1,1,1,1,1,1,0,0.92,3892.12,0,0,0.608,81360.88,,,2015-02-24 ,60,2015-02-24 ,60,0
383,13,38,0,2015-12-01,Promotion,4287.99,0,0,0,0,0,0,0,0,0,0,0,1,0.08,360.91,0,0,0.608,7544.38,,,2015-02-24 ,60,2015-02-24 ,60,0
384,13,39,0,2015-01-01,DefaultPeriod,3939.01,1,1,0,0,0,0,0,0,1,1,1,1,0.5,1989.2,2585.96,3219.81,0.608,50917.91,,,2015-02-24 ,60,2015-04-07 ,60,1
385,13,42,0,2015-01-01,DefaultPeriod,5603.53,1,1,1,1,1,1,1,1,1,1,1,1,1,5659.56,0,0,0.608,118307.54,,,2015-02-24 ,60,2015-02-24 ,60,0
386,13,43,0,2015-01-01,DefaultPeriod,4017.79,1,1,1,1,1,1,1,1,1,1,1,1,1,4057.97,0,0,0.608,84827.76,,,2015-02-24 ,60,2015-02-24 ,60,0
387,13,44,0,2015-01-01,DefaultPeriod,4373.75,0,0,0,0,0,0,0,0,0,0,0,0,0,0,0,0,0.608,0,,,2015-03-10 ,60,2015-03-10 ,60,0
388,13,44,23,2015-04-13,CareerChange,4757.97,0,0,0,0.5,1,1,1,1,1,1,1,1,0.71,3403.93,0,0,0.608,71155.77,,,2015-03-10 ,60,2015-04-08 ,60,0
389,13,45,0,2015-01-01,DefaultPeriod,3939.01,1,1,1,1,1,1,1,1,1,0,0,0,0.75,2983.8,0,0,0.608,62373.36,,,2015-02-24 ,60,2015-02-24 ,60,0
390,13,45,0,2015-10-11,Promotion,4017.79,0,0,0,0,0,0,0,0,0,1,1,1,0.25,1014.49,0,0,0.608,21206.93,,,2015-02-24 ,60,2015-02-24 ,60,0
391,13,46,0,2015-01-01,DefaultPeriod,4573.21,1,1,1,1,1,1,1,0,0,0,0,0,0.58,2694.38,0,0,0.608,56323.37,,,2015-02-24 ,60,2015-02-24 ,60,0
392,13,46,0,2015-08-01,Promotion,4664.67,0,0,0,0,0,0,0,1,1,1,1,1,0.42,1963.05,0,0,0.608,41035.57,,,2015-02-24 ,60,2015-02-24 ,60,0
393,13,47,0,2015-01-01,DefaultPeriod,4017.79,0.6,0.6,0.6,0.6,0.6,0.6,1,1,1,1,1,1,0.8,3246.37,0,0,0.608,67862.2,,,2015-02-24 ,60,2015-02-24 ,60,0
394,13,48,0,2015-01-01,DefaultPeriod,3861.78,1,1,1,1,1,1,1,0,0,0,0,0,0.58,2275.23,0,0,0.608,47561.44,,,2015-02-24 ,60,2015-02-24 ,60,0
395,13,48,0,2015-08-05,Promotion,3939.01,0,0,0,0,0,0,0,1,1,1,1,1,0.42,1657.67,0,0,0.608,34651.87,,,2015-02-24 ,60,2015-02-24 ,60,0
396,13,49,0,2015-01-01,DefaultPeriod,3939.01,1,1,1,1,1,1,1,1,1,1,1,1,1,3978.4,0,0,0.608,83164.47,,,2015-02-24 ,60,2015-02-24 ,60,0
397,13,50,0,2015-01-01,DefaultPeriod,4340,1,1,1,1,1,1,1,1,1,1,1,1,1,4340,5642,7024.91,0.608,111091.75,,,2015-02-24 ,60,2015-02-24 ,60,1
398,13,51,0,2015-01-01,DefaultPeriod,9644.35,0.3,0.3,0.3,0.3,0.3,0.3,0.3,0.3,0.3,0.3,0.3,0.3,0.3,0,0,0,0,34719.66,,,2015-02-24 ,60,2015-04-09 ,60,0
399,13,52,0,2015-01-01,DefaultPeriod,5603.53,1,1,1,1,1,1,1,1,1,1,1,1,1,5659.56,0,0,0.608,118307.54,,,2015-02-24 ,60,2015-02-24 ,60,0
400,13,53,0,2015-01-01,DefaultPeriod,4307.96,1,1,1,1,1,1,1,1,1,1,1,1,1,4351.04,0,0,0.608,90954.14,,,2015-02-24 ,60,2015-02-24 ,60,0
401,13,54,0,2015-01-01,DefaultPeriod,3516.58,1,1,1,1,1,1,1,1,1,1,1,1,1,3551.75,0,0,0.608,74245.7,,,2015-02-24 ,60,2015-02-24 ,60,0
402,13,55,0,2015-01-01,DefaultPeriod,4516.3,1,1,1,1,1,1,1,1,1,1,1,1,1,4561.46,0,0,0.608,95352.82,,,2015-02-24 ,60,2015-02-24 ,60,0
403,13,56,0,2015-01-01,DefaultPeriod,2727.06,1,1,1,1,1,1,1,1,1,1,1,1,1,2754.33,0,0,0.608,57576.53,,,2015-02-24 ,60,2015-02-24 ,60,0
404,13,57,0,2015-01-01,DefaultPeriod,3175.66,1,1,1,1,1,1,1,1,1,1,1,1,1,3207.42,0,0,0.608,67047.84,,,2015-02-24 ,60,2015-02-24 ,60,0
405,13,58,0,2015-01-01,DefaultPeriod,3522.48,1,1,1,1,1,1,1,1,1,1,1,1,1,3557.7,0,0,0.608,74370.26,,,2015-02-24 ,60,2015-02-24 ,60,0
406,13,59,0,2015-01-01,DefaultPeriod,9644.35,1,1,1,1,1,1,1,1,1,1,1,1,1,0,12537.65,15610.76,0,143880.61,,,2015-02-24 ,60,2015-04-09 ,60,1
407,13,61,0,2015-01-01,DefaultPeriod,2548.09,1,1,1,1,1,1,1,1,1,1,1,1,1,0,0,0,0.608,49659.62,,,2015-02-24 ,60,2015-02-24 ,60,0
408,13,62,0,2015-01-01,DefaultPeriod,2727.06,1,1,1,1,1,1,1,1,1,1,1,1,1,2754.33,0,0,0.608,57576.53,,,2015-02-24 ,60,2015-02-24 ,60,0
409,13,63,0,2015-01-01,DefaultPeriod,2727.06,1,1,1,1,1,1,1,1,1,1,1,1,1,2754.33,0,0,0.608,57576.53,,,2015-02-24 ,60,2015-02-24 ,60,0
410,13,68,0,2015-01-01,DefaultPeriod,4203.91,1,1,0.5,0,0,0,0,0,0,0,0,0,0.21,884.57,1149.94,1431.81,0.608,22642.55,Consultant ext,,2015-02-24 ,60,2015-04-07 ,60,1
411,13,71,0,2015-01-01,DefaultPeriod,3568.51,1,1,1,0.5,0,0,0,0,0,0,0,0,0.29,1051.22,1366.59,1701.56,0.608,26908.35,Consultant ext,,2015-02-24 ,60,2015-04-07 ,60,1
412,13,72,0,2015-01-01,DefaultPeriod,3861.78,0,0,0,0,1,1,1,1,1,1,1,1,0.67,2600.26,3380.34,4208.9,0.608,66559.43,,,2015-02-24 ,60,2015-04-09 ,60,1
413,13,73,0,2015-01-01,DefaultPeriod,3861.78,0,0,0,0,1,1,1,1,1,1,1,1,0.67,2600.26,3380.34,4208.9,0.608,66559.43,,,2015-02-24 ,60,2015-04-09 ,60,1
414,13,75,0,2015-01-01,DefaultPeriod,2552.95,0,0,0,0,0,0,1,1,0,0,0,0,0.17,429.75,558.67,695.61,0.608,11000.31,,,2015-02-24 ,60,2015-02-24 ,60,1
415,13,76,0,2015-01-01,DefaultPeriod,1044,1,1,1,1,1,1,1,1,1,1,1,1,1,1054.44,0,0,0.608,22042.01,,,2015-02-24 ,60,2015-02-24 ,60,0
416,13,77,0,2015-01-01,DefaultPeriod,1044,1,1,1,1,1,1,1,1,1,1,1,1,1,0,0,0,0.608,20346.47,,,2015-02-24 ,60,2015-02-24 ,60,0
417,13,78,0,2015-01-01,DefaultPeriod,3568.51,1,1,1,1,1,1,1,1,1,1,1,1,1,3604.19,4685.45,5833.91,0.608,92257.22,,,2015-02-24 ,60,2015-02-24 ,60,1
418,13,79,0,2015-01-01,DefaultPeriod,3568.51,1,1,1,1,1,1,1,1,1,1,0,0,0.83,3003.5,3904.54,4861.59,0.608,76881.02,Consultant ext,,2015-02-24 ,60,2015-04-08 ,60,1
419,13,80,0,2015-01-01,DefaultPeriod,3861.78,1,1,1,1,1,1,1,1,1,1,1,0,0.92,3575.36,4647.97,5787.24,0.608,91519.24,,,2015-02-24 ,60,2015-02-24 ,60,1
420,13,81,0,2015-01-01,DefaultPeriod,3861.78,0,0,0,0,1,1,1,1,1,1,1,1,0.67,2600.26,3380.34,4208.9,0.608,66559.43,,,2015-02-24 ,60,2015-04-09 ,60,1
421,13,82,0,2015-03-02,DefaultPeriod,3861.78,0,0,1,1,1,1,1,1,1,1,1,1,0.83,3250.33,4225.43,5261.13,0.608,83199.32,,,2015-02-24 ,60,2015-02-24 ,60,1
422,13,83,0,2015-01-12,DefaultPeriod,3568.51,0.5,1,0.5,0,0,0,0,0,0,0,0,0,0.17,600.7,780.91,972.32,0.608,15376.21,Consultant ext,,2015-04-07 ,60,2015-04-07 ,60,1
423,13,84,0,2015-01-01,DefaultPeriod,3568.51,1,0,0,0,0,0,0,0,0,0,0,0,0.08,300.35,390.45,486.16,0.608,7688.11,Consultant ext,,2015-04-07 ,60,2015-04-07 ,60,1
424,13,85,0,2015-01-20,DefaultPeriod,3568.51,0,1,1,1,1,0,0,0,0,0,0,0,0.33,0,1561.82,1944.64,0.608,28820.57,Consultant ext,,2015-04-07 ,60,2015-04-07 ,60,1
425,13,86,0,2015-02-09,DefaultPeriod,3568.51,0,1,1,1,0,0,0,0,0,0,0,0,0.25,901.05,1171.36,1458.48,0.608,23064.32,Consultant ext,,2015-04-07 ,60,2015-04-07 ,60,1
426,13,87,0,2015-03-30,DefaultPeriod,3568.51,0,0,0,1,0.5,0,0,0,0,0,0,0,0.13,450.52,585.68,729.24,0.608,11532.14,Consultant ext,,2015-04-07 ,60,2015-04-07 ,60,1
427,13,88,0,2015-04-16,DefaultPeriod,3568.51,0,0,0,1,1,1,1,1,1,1,1,1,0.75,2703.15,3514.09,4375.43,0.608,69192.93,,,2015-04-07 ,60,2015-04-07 ,60,1
428,13,89,0,2015-04-08,DefaultPeriod,3568.51,0,0,0,1,1,1,1,1,1,1,1,1,0.75,2703.15,3514.09,4375.43,0.608,69192.93,,,2015-04-07 ,60,2015-04-07 ,60,1
429,13,90,0,2015-02-09,DefaultPeriod,3568.51,0,1,1,0.5,0,0,0,0,0,0,0,0,0.21,0,976.14,1215.4,0.608,18012.86,,,2015-04-07 ,60,2015-04-08 ,60,1
430,13,91,0,2015-04-07,DefaultPeriod,9644.35,0,0,0,1,1,1,1,1,1,1,1,1,0.75,7233.26,9403.24,11708.07,0,115143.72,,,2015-04-07 ,60,2015-04-07 ,60,1
431,13,92,0,2015-03-23,DefaultPeriod,3861.78,0,0,0,1,1,0,0,0,0,0,0,0,0.17,650.07,845.09,1052.23,0.608,16639.89,Consultant ext,,2015-04-07 ,60,2015-04-08 ,60,1
432,13,93,0,2015-03-15,DefaultPeriod,3568.51,0,0,0.5,0.5,0,0,0,0,0,0,0,0,0.08,300.35,390.45,486.16,0.608,7688.11,Consultant ext,,2015-04-07 ,60,2015-04-07 ,60,1
433,13,94,0,2015-03-16,DefaultPeriod,3568.51,0,0,0.5,1,1,0,0,0,0,0,0,0,0.21,750.87,976.14,1215.4,0.608,19220.26,Consultant ext,,2015-04-07 ,60,2015-04-07 ,60,1
434,13,95,0,2015-05-01,DefaultPeriod,3861.78,0,0,0,0,0,1,1,1,1,1,1,1,0.58,2275.23,2957.8,3682.79,0.608,58239.51,,,2015-04-09 ,60,2015-04-10 ,60,1
435,15,1,0,2015-01-01,DefaultPeriod,4132,0,0,0,1,1,1,1,1,1,1,1,1,0.75,0,0,0,0,37188,salaire validé avec note de débit,,2015-05-18 ,60,2015-07-27 ,60,0
436,15,2,0,2015-01-01,DefaultPeriod,3861.7754,0.5,0.5,0.5,0.5,0.5,0,0,0,0,0,0,0,0.21,812.58,1056.36,1315.28,0.608,20799.8,,,2015-05-18 ,60,2015-07-27 ,60,1
437,15,2,0,2015-06-01,Promotion,3861.7754,0,0,0,0,0,0.5,1,1,1,1,1,1,0.54,2112.71,2746.53,3419.73,0.608,54079.5,,,2015-05-18 ,60,2015-07-27 ,60,1
438,15,3,0,2015-01-01,DefaultPeriod,4203.9129,1,1,1,1,1,1,1,1,1,1,1,1,1,4245.95,0,0,0.608,88757.37,,,2015-05-18 ,60,2015-05-18 ,60,0
439,15,4,0,2015-01-01,DefaultPeriod,4573.2093,1,1,1,1,1,1,1,0,0,0,0,0,0.58,2694.38,0,0,0.608,56323.37,,,2015-05-18 ,60,2015-05-18 ,60,0
440,15,4,0,2015-08-01,Promotion,4664.67,0,0,0,0,0,0,0,1,1,1,1,1,0.42,1963.05,0,0,0.608,41035.57,,,2015-05-18 ,60,2015-05-18 ,60,0
441,15,7,0,2015-01-01,DefaultPeriod,9644.35,1,1,1,1,1,1,1,1,1,1,1,1,1,0,0,0,0,115732.2,,,2015-05-18 ,60,2015-07-27 ,60,0
442,15,8,0,2015-01-01,DefaultPeriod,5736,0,0,0,0,0,0,0,0,0,0,0,0,0,0,0,0,0,0,salaire validé avec note de débit,,2015-05-18 ,60,2015-06-23 ,97,0
443,15,9,0,2015-01-01,DefaultPeriod,4373.75,1,1,1,1,1,1,1,1,1,1,1,1,1,4417.49,0,0,0.608,92343.16,,,2015-05-18 ,60,2015-05-18 ,60,0
444,15,10,0,2015-01-01,DefaultPeriod,3861.7754,1,1,1,1,1,1,0,0,0,0,0,0,0.5,1950.2,0,0,0.608,40766.92,,,2015-05-18 ,60,2015-05-18 ,60,0
445,15,10,0,2015-07-15,Promotion,3939.01,0,0,0,0,0,0,1,1,1,1,1,1,0.5,1989.2,0,0,0.608,41582.24,,,2015-05-18 ,60,2015-05-18 ,60,0
446,15,11,0,2015-01-01,DefaultPeriod,4573.2093,1,1,1,1,1,1,1,1,1,1,1,1,1,4618.94,0,0,0.608,96554.35,,,2015-05-18 ,60,2015-05-18 ,60,0
447,15,12,0,2015-01-01,DefaultPeriod,10562,1,1,1,1,1,1,1,1,1,1,1,1,1,0,0,0,0,126744,,,2015-05-18 ,60,2015-07-27 ,60,0
448,15,16,0,2015-01-01,DefaultPeriod,2929.28,0.8,0.8,0.8,0.8,0.8,0.8,0.8,0.8,0.8,0.8,0.8,0.8,0.8,2366.86,0,0,0.608,49476.81,,,2015-05-18 ,60,2015-05-18 ,60,0
449,15,17,0,2015-01-01,DefaultPeriod,4287.99,1,1,1,1,1,1,1,1,1,1,1,1,1,4330.87,0,0,0.608,90532.51,,,2015-05-18 ,60,2015-05-18 ,60,0
450,15,18,0,2015-01-01,DefaultPeriod,4757.97,1,1,1,1,1,1,1,1,1,1,1,1,1,4805.55,0,0,0.608,100455.22,,,2015-05-18 ,60,2015-05-18 ,60,0
451,15,19,0,2015-01-01,DefaultPeriod,6458.45,1,1,1,1,1,1,1,1,1,1,1,1,1,6523.03,0,0,0.608,136357.5,,,2015-05-18 ,60,2015-05-18 ,60,0
452,15,20,0,2015-01-01,DefaultPeriod,4017.79,0,0,0,0,0,0,0,0,1,1,1,1,0.33,1352.66,0,0,0.608,28275.92,,,2015-05-18 ,60,2015-06-23 ,97,0
453,15,21,0,2015-01-01,DefaultPeriod,4373.75,1,1,0,0,0,0,0,0,0,0,0,0,0.17,736.25,0,0,0.608,15390.54,,,2015-05-18 ,60,2015-05-18 ,60,0
454,15,21,26,2015-03-01,CareerChange,4373.75,0,0,1,1,1,1,1,1,1,1,1,1,0.83,3681.24,0,0,0.608,76952.64,,,2015-05-18 ,60,2015-05-18 ,60,0
455,15,22,0,2015-01-01,DefaultPeriod,4373.75,0,0,0,0,0,0,0,0,0,0,0,0,0,0,0,0,0.608,0,,,2015-05-18 ,60,2015-06-24 ,97,0
456,15,23,0,2015-01-01,DefaultPeriod,4373.75,1,1,1,1,1,1,1,1,1,1,1,1,1,4417.49,0,0,0.608,92343.16,,,2015-05-18 ,60,2015-05-18 ,60,0
457,15,24,0,2015-01-01,DefaultPeriod,4573.2093,0.2,0.2,0,0,0,0,0,0,0,0,0,0,0.03,153.97,0,0,0.608,3218.49,,,2015-05-18 ,60,2015-05-18 ,60,0
458,15,24,0,2015-03-01,Promotion,4664.67,0,0,0.2,0.2,0.2,0.2,0.2,0.2,0.2,0.2,0.2,0.2,0.17,785.22,0,0,0.608,16414.22,,,2015-05-18 ,60,2015-06-24 ,97,0
459,15,25,0,2015-01-01,DefaultPeriod,6247,1,1,1,1,1,1,1,1,1,1,1,1,1,6247,0,0,0,81211,,,2015-05-18 ,60,2015-07-27 ,60,0
460,15,26,0,2015-01-01,DefaultPeriod,4203.9129,0.8,0.8,0.8,0.8,0.8,0.8,0.8,0.8,0.8,0.8,0.8,0,0.73,3113.7,0,0,0.608,65088.75,,,2015-05-18 ,60,2015-05-18 ,60,0
461,15,26,0,2015-12-01,Promotion,4287.99,0,0,0,0,0,0,0,0,0,0,0,0.8,0.07,288.72,0,0,0.608,6035.5,,,2015-05-18 ,60,2015-05-18 ,60,0
462,15,28,0,2015-01-01,DefaultPeriod,3939.01,0,0,0,0,1,1,1,1,1,1,1,1,0.67,2652.27,0,0,0.608,55442.99,,,2015-05-18 ,60,2015-05-18 ,60,0
463,15,28,24,2015-01-02,Maternity,1470.21,1,1,1,1,0,0,0,0,0,0,0,0,0.33,494.97,0,0,0.608,10346.87,Congé mat du 17/12/2014 au 8/4/2015,,2015-05-18 ,60,2015-05-18 ,60,0
464,15,30,0,2015-01-01,DefaultPeriod,3861.7754,1,1,1,1,1,1,0,0,0,0,0,0,0.5,1950.2,2535.26,3156.67,0.608,49919.54,Consultant ext,,2015-05-18 ,60,2015-07-27 ,60,1
465,15,33,0,2015-01-01,DefaultPeriod,6066.99,1,1,1,1,1,1,1,1,1,1,1,1,1,6127.66,0,0,0.608,128092.6,,,2015-05-18 ,60,2015-05-18 ,60,0
466,15,34,0,2015-01-01,DefaultPeriod,4287.99,0,0,0,0,0,0.6,0.6,0.6,0.6,0.6,0.6,0.6,0.35,1515.8,0,0,0.608,31686.36,Congé mat du 26/11/2014 au 25/5/2014,,2015-05-18 ,60,2015-05-18 ,60,0
467,15,34,25,2015-01-02,Maternity,1735.1129,1,1,1,1,1,0,0,0,0,0,0,0,0.42,730.19,0,0,0.608,15263.96,,,2015-05-18 ,60,2015-05-18 ,60,0
468,15,37,0,2015-01-01,DefaultPeriod,9644.35,1,1,1,1,1,1,1,1,1,1,1,1,1,0,0,0,0,115732.2,,,2015-05-18 ,60,2015-07-27 ,60,0
469,15,38,0,2015-01-01,DefaultPeriod,4203.9129,1,1,1,1,1,1,1,1,1,1,1,0,0.92,3892.12,0,0,0.608,81360.92,,,2015-05-18 ,60,2015-05-18 ,60,0
470,15,38,0,2015-12-01,Promotion,4287.99,0,0,0,0,0,0,0,0,0,0,0,1,0.08,360.91,0,0,0.608,7544.38,,,2015-05-18 ,60,2015-05-18 ,60,0
471,15,39,0,2015-01-01,DefaultPeriod,3861.7754,1,1,0,0,0,0,0,0,1,1,1,1,0.5,1950.2,2535.26,3156.67,0.608,49919.54,,,2015-05-18 ,60,2015-07-27 ,60,1
472,15,42,0,2015-01-01,DefaultPeriod,6066.99,1,1,1,1,1,1,1,1,1,1,1,1,1,6127.66,0,0,0.608,128092.6,,,2015-05-18 ,60,2015-05-18 ,60,0
473,15,43,0,2015-01-01,DefaultPeriod,4017.79,1,1,1,1,1,1,1,1,1,1,1,1,1,4057.97,0,0,0.608,84827.76,,,2015-05-18 ,60,2015-05-18 ,60,0
474,15,44,0,2015-01-01,DefaultPeriod,4373.75,0,0,0,0,0,0,0,0,0,0,0,0,0,0,0,0,0.608,0,,,2015-05-18 ,60,2015-05-18 ,60,0
475,15,44,27,2015-04-13,CareerChange,4373.75,0,0,0,0.5,1,1,1,1,1,1,1,1,0.71,3129.05,0,0,0.608,65409.73,,,2015-05-18 ,60,2015-05-18 ,60,0
476,15,45,0,2015-01-01,DefaultPeriod,3939.01,1,1,1,1,1,1,1,1,1,0,0,0,0.75,2983.8,0,0,0.608,62373.36,,,2015-05-18 ,60,2015-05-18 ,60,0
477,15,45,0,2015-10-11,Promotion,4017.79,0,0,0,0,0,0,0,0,0,1,1,1,0.25,1014.49,0,0,0.608,21206.93,,,2015-05-18 ,60,2015-05-18 ,60,0
478,15,46,0,2015-01-01,DefaultPeriod,4573.2093,1,1,1,1,1,1,1,0,0,0,0,0,0.58,2694.38,0,0,0.608,56323.37,,,2015-05-18 ,60,2015-05-18 ,60,0
479,15,46,0,2015-08-01,Promotion,4664.67,0,0,0,0,0,0,0,1,1,1,1,1,0.42,1963.05,0,0,0.608,41035.57,,,2015-05-18 ,60,2015-05-18 ,60,0
480,15,47,0,2015-01-01,DefaultPeriod,4017.79,0.6,0.6,0.6,0.6,0.6,0.6,1,1,1,1,1,1,0.8,3246.37,0,0,0.608,67862.2,,,2015-05-18 ,60,2015-05-18 ,60,0
481,15,48,0,2015-01-01,DefaultPeriod,3861.7754,1,1,1,1,1,1,1,0,0,0,0,0,0.58,2275.23,0,0,0.608,47561.39,,,2015-05-18 ,60,2015-05-18 ,60,0
482,15,48,0,2015-08-05,Promotion,3939.01,0,0,0,0,0,0,0,1,1,1,1,1,0.42,1657.67,0,0,0.608,34651.87,,,2015-05-18 ,60,2015-05-18 ,60,0
483,15,49,0,2015-01-01,DefaultPeriod,4203.9129,1,1,1,1,1,1,1,1,1,1,1,1,1,4245.95,0,0,0.608,88757.37,,,2015-05-18 ,60,2015-05-18 ,60,0
484,15,50,0,2015-01-01,DefaultPeriod,4340,1,1,1,1,1,1,1,1,1,1,1,1,1,4340,5642,7024.91,0.608,111091.75,,,2015-05-18 ,60,2015-07-27 ,60,1
485,15,51,0,2015-01-01,DefaultPeriod,9644.35,0.3,0.3,0.3,0.3,0.3,0.3,0.3,0.25,0,0,0,0,0.2,0,0,0,0,22664.22,,,2015-05-18 ,60,2015-07-27 ,60,0
486,15,52,0,2015-01-01,DefaultPeriod,5603.53,1,1,1,1,1,1,1,1,1,1,1,1,1,5659.56,0,0,0.608,118307.54,,,2015-05-18 ,60,2015-05-18 ,60,0
487,15,53,0,2015-01-01,DefaultPeriod,4307.96,1,1,1,1,1,1,1,1,1,1,1,1,1,4351.04,0,0,0.608,90954.14,,,2015-05-18 ,60,2015-05-18 ,60,0
488,15,54,0,2015-01-01,DefaultPeriod,3516.58,1,1,1,1,1,1,1,1,1,1,1,1,1,3551.75,0,0,0.608,74245.7,,,2015-05-18 ,60,2015-05-18 ,60,0
489,15,55,0,2015-01-01,DefaultPeriod,4516.3,1,1,1,1,1,1,1,1,1,1,1,1,1,4561.46,0,0,0.608,95352.82,,,2015-05-18 ,60,2015-05-18 ,60,0
490,15,56,0,2015-01-01,DefaultPeriod,2727.06,1,1,1,1,1,1,1,1,1,1,1,1,1,2754.33,0,0,0.608,57576.53,,,2015-05-18 ,60,2015-05-18 ,60,0
491,15,57,0,2015-01-01,DefaultPeriod,3175.66,1,1,1,1,1,1,1,1,1,1,1,1,1,3207.42,0,0,0.608,67047.84,,,2015-05-18 ,60,2015-05-18 ,60,0
492,15,58,0,2015-01-01,DefaultPeriod,3522.48,1,1,1,1,1,1,1,1,1,1,1,1,1,3557.7,0,0,0.608,74370.26,,,2015-05-18 ,60,2015-05-18 ,60,0
493,15,59,0,2015-01-01,DefaultPeriod,9644.35,1,1,1,1,1,1,1,1,1,1,1,1,1,0,12537.65,15610.76,0,143880.61,,,2015-05-18 ,60,2015-07-27 ,60,1
494,15,61,0,2015-01-01,DefaultPeriod,2548.09,1,1,1,1,1,1,1,1,1,1,1,1,1,0,0,0,0.608,49659.62,,,2015-05-18 ,60,2015-05-18 ,60,0
495,15,62,0,2015-01-01,DefaultPeriod,2727.06,1,1,1,1,1,1,1,1,1,1,1,1,1,2754.33,0,0,0.608,57576.53,,,2015-05-18 ,60,2015-05-18 ,60,0
496,15,63,0,2015-01-01,DefaultPeriod,2727.06,1,1,1,1,1,1,1,1,1,1,1,1,1,2754.33,0,0,0.608,57576.53,,,2015-05-18 ,60,2015-05-18 ,60,0
497,15,68,0,2015-01-01,DefaultPeriod,4203.9129,1,1,0.5,0,0,0,0,0,0,0,0,0,0.21,884.57,1149.95,1431.81,0.608,22642.59,Consultant ext,,2015-05-18 ,60,2015-07-27 ,60,1
498,15,71,0,2015-01-01,DefaultPeriod,3568.5118,1,1,1,0.5,0,0,0,0,0,0,0,0,0.29,1051.22,1366.59,1701.56,0.608,26908.37,Consultant ext,,2015-05-18 ,60,2015-07-27 ,60,1
499,15,72,0,2015-01-01,DefaultPeriod,3861.7754,0,0,0,0,0,1,1,1,1,1,1,1,0.58,2275.23,2957.8,3682.78,0.608,58239.44,,,2015-05-18 ,60,2015-07-27 ,60,1
500,15,73,0,2015-01-01,DefaultPeriod,3861.7754,0,0,0,0,0,1,1,1,1,1,1,1,0.58,2275.23,2957.8,3682.78,0.608,58239.44,,,2015-05-18 ,60,2015-07-27 ,60,1
