rownames,macro_budget_id,year,amount,comment,project_id,accounting_amount
1,6157,2014,33200,,240,0
2,6158,2015,33200,,240,0
3,1493735,2016,15400,,566,0
4,11347718,2015,2944.72,,387,2944.72
5,44976873,2013,170018.63,,192,170018.63
6,44976922,2013,12433,,75,12433
7,44976924,2013,15582.79,,201,15582.79
8,44976931,2013,6640,,9,6640
9,44976932,2013,7885,,181,7885
10,44976933,2013,8549,,109,8549
11,44976934,2013,3320,,158,3320
12,44976946,2013,46587.16,,146,46587.16
13,44976949,2013,10465.47,,52,10465.47
14,44976966,2013,233242.5,,212,233242.5
15,44976967,2013,35196.47,,235,35196.47
16,44976968,2013,6860,,172,6860
17,44976975,2013,2504.41,,78,2504.41
18,44976976,2013,29826.4,,218,29826.4
19,44976987,2013,4150,,318,4150
20,44976988,2013,23032.5,,126,23032.5
21,44977001,2013,22825,,129,22825
22,44977005,2013,36105,,155,36105
23,44977006,2013,44853.64,,86,44853.64
24,44977017,2013,26362.16,,6,26362.16
25,44977034,2013,4357.5,,98,4357.5
26,44977054,2013,2490,,167,2490
27,44977089,2013,45958.7,,27,45958.7
28,44977093,2013,3320,,127,3320
29,44977123,2013,63473.5,,64,63473.5
30,44977134,2013,18169.65,,207,18169.65
31,44977146,2013,276,,7,276
32,44977147,2013,166652.72,,193,166652.72
33,44977151,2013,48970,,150,48970
34,44977152,2013,14502.46,,1,14502.46
35,44977153,2013,11373.16,,24,11373.16
36,44977180,2013,16392.5,,187,16392.5
37,44977184,2013,7470,,233,7470
38,44977188,2013,51438.38,,18,51438.38
39,44977225,2013,21868.51,,204,21868.51
40,44977226,2013,31366.57,,110,31366.57
41,44977227,2013,37837.54,,10,37837.54
42,44977228,2013,31125,,133,31125
43,44977229,2013,17430,,61,17430
44,44977257,2013,20750,,147,20750
45,44977271,2013,25624.3,,165,25624.3
46,44977294,2013,80931.58,,125,80931.58
47,44977296,2013,16185,,219,16185
48,44977304,2013,11021.88,,19,11021.88
49,44977321,2013,17518.61,,25,17518.61
50,44977322,2013,9130,,271,9130
51,44977333,2013,27390,,105,27390
52,44977334,2013,8300,,179,8300
53,44977335,2013,830,,205,830
54,44977336,2013,6426.24,,85,6426.24
55,44977349,2013,48347.5,,62,48347.5
56,44977350,2013,9545,,42,9545
57,44977358,2013,52497.5,,56,52497.5
58,44977359,2013,43458.25,,199,43458.25
59,44977371,2013,79713.83,,116,79713.83
60,44977373,2013,9215,,139,9215
61,44977375,2013,14525,,162,14525
62,44977405,2013,85869.83,,202,85869.83
63,44977423,2013,37335.69,,16,37335.69
64,44977424,2013,7885,,182,7885
65,44977456,2013,4565,,145,4565
66,44977470,2013,20335,,71,20335
67,44977477,2013,2490,,117,2490
68,44977478,2013,9694.38,,140,9694.38
69,44977487,2013,10687.6,,31,10687.6
70,44977503,2013,7885,,226,7885
71,44977513,2013,21086.85,,177,21086.85
72,44977514,2013,1452.5,,154,1452.5
73,44977515,2013,13280,,134,13280
74,44977518,2013,59441.82,,11,59441.82
75,44977523,2013,21165,,111,21165
76,44977560,2013,9130,,166,9130
77,44977584,2013,5928.38,,20,5928.38
78,44977585,2013,456383.31,,68,456383.31
79,44977586,2013,29523.13,,80,29523.13
80,44977587,2013,46120.48,,28,46120.48
81,44977623,2013,3411.65,,206,3411.65
82,44977624,2013,31955,,157,31955
83,44977634,2013,33137.73,,8,33137.73
84,44977647,2013,42986.28,,194,42986.28
85,44977648,2013,4980,,151,4980
86,44977658,2014,0,,355,0
87,44977667,2013,17991.63,,215,17991.63
88,44977691,2014,0,,138,0
89,44977692,2013,8715,,138,8715
90,44977767,2013,34859.92,,66,34859.92
91,44977768,2014,0,,66,0
92,44977838,2014,0,,190,0
93,44977856,2014,0,,307,0
94,44977961,2014,0,,141,0
95,44977962,2013,20262.85,,141,20262.85
96,44977981,2014,0,,310,0
97,44978154,2014,0,,331,0
98,44978265,2014,0,,332,0
99,44978296,2013,2490,,183,2490
100,44978297,2014,0,,183,0
101,44978298,2013,23920.72,,160,23920.72
102,44978299,2014,0,,160,0
103,44978335,2013,8406.38,,312,8406.38
104,44978336,2014,0,,312,0
105,44978422,2014,217.97,,261,217.97
106,44978427,2014,15549,,378,15549
107,44978446,2013,2075,,92,2075
108,44978447,2014,50,,92,50
109,44978463,2014,13902.5,,384,13902.5
110,44978464,2013,4150,,161,4150
111,44978465,2014,1245,,161,1245
112,44978477,2014,4980,,29,4980
113,44978478,2013,26884.5,,29,26884.5
114,44978479,2013,8540.83,,315,8540.83
115,44978480,2014,14729.5,,315,14729.5
116,44978499,2014,61789.87,,344,61789.87
117,44978520,2014,27567,,338,27567
118,44978525,2013,50948.9,,195,50948.9
119,44978526,2014,0,,195,0
120,44978528,2014,4552.44,,301,4552.44
121,44978531,2013,43542.28,,3,43542.28
122,44978532,2014,6887.5,,3,6887.5
123,44978533,2013,16600,,152,16600
124,44978534,2014,13695,,152,13695
125,44978553,2013,16392.5,,72,16392.5
126,44978554,2014,7368.6,,72,7368.6
127,44978565,2014,147980.71,,258,147980.71
128,44978566,2014,35010.75,,335,35010.75
129,44978567,2014,36356.11,,281,36356.11
130,44978581,2014,1735.8,,32,1735.8
131,44978582,2013,31270.74,,32,31270.74
132,44978583,2014,21008.14,,364,21008.14
133,44978584,2014,0,,327,0
134,44978597,2014,26437.65,,321,26437.65
135,44978599,2013,27518.8,,26,27518.8
136,44978600,2014,7470,,26,7470
137,44978602,2013,1245,,12,1245
138,44978603,2014,2490,,12,2490
139,44978627,2014,7470,,398,7470
140,44978628,2014,506.41,,304,506.41
141,44978664,2013,13280,,149,13280
142,44978665,2014,12450,,149,12450
143,44978688,2014,0,,330,0
144,44978692,2014,2075,,236,2075
145,44978693,2013,8300,,236,8300
146,44978710,2014,4150,,184,4150
147,44978711,2013,13268.02,,184,13268.02
148,44978712,2014,7470,,422,7470
149,44978727,2014,94.17,,21,94.17
150,44978728,2013,5390.12,,21,5390.12
151,44978733,2014,37907.24,,322,37907.24
152,44978772,2014,66669.23,,87,66669.23
153,44978773,2013,161266.31,,87,161266.31
154,44978784,2014,10117.1,,399,10117.1
155,44978801,2014,0,,356,0
156,44978842,2014,38171.59,,279,38171.59
157,44978846,2014,4150,,362,4150
158,44978847,2014,4150,,373,4150
159,44978858,2014,1245,,176,1245
160,44978859,2013,415,,176,415
161,44978880,2014,76,,227,76
162,44978881,2013,16637.05,,227,16637.05
163,44978885,2014,2075,,153,2075
164,44978886,2013,7328.57,,153,7328.57
165,44978911,2014,2490,,90,2490
166,44978912,2013,19117.5,,90,19117.5
167,44978941,2014,400,,96,400
168,44978942,2013,1037.5,,96,1037.5
169,44978962,2014,19920,,305,19920
170,44978963,2014,12450,,311,12450
171,44978964,2014,34000.01,,334,34000.01
172,44978969,2014,6807.1,,234,6807.1
173,44978970,2013,8463.75,,234,8463.75
174,44978973,2014,12450,,357,12450
175,44978982,2014,24966.9,,328,24966.9
176,44978991,2014,222.96,,365,222.96
177,44979032,2014,107.52,,228,107.52
178,44979050,2014,33447.19,,385,33447.19
179,44979065,2013,14110,,148,14110
180,44979066,2014,2075,,148,2075
181,44979079,2014,2621.88,,454,2621.88
182,44979081,2014,18260,,354,18260
183,44979085,2014,1245,,185,1245
184,44979099,2014,4150,,314,4150
185,44979100,2014,48381.53,,371,48381.53
186,44979101,2014,2075,,122,2075
187,44979102,2013,3397.74,,122,3397.74
188,44979104,2014,3320,,22,3320
189,44979105,2013,80.13,,22,80.13
190,44979118,2013,16600,,108,16600
191,44979119,2014,2490,,108,2490
192,44979128,2014,4409.8,,33,4409.8
193,44979129,2013,25548.04,,33,25548.04
194,44979135,2014,4471.87,,88,4471.87
195,44979136,2013,26732.28,,88,26732.28
196,44979149,2014,4980,,102,4980
197,44979150,2013,622.5,,102,622.5
198,44979153,2014,68372.83,,302,68372.83
199,44979154,2013,18771.19,,302,18771.19
200,44979155,2014,21350.33,,351,21350.33
201,44979186,2013,831.95,,245,831.95
202,44979213,2013,18675,,186,18675
203,44979214,2014,6252,,186,6252
204,44979219,2014,153790.77,,280,153790.77
205,44979221,2013,16441.82,,17,16441.82
206,44979222,2014,7055,,17,7055
207,44979229,2013,5212.78,,217,5212.78
208,44979230,2014,57866.87,,217,57866.87
209,44979258,2013,25151.54,,34,25151.54
210,44979259,2014,4150,,34,4150
211,44979282,2014,1660,,352,1660
212,44979283,2014,3320,,289,3320
213,44979284,2014,32952.93,,389,32952.93
214,44979310,2014,4150,,214,4150
215,44979311,2013,23201.35,,214,23201.35
216,44979312,2013,18314.58,,120,18314.58
217,44979313,2014,2302.18,,120,2302.18
218,44979318,2014,114.18,,383,114.18
219,44979322,2014,105183.73,,260,105183.73
220,44979323,2013,18587.61,,260,18587.61
221,44979337,2013,1840.3,,220,1840.3
222,44979338,2014,7055,,220,7055
223,44979339,2014,17798.51,,114,17798.51
224,44979340,2013,23584.45,,114,23584.45
225,44979362,2014,7136.55,,174,7136.55
226,44979363,2013,11843.96,,174,11843.96
227,44979364,2014,20947.86,,320,20947.86
228,44979372,2014,8583.58,,131,8583.58
229,44979373,2013,46345.33,,131,46345.33
230,44979389,2013,51281.12,,14,51281.12
231,44979390,2014,50478.75,,14,50478.75
232,44979401,2013,3359.47,,137,3359.47
233,44979402,2014,0,,137,0
234,44979415,2014,5810,,300,5810
235,44979419,2014,21580,,343,21580
236,44980360,2014,830,,347,830
237,44981028,2015,1171.14,,501,1171.14
238,44981029,2015,0,,430,0
239,44981045,2013,35690,,232,35690
240,44981046,2014,37765,,232,37765
241,44981047,2015,14972.22,,232,14972.22
242,44981055,2015,11573.26,,418,11573.26
243,44981056,2014,15770,,418,15770
244,44981070,2015,24074.01,,470,24074.01
245,44981071,2013,4565,,221,4565
246,44981072,2014,4150,,221,4150
247,44981073,2015,995.67,,132,995.67
248,44981074,2014,16698.59,,132,16698.59
249,44981075,2013,48778.7,,132,48778.7
250,44981084,2014,4080.77,,15,4080.77
251,44981085,2013,19667.64,,15,19667.64
252,44981086,2015,6133.28,,15,6133.28
253,44981089,2015,396.39,,458,396.39
254,44981097,2014,37142.5,,244,37142.5
255,44981102,2014,9262,,295,9262
256,44981103,2015,214.49,,444,214.49
257,44981104,2014,14759.62,,444,14759.62
258,44981116,2013,5602.5,,95,5602.5
259,44981117,2014,2425.5,,95,2425.5
260,44981120,2015,38.08,,473,38.08
261,44981128,2015,2944.72,,381,2944.72
262,44981129,2014,11620,,381,11620
263,44981130,2015,1036.21,,421,1036.21
264,44981131,2014,25441.67,,421,25441.67
265,44981133,2015,187.99,,375,187.99
266,44981134,2014,55946.28,,375,55946.28
267,44981147,2015,776.09,,467,776.09
268,44981153,2015,3312.86,,567,3312.86
269,44981154,2015,3194.85,,510,3194.85
270,44981155,2015,3417.2,,533,3417.2
271,44981156,2013,4150,,35,4150
272,44981157,2014,2905,,35,2905
273,44981158,2015,9128.11,,390,9128.11
274,44981159,2014,37925.24,,390,37925.24
275,44981164,2013,164196.56,,106,164196.56
276,44981165,2014,109864.49,,106,109864.49
277,44981166,2015,0,,106,0
278,44981167,2015,1960.32,,484,1960.32
279,44981168,2015,1514.14,,135,1514.14
280,44981169,2013,19920,,135,19920
281,44981170,2014,26560,,135,26560
282,44981171,2014,9149.2,,112,9149.2
283,44981172,2015,0,,112,0
284,44981173,2013,9960,,112,9960
285,44981174,2013,5810,,63,5810
286,44981175,2014,6640,,63,6640
287,44981176,2015,0,,255,0
288,44981177,2014,78002.27,,255,78002.27
289,44981190,2013,24780.37,,43,24780.37
290,44981191,2014,14398.73,,43,14398.73
291,44981192,2015,0,,241,0
292,44981193,2014,7470,,241,7470
293,44981219,2014,12035,,213,12035
294,44981220,2015,19773.02,,213,19773.02
295,44981221,2013,28246.63,,213,28246.63
296,44981222,2015,2762.36,,545,2762.36
297,44981223,2014,0,,144,0
298,44981224,2013,38740.93,,144,38740.93
299,44981228,2014,85135.8,,353,85135.8
300,44981229,2015,26330.44,,353,26330.44
301,44981235,2014,0,,336,0
302,44981236,2015,0,,336,0
303,44981237,2015,0,,453,0
304,44981246,2015,2433.33,,516,2433.33
305,44981258,2014,154957.43,,67,154957.43
306,44981259,2015,33454.5,,67,33454.5
307,44981260,2013,133743.99,,67,133743.99
308,44981261,2014,-313.66,,230,-313.66
309,44981262,2013,687.66,,230,687.66
310,44981263,2014,1583.75,,376,1583.75
311,44981264,2015,717.82,,376,717.82
312,44981271,2014,22862.55,,319,22862.55
313,44981272,2014,23880,,173,23880
314,44981273,2013,29772.45,,173,29772.45
315,44981274,2015,1114.78,,173,1114.78
316,44981275,2014,29880,,370,29880
317,44981276,2014,70194.35,,107,70194.35
318,44981277,2015,293.1,,107,293.1
319,44981278,2013,9752.5,,107,9752.5
320,44981279,2014,42710.68,,273,42710.68
321,44981284,2013,4150,,58,4150
322,44981285,2014,5395,,58,5395
323,44981313,2015,1266.66,,436,1266.66
324,44981314,2015,1003.83,,505,1003.83
325,44981319,2014,7885,,101,7885
326,44981320,2013,16010.98,,101,16010.98
327,44981321,2015,2967.95,,101,2967.95
328,44981322,2014,8715,,350,8715
329,44981334,2015,2719.96,,442,2719.96
330,44981335,2014,4150,,299,4150
331,44981336,2014,13842.2,,342,13842.2
332,44981337,2014,415,,293,415
333,44981338,2014,7470,,393,7470
334,44981339,2015,509.37,,393,509.37
335,44981341,2014,41398.54,,379,41398.54
336,44981342,2015,897.76,,379,897.76
337,44981353,2014,18849.36,,402,18849.36
338,44981354,2015,69,,402,69
339,44981355,2014,43451.43,,239,43451.43
340,44981371,2015,27316.21,,525,27316.21
341,44981372,2013,985.46,,287,985.46
342,44981373,2015,2921.38,,287,2921.38
343,44981374,2014,39257.8,,287,39257.8
344,44981377,2015,5137.94,,479,5137.94
345,44981378,2015,1039.08,,456,1039.08
346,44981381,2014,53892.68,,30,53892.68
347,44981382,2015,0,,30,0
348,44981383,2013,30518.65,,30,30518.65
349,44981404,2014,2490,,419,2490
350,44981405,2014,12450,,124,12450
351,44981406,2013,10375,,124,10375
352,44981410,2014,2917.35,,416,2917.35
353,44981423,2015,96597.53,,433,96597.53
354,44981424,2015,1799.42,,445,1799.42
355,44981433,2014,36895.19,,41,36895.19
356,44981434,2013,31947.3,,41,31947.3
357,44981435,2015,1260.61,,41,1260.61
358,44981436,2015,1026.5,,539,1026.5
359,44981444,2014,50555.17,,339,50555.17
360,44981445,2015,2062.32,,339,2062.32
361,44981450,2015,17251.77,,496,17251.77
362,44981451,2014,90049.45,,4,90049.45
363,44981452,2013,105410,,4,105410
364,44981462,2015,324.77,,451,324.77
365,44981463,2014,17017.44,,119,17017.44
366,44981464,2013,84160.51,,119,84160.51
367,44981465,2015,3216.28,,428,3216.28
368,44981469,2014,53359.85,,142,53359.85
369,44981470,2015,248.95,,142,248.95
370,44981471,2013,25488.4,,142,25488.4
371,44981481,2014,2490,,288,2490
372,44981482,2014,19502.27,,188,19502.27
373,44981483,2013,29964.4,,188,29964.4
374,44981484,2015,3398.98,,188,3398.98
375,44981495,2015,0,,374,0
376,44981517,2015,2555.78,,520,2555.78
377,44981518,2015,0,,514,0
378,44981519,2015,26346.01,,420,26346.01
379,44981520,2014,12083.83,,420,12083.83
380,44981521,2014,430170.29,,73,430170.29
381,44981522,2015,52346.62,,73,52346.62
382,44981523,2013,196262.73,,73,196262.73
383,44981524,2013,28676.97,,171,28676.97
384,44981525,2014,12450,,171,12450
385,44981529,2014,0,,368,0
386,44981552,2015,0,,460,0
387,44981553,2015,8900,,483,8900
388,44981564,2014,362.94,,397,362.94
389,44981565,2015,1000.48,,397,1000.48
390,44981566,2015,3167.25,,434,3167.25
391,44981572,2014,33200,,242,33200
392,44981573,2013,1452.5,,5,1452.5
393,44981574,2015,1301.74,,448,1301.74
394,44981575,2014,15317.52,,348,15317.52
395,44981576,2015,10581.75,,348,10581.75
396,44981589,2015,123.39,,377,123.39
397,44981590,2014,77337.6,,377,77337.6
398,44981591,2015,24201.8,,477,24201.8
399,44981593,2014,23240,,308,23240
400,44981594,2015,16631.19,,308,16631.19
401,44981608,2015,1403.33,,471,1403.33
402,44981609,2014,78354.99,,76,78354.99
403,44981610,2013,245788.51,,76,245788.51
404,44981611,2015,0,,76,0
405,44981619,2013,42816.19,,225,42816.19
406,44981620,2014,25404.82,,225,25404.82
407,44981621,2013,7470,,59,7470
408,44981622,2014,6640,,59,6640
409,44981627,2014,26577.5,,437,26577.5
410,44981628,2015,23805.27,,437,23805.27
411,44981634,2014,7055,,159,7055
412,44981635,2013,30505.31,,159,30505.31
413,44981646,2015,1037.39,,337,1037.39
414,44981647,2014,7698.67,,337,7698.67
415,44981651,2014,1660,,400,1660
416,44981662,2015,20167.67,,537,20167.67
417,44981663,2015,20575,,543,20575
418,44981678,2014,14940,,345,14940
419,44981679,2015,1869.05,,345,1869.05
420,44981680,2014,10404.62,,394,10404.62
421,44981681,2015,769.53,,394,769.53
422,44981685,2014,4150,,309,4150
423,44981706,2015,132793.87,,432,132793.87
424,44981707,2015,0,,455,0
425,44981713,2015,0,,326,0
426,44981714,2014,0,,326,0
427,44981715,2013,6754.7,,223,6754.7
428,44981716,2014,12865,,223,12865
429,44981717,2014,0,,372,0
430,44981727,2015,3358.82,,297,3358.82
431,44981728,2014,27092.78,,297,27092.78
432,44981729,2013,12450,,60,12450
433,44981730,2014,12450,,60,12450
434,44981738,2014,12752.98,,415,12752.98
435,44981756,2013,29123.66,,103,29123.66
436,44981757,2015,300,,103,300
437,44981758,2014,7470,,103,7470
438,44981759,2015,23.5,,340,23.5
439,44981760,2014,35712.33,,340,35712.33
440,44981761,2015,1897,,91,1897
441,44981762,2014,65362.37,,91,65362.37
442,44981763,2013,28507.72,,91,28507.72
443,44981764,2014,23372.32,,395,23372.32
444,44981765,2015,870.93,,395,870.93
445,44981774,2015,2296.52,,538,2296.52
446,44981775,2015,22225.24,,346,22225.24
447,44981776,2014,14525,,346,14525
448,44981777,2015,13292.82,,97,13292.82
449,44981778,2013,118286.67,,97,118286.67
450,44981779,2014,46246.08,,97,46246.08
451,44981780,2013,523.84,,246,523.84
452,44981781,2015,427.4,,246,427.4
453,44981782,2015,0,,197,0
454,44981783,2014,0,,197,0
455,44981792,2015,1257.35,,306,1257.35
456,44981820,2015,0,,412,0
457,44981821,2014,17485.18,,412,17485.18
458,44981830,2015,7482.29,,366,7482.29
459,44981831,2014,0,,366,0
460,44981839,2015,1157.55,,392,1157.55
461,44981840,2014,55944.76,,392,55944.76
462,44981850,2015,43524.32,,512,43524.32
463,44981851,2015,7962.24,,486,7962.24
464,44981854,2013,8715,,57,8715
465,44981855,2014,2490,,57,2490
466,44981858,2015,18972.61,,529,18972.61
467,44981864,2015,2180.96,,386,2180.96
468,44981865,2014,23898.9,,386,23898.9
469,44981866,2015,1877.83,,435,1877.83
470,44981867,2014,0,,349,0
471,44981878,2013,89106.96,,100,89106.96
472,44981879,2015,37074.41,,100,37074.41
473,44981880,2014,74734.28,,100,74734.28
474,44984763,2016,1285.22,,547,1285.22
475,44984764,2015,24030.54,,547,24030.54
476,44984843,2016,31170.73,,650,31170.73
477,44984844,2016,440.3,,656,440.3
478,44984845,2016,0,,607,0
479,44984846,2016,56530.43,,556,56530.43
480,44984855,2016,12242.16,,550,12242.16
481,44984856,2015,1478.25,,550,1478.25
482,44984857,2015,3752.27,,544,3752.27
483,44984858,2016,9988.26,,544,9988.26
484,44984870,2013,9960,,189,9960
485,44984871,2014,1245,,189,1245
486,44984889,2016,1691.63,,659,1691.63
487,44984894,2016,1228.87,,667,1228.87
488,44984895,2016,105,,619,105
489,44984896,2015,1000.26,,619,1000.26
490,44984926,2016,2304.5,,553,2304.5
491,44984930,2016,8304.54,,604,8304.54
492,44984948,2016,15,,633,15
493,44984949,2016,15398.86,,647,15398.86
494,44985036,2014,8570,,121,8570
495,44985037,2013,4728.34,,121,4728.34
496,44985038,2015,0,,121,0
497,44985080,2016,5222.07,,628,5222.07
498,44985088,2016,8767.41,,648,8767.41
499,44985112,2016,0,,542,0
500,44985131,2014,4980,,425,4980
501,44985132,2015,7015.43,,425,7015.43
502,44985133,2016,2026.03,,425,2026.03
503,44985144,2016,159,,502,159
504,44985145,2015,2662.75,,502,2662.75
505,44985146,2014,0,,333,0
506,44985147,2015,0,,333,0
507,44985166,2016,13776.63,,671,13776.63
508,44985167,2015,169.4,,519,169.4
509,44985199,2016,345.6,,608,345.6
510,44985203,2016,12436.53,,631,12436.53
511,44985231,2016,55.89,,104,55.89
512,44985232,2014,57876.97,,104,57876.97
513,44985233,2013,67053.68,,104,67053.68
514,44985234,2015,8960.08,,104,8960.08
515,44985290,2016,1170.81,,660,1170.81
516,44985291,2013,92488.58,,79,92488.58
517,44985292,2015,0,,79,0
518,44985293,2014,15147.5,,79,15147.5
519,44985342,2016,4001.24,,626,4001.24
520,44985353,2016,56193.14,,554,56193.14
521,44985360,2013,4150,,13,4150
522,44985361,2014,13280,,13,13280
523,44985371,2016,2162.66,,646,2162.66
524,44985380,2016,5032.49,,491,5032.49
525,44985381,2015,4577.69,,491,4577.69
526,44985386,2014,0,,99,0
527,44985387,2013,-1676.7,,99,-1676.7
528,44985388,2016,0,,617,0
529,44985403,2016,21448.44,,623,21448.44
530,44985430,2016,4017.44,,557,4017.44
531,44985432,2014,8922.5,,82,8922.5
532,44985433,2016,1204.07,,82,1204.07
533,44985434,2015,106.99,,82,106.99
534,44985435,2013,18675,,82,18675
535,44985462,2016,103.25,,388,103.25
536,44985463,2014,57287.63,,388,57287.63
537,44985464,2015,16791.09,,388,16791.09
538,44985489,2015,5112.09,,380,5112.09
539,44985490,2014,73568.35,,380,73568.35
540,44985491,2016,304.5,,380,304.5
541,44985503,2015,0,,426,0
542,44985504,2016,1181.41,,426,1181.41
543,44985531,2015,13079.28,,526,13079.28
544,44985532,2016,1384.39,,526,1384.39
545,44985533,2015,127.57,,257,127.57
546,44985534,2014,13802.52,,257,13802.52
547,44985582,2016,16210.79,,632,16210.79
548,44985607,2016,135753.76,,552,135753.76
549,44985628,2013,37507.63,,143,37507.63
550,44985629,2015,15791.89,,143,15791.89
551,44985630,2016,15,,143,15
552,44985631,2015,4799.99,,475,4799.99
553,44985632,2016,5454.44,,475,5454.44
554,44985647,2015,0,,283,0
555,44985648,2016,3680.86,,283,3680.86
556,44985649,2014,0,,283,0
557,44985653,2015,28699.65,,469,28699.65
558,44985663,2015,0,,423,0
559,44985664,2016,704.12,,423,704.12
560,44985665,2016,1988.21,,609,1988.21
561,44985704,2015,0,,535,0
562,44985705,2016,9515.99,,535,9515.99
563,44985706,2016,126420.89,,555,126420.89
564,44985791,2015,0,,407,0
565,44985814,2015,0,,424,0
566,44985848,2016,508.63,,507,508.63
567,44985849,2015,2125.68,,507,2125.68
568,44985878,2015,8159.32,,410,8159.32
569,44985931,2015,0,,504,0
570,44985932,2016,0,,504,0
571,44986039,2014,88513.9,,156,88513.9
572,44986040,2016,235.39,,156,235.39
573,44986041,2013,19087.8,,156,19087.8
574,44986042,2015,776.08,,156,776.08
575,44986229,2014,4150,,247,4150
576,44986230,2013,11233.72,,247,11233.72
577,44986385,2015,9308.03,,408,9308.03
578,44986481,2015,0,,403,0
579,44986508,2015,1160.66,,478,1160.66
580,44986517,2015,0,,409,0
581,44986639,2015,38209.7,,74,38209.7
582,44986640,2013,359908.24,,74,359908.24
583,44986641,2016,5611.3,,74,5611.3
584,44986642,2014,120094.94,,74,120094.94
585,44986665,2015,5129.52,,506,5129.52
586,44986666,2016,708.56,,506,708.56
587,44986961,2016,28347.78,,562,28347.78
588,44987157,2016,1829.83,,682,1829.83
589,44987224,2016,4637.41,,620,4637.41
590,44987367,2016,0,,606,0
591,44988663,2017,0,,687,0
592,44988664,2016,0,,687,0
593,44988683,2016,53220,,524,53220
594,44988684,2015,0,,524,0
595,44988687,2016,200,,115,200
596,44988688,2015,5416.89,,115,5416.89
597,44988689,2013,29631.63,,115,29631.63
598,44988690,2017,400,,115,400
599,44988691,2014,14213.08,,115,14213.08
600,44988706,2017,0,,670,0
601,44988707,2016,1933.07,,670,1933.07
602,44988728,2017,2822.86,,762,2822.86
603,44988729,2013,43796.3,,169,43796.3
604,44988730,2015,0,,169,0
605,44988731,2014,25525.1,,169,25525.1
606,44988741,2016,1216.52,,716,1216.52
607,44988742,2017,650,,716,650
608,44988743,2017,141687.93,,699,141687.93
609,44988767,2017,776.76,,773,776.76
610,44988777,2016,14684.65,,530,14684.65
611,44988778,2015,35995.22,,530,35995.22
612,44988779,2017,151.86,,530,151.86
613,44988781,2013,32337.09,,89,32337.09
614,44988782,2015,1120.72,,89,1120.72
615,44988783,2017,1694.03,,89,1694.03
616,44988784,2014,16250.86,,89,16250.86
617,44988787,2017,2041.63,,742,2041.63
618,44988788,2017,0,,693,0
619,44988789,2016,1069.06,,693,1069.06
620,44988790,2017,0,,785,0
621,44988804,2017,0,,736,0
622,44988815,2017,2709.19,,753,2709.19
623,44988816,2017,5084.41,,719,5084.41
624,44988899,2016,17635.73,,596,17635.73
625,44988900,2017,15847.57,,596,15847.57
626,44988903,2016,12072.1,,447,12072.1
627,44988904,2015,286605.26,,447,286605.26
628,44988905,2017,90,,447,90
629,44988923,2016,3134.84,,639,3134.84
630,44988924,2017,915.59,,639,915.59
631,44988931,2017,1193.87,,739,1193.87
632,44988932,2014,0,,198,0
633,44988940,2016,1389.22,,499,1389.22
634,44988941,2015,7161.04,,499,7161.04
635,44988942,2017,0,,499,0
636,44988961,2014,22202.5,,313,22202.5
637,44988962,2016,808.06,,313,808.06
638,44988963,2015,1908.61,,313,1908.61
639,44988964,2017,2974.2,,313,2974.2
640,44988973,2017,3525.4,,768,3525.4
641,44988974,2016,1286,,668,1286
642,44988975,2017,404.2,,668,404.2
643,44988981,2017,0,,814,0
644,44988987,2017,0,,771,0
645,44989012,2016,0,,81,0
646,44989013,2014,16600,,81,16600
647,44989014,2017,1566,,81,1566
648,44989015,2015,2950.98,,81,2950.98
649,44989016,2013,18997.88,,81,18997.88
650,44989021,2017,1236.32,,697,1236.32
651,44989027,2016,4898.13,,654,4898.13
652,44989028,2017,1175.31,,654,1175.31
653,44989037,2017,19549.28,,599,19549.28
654,44989042,2014,13280,,256,13280
655,44989043,2015,188,,256,188
656,44989055,2016,0,,634,0
657,44989071,2016,47.86,,591,47.86
658,44989072,2017,0,,591,0
659,44989083,2016,9534.94,,571,9534.94
660,44989084,2017,31192.25,,571,31192.25
661,44989087,2017,23.09,,757,23.09
662,44989130,2014,33615,,316,33615
663,44989131,2013,4150,,316,4150
664,44989132,2017,0,,316,0
665,44989149,2016,1757.34,,565,1757.34
666,44989150,2017,4529.27,,565,4529.27
667,44989153,2016,0,,665,0
668,44989154,2017,1605.63,,665,1605.63
669,44989155,2016,50.8,,439,50.8
670,44989156,2015,194,,439,194
671,44989157,2017,505,,439,505
672,44989158,2016,1052.04,,582,1052.04
673,44989159,2017,0,,582,0
674,44989160,2017,0,,488,0
675,44989161,2015,3543.28,,488,3543.28
676,44989162,2016,978.18,,488,978.18
677,44989185,2016,2551.59,,625,2551.59
678,44989186,2017,25,,625,25
679,44989187,2015,4880.68,,625,4880.68
680,44989194,2017,118.21,,651,118.21
681,44989199,2017,13080.2,,751,13080.2
682,44989200,2017,2047.68,,800,2047.68
683,44989201,2017,123236.82,,694,123236.82
684,44989222,2016,3616.15,,737,3616.15
685,44989223,2017,11933.64,,737,11933.64
686,44989243,2017,4029.94,,760,4029.94
687,44989244,2017,810.25,,497,810.25
688,44989245,2016,0,,497,0
689,44989246,2015,0,,497,0
690,44989247,2017,1018.31,,829,1018.31
691,44989262,2017,0,,480,0
692,44989263,2015,89528.29,,480,89528.29
693,44989275,2014,8300,,65,8300
694,44989276,2016,1844.5,,65,1844.5
695,44989277,2013,4150,,65,4150
696,44989289,2017,4751.67,,720,4751.67
697,44989303,2017,0,,666,0
698,44989304,2016,0,,666,0
699,44989354,2017,0,,752,0
700,44989376,2015,5941.33,,540,5941.33
701,44989377,2015,983007.84,,254,983007.84
702,44989378,2017,-0.96,,254,-0.96
703,44989379,2014,851258.57,,254,851258.57
704,44989380,2016,784703.97,,254,784703.97
705,44989381,2013,858243.85,,254,858243.85
706,44989388,2017,733.13,,683,733.13
707,44989389,2016,59.3,,683,59.3
708,44989398,2017,0,,640,0
709,44989399,2016,112.19,,640,112.19
710,44989407,2017,0,,500,0
711,44989408,2016,16385.23,,500,16385.23
712,44989409,2015,22300.76,,500,22300.76
713,44989418,2017,1027.22,,231,1027.22
714,44989419,2015,196.56,,231,196.56
715,44989420,2014,9960,,231,9960
716,44989421,2013,4150,,231,4150
717,44989431,2017,23801.68,,669,23801.68
718,44989432,2016,0,,669,0
719,44989442,2016,1598.21,,663,1598.21
720,44989451,2017,42433.63,,700,42433.63
721,44989460,2017,734.43,,843,734.43
722,44989482,2017,833.9,,729,833.9
723,44989483,2017,0,,600,0
724,44989505,2017,4072.26,,637,4072.26
725,44989506,2017,602.84,,643,602.84
726,44989507,2016,896.49,,643,896.49
727,44989516,2017,0,,494,0
728,44989517,2016,0,,494,0
729,44989518,2015,9724.48,,494,9724.48
730,44989534,2016,0,,618,0
731,44989571,2017,0,,718,0
732,44989572,2016,1447.81,,718,1447.81
733,44989587,2015,79958.42,,518,79958.42
734,44989588,2017,871.7,,518,871.7
735,44989589,2016,22676.5,,518,22676.5
736,44989590,2017,2567.29,,764,2567.29
737,44989597,2017,59,,664,59
738,44989598,2016,203,,664,203
739,44989638,2017,3546.25,,701,3546.25
740,44989639,2016,238.49,,652,238.49
741,44989651,2015,1858.52,,446,1858.52
742,44989652,2017,432.36,,446,432.36
743,44989653,2016,21510.69,,446,21510.69
744,44989654,2017,3719.22,,681,3719.22
745,44989655,2016,21802.28,,681,21802.28
746,44989658,2016,15798,,638,15798
747,44989659,2017,0,,638,0
748,44989675,2017,21817.92,,738,21817.92
749,44989676,2017,141.11,,787,141.11
750,44989679,2017,776.83,,569,776.83
751,44989680,2016,30403.81,,569,30403.81
752,44989683,2017,22392.84,,498,22392.84
753,44989684,2015,680.22,,498,680.22
754,44989685,2016,49849.27,,498,49849.27
755,44989686,2015,8949.57,,360,8949.57
756,44989687,2014,0,,360,0
757,44989688,2016,3079.86,,360,3079.86
758,44989695,2015,0,,406,0
759,44989696,2017,15238.56,,406,15238.56
760,44989697,2016,0,,406,0
761,44989712,2017,0,,767,0
762,44989713,2017,13617.44,,621,13617.44
763,44989714,2016,28618.51,,621,28618.51
764,44989720,2017,1441.29,,561,1441.29
765,44989721,2016,1430.07,,561,1430.07
766,44989736,2015,940.02,,369,940.02
767,44989737,2014,46196.64,,369,46196.64
768,44989738,2017,0,,369,0
769,44989739,2016,162.95,,615,162.95
770,44989751,2015,8658.89,,180,8658.89
771,44989752,2016,40679.17,,180,40679.17
772,44989753,2014,23611.73,,180,23611.73
773,44989754,2017,1623.28,,727,1623.28
774,44989755,2017,571.92,,798,571.92
775,44989756,2017,0,,721,0
776,44989760,2017,69042.59,,698,69042.59
777,44989761,2017,0,,704,0
778,44989780,2017,26833.99,,635,26833.99
779,44989781,2016,36593.34,,635,36593.34
780,44989794,2017,2245.74,,684,2245.74
781,44989805,2017,3062.24,,692,3062.24
782,44989806,2017,982.42,,592,982.42
783,44989807,2016,0,,592,0
784,44989808,2015,64832.05,,443,64832.05
785,44989809,2017,2250,,443,2250
786,44989810,2016,2019.96,,443,2019.96
787,44989811,2015,103.57,,492,103.57
788,44989812,2016,3299.76,,492,3299.76
789,44989813,2017,150.02,,492,150.02
790,44989814,2015,49315.4,,541,49315.4
791,44989815,2016,72342.61,,541,72342.61
792,44989816,2017,46785.86,,541,46785.86
793,44992171,2017,0,,551,0
794,44992809,2015,0,,23,0
795,44992810,2013,230,,23,230
796,44992811,2016,381.13,,23,381.13
797,44992812,2014,6640,,23,6640
798,44992935,2015,0,,93,0
799,44992936,2017,0,,93,0
800,44992937,2013,4794.67,,93,4794.67
801,44992938,2018,0,,93,0
802,44992939,2014,830,,93,830
803,44992940,2016,0,,93,0
804,44992941,2017,10020.89,,94,10020.89
805,44992942,2015,160774.84,,94,160774.84
806,44992943,2016,-44221.08,,94,-44221.08
807,44992944,2018,2890.3,,94,2890.3
808,44992945,2014,53830.21,,94,53830.21
809,44992946,2013,35084.2,,94,35084.2
810,44992947,2016,125461.31,,118,125461.31
811,44992948,2013,42761.75,,118,42761.75
812,44992949,2018,2406.05,,118,2406.05
813,44992950,2017,49325.17,,118,49325.17
814,44992951,2015,108688.16,,118,108688.16
815,44992952,2014,121286.65,,118,121286.65
816,44992953,2013,133747.79,,123,133747.79
817,44992954,2017,6587.9,,123,6587.9
818,44992955,2015,16340.27,,123,16340.27
819,44992956,2018,2741.24,,123,2741.24
820,44992957,2014,42597.92,,123,42597.92
821,44992958,2016,2944.83,,123,2944.83
822,44993011,2015,7825.11,,216,7825.11
823,44993012,2013,44607.9,,216,44607.9
824,44993013,2017,0,,216,0
825,44993014,2018,1832.8,,216,1832.8
826,44993015,2016,3186.65,,216,3186.65
827,44993016,2014,54723.7,,216,54723.7
828,44993017,2013,9545,,222,9545
829,44993018,2018,1225.41,,222,1225.41
830,44993019,2014,17531,,222,17531
831,44993030,2015,114874.6,,229,114874.6
832,44993031,2014,116294.49,,229,116294.49
833,44993032,2016,126324.12,,229,126324.12
834,44993033,2018,2213.71,,229,2213.71
835,44993034,2017,47943.15,,229,47943.15
836,44993035,2013,24655.63,,229,24655.63
837,44993056,2014,8654,,272,8654
838,44993057,2015,8201.95,,272,8201.95
839,44993058,2017,7115.16,,272,7115.16
840,44993059,2018,52.71,,272,52.71
841,44993060,2016,0,,272,0
842,44993104,2015,39615.61,,359,39615.61
843,44993105,2016,46659.61,,359,46659.61
844,44993106,2018,-4.26,,359,-4.26
845,44993107,2014,2429,,359,2429
846,44993108,2017,18032.6,,359,18032.6
847,44993116,2015,11354.79,,363,11354.79
848,44993117,2017,7645.96,,363,7645.96
849,44993118,2016,56076.2,,363,56076.2
850,44993119,2018,-0.37,,363,-0.37
851,44993131,2015,133440.25,,413,133440.25
852,44993132,2017,9411.31,,413,9411.31
853,44993133,2014,7546.87,,413,7546.87
854,44993134,2016,38743.88,,413,38743.88
855,44993135,2018,1421.73,,413,1421.73
856,44993165,2018,2599.88,,450,2599.88
857,44993166,2016,123152.62,,457,123152.62
858,44993167,2018,1296.35,,457,1296.35
859,44993168,2017,4031.5,,457,4031.5
860,44993169,2015,94318.4,,457,94318.4
861,44993170,2018,1293.92,,461,1293.92
862,44993171,2017,14280.36,,461,14280.36
863,44993172,2015,93950.66,,461,93950.66
864,44993173,2016,52510.21,,461,52510.21
865,44993174,2015,91701.13,,462,91701.13
866,44993175,2017,0,,462,0
867,44993176,2018,0,,462,0
868,44993177,2016,807.08,,462,807.08
869,44993204,2016,8328.01,,503,8328.01
870,44993205,2015,9883.53,,503,9883.53
871,44993206,2017,9258.39,,503,9258.39
872,44993207,2018,-0.21,,503,-0.21
873,44993213,2016,46.24,,513,46.24
874,44993214,2018,306.45,,513,306.45
875,44993215,2015,2270.64,,513,2270.64
876,44993216,2017,84,,513,84
877,44993229,2015,15263.77,,534,15263.77
878,44993230,2016,8828.82,,534,8828.82
879,44993231,2017,14341.25,,534,14341.25
880,44993260,2018,969.4,,568,969.4
881,44993261,2017,846.5,,568,846.5
882,44993309,2016,1671.58,,584,1671.58
883,44993310,2018,2067.79,,584,2067.79
884,44993311,2017,0,,584,0
885,44993320,2017,4028.91,,590,4028.91
886,44993321,2016,928.92,,590,928.92
887,44993322,2018,0,,590,0
888,44993349,2017,0,,602,0
889,44993350,2018,1459.78,,602,1459.78
890,44993351,2016,2400,,602,2400
891,44993384,2017,25337.41,,622,25337.41
892,44993385,2018,213.26,,622,213.26
893,44993386,2016,23204.31,,622,23204.31
894,44993387,2017,2491.44,,627,2491.44
895,44993388,2018,0,,627,0
896,44993389,2016,6846.43,,627,6846.43
897,44993390,2017,3250,,629,3250
898,44993391,2016,6669.59,,629,6669.59
899,44993392,2016,63850.74,,630,63850.74
900,44993393,2017,5514.86,,630,5514.86
901,44993394,2018,2598.14,,630,2598.14
902,44993395,2017,22288.29,,641,22288.29
903,44993396,2016,5622.62,,641,5622.62
904,44993397,2018,1929.84,,641,1929.84
905,44993398,2017,24040.33,,642,24040.33
906,44993399,2018,24350.69,,642,24350.69
907,44993400,2016,339.95,,642,339.95
908,44993406,2017,77288.11,,645,77288.11
909,44993407,2016,61827.24,,645,61827.24
910,44993408,2018,4267.52,,645,4267.52
911,44993409,2017,0,,649,0
912,44993410,2018,0,,649,0
913,44993411,2017,3636.41,,653,3636.41
914,44993412,2016,0,,653,0
915,44993413,2018,0,,653,0
916,44993414,2016,9479.14,,655,9479.14
917,44993415,2017,3545.01,,655,3545.01
918,44993416,2018,0,,655,0
919,44993417,2018,664.49,,657,664.49
920,44993418,2017,0,,657,0
921,44993423,2017,0,,662,0
922,44993424,2016,0,,662,0
923,44993425,2018,0,,662,0
924,44993426,2017,52662.02,,672,52662.02
925,44993427,2018,2082.94,,672,2082.94
926,44993428,2016,22356.66,,672,22356.66
927,44993429,2016,1541679.76,,675,1541679.76
928,44993430,2018,7.62,,675,7.62
929,44993441,2016,8238.48,,678,8238.48
930,44993442,2017,13406.96,,678,13406.96
931,44993443,2018,6329.58,,678,6329.58
932,44993451,2018,0,,680,0
933,44993452,2017,631.35,,680,631.35
934,44993453,2018,0,,685,0
935,44993454,2016,1248.52,,685,1248.52
936,44993455,2017,484.45,,685,484.45
937,44993464,2017,0,,689,0
938,44993465,2018,0,,689,0
939,44993472,2017,3900.98,,691,3900.98
940,44993473,2016,19468.28,,691,19468.28
941,44993474,2018,0,,691,0
942,44993481,2018,0,,702,0
943,44993482,2017,0,,702,0
944,44993513,2018,2672.27,,712,2672.27
945,44993514,2017,110635.45,,712,110635.45
946,44993518,2017,0,,714,0
947,44993538,2017,186.8,,726,186.8
948,44993539,2018,0,,726,0
949,44993544,2018,1581.5,,730,1581.5
950,44993545,2017,1299.83,,730,1299.83
951,44993546,2017,0,,731,0
952,44993547,2018,2129.9,,731,2129.9
953,44993565,2017,0,,740,0
954,44993566,2018,2111.88,,740,2111.88
955,44993570,2018,491.8,,743,491.8
956,44993571,2017,2883.05,,743,2883.05
957,44993572,2017,24051.37,,744,24051.37
958,44993573,2018,14517.34,,744,14517.34
959,44993595,2017,0,,749,0
960,44993596,2018,9450,,749,9450
961,44993597,2018,11400,,750,11400
962,44993598,2017,0,,750,0
963,44993602,2018,9027.33,,756,9027.33
964,44993603,2017,3061.93,,756,3061.93
965,44993607,2018,985.32,,759,985.32
966,44993608,2017,5158.81,,759,5158.81
967,44993611,2018,2691.18,,763,2691.18
968,44993612,2017,4115.77,,763,4115.77
969,44993619,2017,0,,766,0
970,44993640,2017,1534.84,,775,1534.84
971,44993641,2017,7727.56,,776,7727.56
972,44993642,2018,838.62,,776,838.62
973,44993647,2017,0,,778,0
974,44993662,2017,10400.41,,783,10400.41
975,44993663,2018,842.85,,783,842.85
976,44993664,2017,27,,784,27
977,44993665,2018,1215.4,,784,1215.4
978,44993666,2018,3981.64,,786,3981.64
979,44993667,2017,200,,788,200
980,44993668,2018,1112.61,,788,1112.61
981,44993669,2018,22188.73,,789,22188.73
982,44993670,2017,11766.78,,789,11766.78
983,44993675,2017,2168.24,,791,2168.24
984,44993676,2018,50.9,,791,50.9
985,44993677,2017,0,,792,0
986,44993678,2018,69.01,,792,69.01
987,44993682,2017,0,,795,0
988,44993683,2017,0,,796,0
989,44993684,2018,0,,796,0
990,44993690,2017,3139.02,,799,3139.02
991,44993693,2018,702.84,,803,702.84
992,44993694,2018,0,,805,0
993,44993695,2018,0,,806,0
994,44993698,2018,0,,808,0
995,44993699,2017,0,,808,0
996,44993700,2018,0,,809,0
997,44993701,2017,0,,809,0
998,44993702,2018,67385.5,,810,67385.5
999,44993705,2018,114736.73,,812,114736.73
1000,44993706,2018,128535.4,,813,128535.4
1001,44993720,2018,0,,820,0
1002,44993729,2018,0,,824,0
1003,44993738,2017,448.89,,828,448.89
1004,44993744,2017,1657.54,,834,1657.54
1005,44993745,2018,70,,834,70
1006,44993748,2017,5232.76,,836,5232.76
1007,44993759,2017,536.79,,840,536.79
1008,44993760,2018,19209.88,,840,19209.88
1009,44993765,2018,0,,844,0
1010,44993766,2018,0,,846,0
1011,44993770,2018,121829.7,,848,121829.7
1012,44993771,2018,0,,850,0
1013,44993795,2018,0,,860,0
1014,44993813,2018,2685.62,,865,2685.62
1015,44993814,2018,3188.97,,866,3188.97
1016,44993815,2018,11632.09,,867,11632.09
1017,44993863,2018,29.2,,884,29.2
1018,44993864,2018,3962.85,,885,3962.85
1019,44993876,2018,1827.35,,891,1827.35
1020,44993882,2018,0,,893,0
1021,44993886,2018,3497.27,,950,3497.27
1022,44993896,2018,104.12,,954,104.12
1023,44993909,2018,0,,962,0
1024,44993922,2018,994.71,,966,994.71
1025,44994117,2015,73.4,,191,73.4
1026,44994118,2017,0,,191,0
1027,44994119,2013,15208.58,,191,15208.58
1028,44994120,2014,5051.6,,191,5051.6
1029,44994121,2018,0,,191,0
1030,44994362,2018,10435.95,,585,10435.95
1031,44994363,2017,8114.4,,585,8114.4
1032,44994503,2018,1135.7,,717,1135.7
1033,44994504,2017,0,,717,0
1034,44994505,2016,1585.03,,717,1585.03
1035,44994534,2018,31436.21,,734,31436.21
1036,44994535,2017,9098.59,,734,9098.59
1037,44994567,2018,295.84,,761,295.84
1038,44994568,2017,0,,761,0
1039,44994715,2018,0,,870,0
1040,44996236,2016,12480.92,,532,12480.92
1041,44996237,2017,18522.08,,532,18522.08
1042,44996238,2015,2707.47,,532,2707.47
1043,44996895,2013,15853,,2,15853
1044,44996896,2019,1097.27,,2,1097.27
1045,44996897,2014,19920,,2,19920
1046,44996940,2015,3526.78,,46,3526.78
1047,44996941,2018,2164.63,,46,2164.63
1048,44996942,2013,24263.64,,46,24263.64
1049,44996943,2017,737.78,,46,737.78
1050,44996944,2019,261.93,,46,261.93
1051,44996945,2016,267,,46,267
1052,44996946,2014,25292,,46,25292
1053,44997013,2013,830903.37,,83,830903.37
1054,44997014,2018,6119.82,,83,6119.82
1055,44997015,2016,38111.63,,83,38111.63
1056,44997016,2014,201656.32,,83,201656.32
1057,44997017,2017,70913.15,,83,70913.15
1058,44997018,2019,9841.65,,83,9841.65
1059,44997019,2015,9487.34,,83,9487.34
1060,44997028,2013,43091.35,,136,43091.35
1061,44997029,2018,0,,136,0
1062,44997030,2015,25997.14,,136,25997.14
1063,44997031,2016,16810.07,,136,16810.07
1064,44997032,2019,2094,,136,2094
1065,44997033,2014,78071.31,,136,78071.31
1066,44997034,2017,0,,136,0
1067,44997035,2018,71.87,,170,71.87
1068,44997036,2015,2928.5,,170,2928.5
1069,44997037,2013,13695,,170,13695
1070,44997038,2017,0,,170,0
1071,44997039,2019,38.6,,170,38.6
1072,44997040,2014,19505,,170,19505
1073,44997077,2019,714.84,,249,714.84
1074,44997078,2014,4150,,249,4150
1075,44997079,2015,78536.89,,249,78536.89
1076,44997080,2018,59912.53,,249,59912.53
1077,44997081,2017,89415.86,,249,89415.86
1078,44997082,2016,103339.65,,249,103339.65
1079,44997147,2018,3247.96,,401,3247.96
1080,44997148,2015,1118.39,,401,1118.39
1081,44997149,2019,0,,401,0
1082,44997150,2017,656.32,,401,656.32
1083,44997151,2014,251.78,,401,251.78
1084,44997152,2016,9619.49,,401,9619.49
1085,44997153,2015,84381.94,,411,84381.94
1086,44997154,2018,13496.71,,411,13496.71
1087,44997155,2016,93172.18,,411,93172.18
1088,44997156,2017,197182.68,,411,197182.68
1089,44997157,2019,387.82,,411,387.82
1090,44997213,2018,0,,511,0
1091,44997214,2015,13066.82,,511,13066.82
1092,44997215,2016,54081.91,,511,54081.91
1093,44997216,2019,605.23,,511,605.23
1094,44997217,2017,14899.63,,511,14899.63
1095,44997218,2016,27026.08,,517,27026.08
1096,44997219,2017,37370.15,,517,37370.15
1097,44997220,2019,46742.14,,517,46742.14
1098,44997221,2015,27177.45,,517,27177.45
1099,44997222,2015,0,,522,0
1100,44997223,2019,-1.29,,522,-1.29
1101,44997224,2018,0,,522,0
1102,44997225,2016,22514.13,,522,22514.13
1103,44997226,2017,2710.98,,522,2710.98
1104,44997234,2016,1696.2,,536,1696.2
1105,44997235,2018,8021.37,,536,8021.37
1106,44997236,2019,-38.03,,536,-38.03
1107,44997237,2017,8510.74,,536,8510.74
1108,44997238,2015,0,,536,0
1109,44997253,2017,92126.42,,560,92126.42
1110,44997254,2018,0,,560,0
1111,44997255,2016,141272.19,,560,141272.19
1112,44997331,2018,6000,,598,6000
1113,44997332,2017,538.39,,598,538.39
1114,44997333,2019,2654.4,,598,2654.4
1115,44997334,2016,0,,598,0
1116,44997347,2017,971.78,,605,971.78
1117,44997348,2019,2094,,605,2094
1118,44997349,2018,182.06,,605,182.06
1119,44997350,2016,10849.34,,605,10849.34
1120,44997378,2017,2809.76,,661,2809.76
1121,44997379,2019,0,,661,0
1122,44997380,2018,11323.78,,661,11323.78
1123,44997381,2016,3713.95,,661,3713.95
1124,44997419,2017,0,,703,0
1125,44997420,2019,0,,703,0
1126,44997421,2018,0,,703,0
1127,44997449,2018,0,,713,0
1128,44997450,2019,0,,713,0
1129,44997451,2017,2048.09,,713,2048.09
1130,44997458,2018,82.8,,723,82.8
1131,44997459,2017,144.4,,723,144.4
1132,44997460,2019,0,,723,0
1133,44997461,2018,0,,724,0
1134,44997462,2017,0,,724,0
1135,44997463,2019,0,,724,0
1136,44997487,2017,2113.6,,741,2113.6
1137,44997488,2019,0,,741,0
1138,44997489,2018,53206.17,,741,53206.17
1139,44997511,2017,13648.35,,755,13648.35
1140,44997512,2019,2632.98,,755,2632.98
1141,44997513,2018,13104.01,,755,13104.01
1142,44997526,2019,171.38,,770,171.38
1143,44997527,2018,35767.01,,770,35767.01
1144,44997528,2017,15892,,770,15892
1145,44997544,2018,517.95,,779,517.95
1146,44997545,2017,0,,779,0
1147,44997546,2019,2905.44,,779,2905.44
1148,44997555,2019,0,,782,0
1149,44997556,2017,3146.87,,782,3146.87
1150,44997557,2018,0,,782,0
1151,44997562,2017,4674.55,,794,4674.55
1152,44997563,2018,0,,794,0
1153,44997564,2019,0,,794,0
1154,44997570,2019,80,,801,80
1155,44997571,2018,3869.61,,801,3869.61
1156,44997572,2017,0,,807,0
1157,44997573,2018,509.3,,807,509.3
1158,44997574,2018,49983.36,,811,49983.36
1159,44997575,2019,4877.99,,811,4877.99
1160,44997599,2017,0,,826,0
1161,44997600,2018,0,,826,0
1162,44997610,2017,0,,835,0
1163,44997611,2018,1104.48,,835,1104.48
1164,44997620,2018,71198.94,,839,71198.94
1165,44997621,2019,783.39,,839,783.39
1166,44997626,2017,8510.74,,851,8510.74
1167,44997627,2018,8021.37,,851,8021.37
1168,44997628,2016,1696.2,,851,1696.2
1169,44997629,2019,-38.03,,851,-38.03
1170,44997630,2018,8544.92,,852,8544.92
1171,44997631,2019,0,,852,0
1172,44997666,2019,1247.2,,868,1247.2
1173,44997667,2018,628.8,,868,628.8
1174,44997672,2019,1238.63,,871,1238.63
1175,44997673,2018,2138.23,,871,2138.23
1176,44997674,2018,0,,872,0
1177,44997694,2019,0,,878,0
1178,44997695,2018,0,,878,0
1179,44997696,2018,2405.98,,879,2405.98
1180,44997697,2019,16497.3,,879,16497.3
1181,44997702,2019,1017.2,,881,1017.2
1182,44997703,2018,54802.04,,881,54802.04
1183,44997712,2019,2934.38,,886,2934.38
1184,44997713,2018,22,,886,22
1185,44997731,2018,11196.13,,951,11196.13
1186,44997732,2019,2241.32,,951,2241.32
1187,44997738,2019,199.98,,953,199.98
1188,44997739,2018,11825.29,,953,11825.29
1189,44997740,2018,1086.24,,957,1086.24
1190,44997741,2019,3767.76,,957,3767.76
1191,44997742,2018,10082.81,,958,10082.81
1192,44997764,2019,2969.01,,970,2969.01
1193,44997765,2018,44,,970,44
1194,44997766,2019,2838.48,,971,2838.48
1195,44997767,2018,85,,971,85
1196,44997768,2019,0,,972,0
1197,44997769,2018,0,,972,0
1198,44997770,2019,455.74,,973,455.74
1199,44997771,2018,492.77,,973,492.77
1200,44997780,2019,0,,976,0
1201,44997781,2019,3322.42,,977,3322.42
1202,44997782,2019,38648.69,,978,38648.69
1203,44997783,2019,123553.54,,979,123553.54
1204,44997784,2019,71439.62,,980,71439.62
1205,44997785,2018,26,,981,26
1206,44997786,2019,4290.68,,981,4290.68
1207,44997787,2019,116322.02,,982,116322.02
1208,44997790,2019,0,,984,0
1209,44997798,2019,0,,990,0
1210,44997813,2018,5982.5,,996,5982.5
1211,44997814,2019,15373.8,,996,15373.8
1212,44997817,2019,8541.94,,1000,8541.94
1213,44997822,2019,0,,1002,0
1214,44997823,2019,3502.57,,1004,3502.57
1215,44997824,2018,600,,1004,600
1216,44997829,2019,7565.23,,1006,7565.23
1217,44997840,2019,2058,,1017,2058
1218,44997843,2019,0,,1020,0
1219,44997851,2019,5135.85,,1029,5135.85
1220,44997856,2019,7161.2,,1031,7161.2
1221,44997862,2019,70515.95,,1035,70515.95
1222,44997864,2019,11005.06,,1039,11005.06
1223,44997867,2019,111,,1041,111
1224,44997868,2019,2640.26,,1044,2640.26
1225,44997881,2019,1293.18,,1056,1293.18
1226,44997882,2019,1323.88,,1057,1323.88
1227,44997889,2019,0,,1060,0
1228,44997900,2019,8249.45,,1065,8249.45
1229,44997911,2019,0,,1070,0
1230,44997912,2019,382,,1071,382
1231,45000641,2019,0,,993,0
1232,45000688,2019,-0.3,,1037,-0.3
1233,45000747,2019,1658.57,,1086,1658.57
1234,45001616,2019,0,,987,0
1235,45001617,2018,0,,987,0
1236,45002869,2017,258,,48,258
1237,45002870,2014,0,,48,0
1238,45002871,2019,0,,48,0
1239,45002872,2018,385.85,,48,385.85
1240,45002873,2016,307.7,,48,307.7
1241,45002874,2020,0,,48,0
1242,45002925,2019,659882.72,,130,659882.72
1243,45002926,2018,1351985.97,,130,1351985.97
1244,45002927,2016,1659939.34,,130,1659939.34
1245,45002928,2014,1940792.08,,130,1940792.08
1246,45002929,2020,0,,130,0
1247,45002930,2015,2798378.39,,130,2798378.39
1248,45002931,2013,143507.05,,130,143507.05
1249,45002932,2017,2000770.85,,130,2000770.85
1250,45002977,2017,32868.56,,296,32868.56
1251,45002978,2016,36979.39,,296,36979.39
1252,45002979,2014,123869.3,,296,123869.3
1253,45002980,2019,0,,296,0
1254,45002981,2018,366.22,,296,366.22
1255,45002982,2020,0,,296,0
1256,45002983,2015,93628.78,,296,93628.78
1257,45003020,2019,0,,361,0
1258,45003021,2017,10264,,361,10264
1259,45003022,2015,41372,,361,41372
1260,45003023,2018,0,,361,0
1261,45003024,2020,0,,361,0
1262,45003025,2014,29003.88,,361,29003.88
1263,45003026,2016,3878.9,,361,3878.9
1264,45003033,2019,4196.01,,429,4196.01
1265,45003034,2017,73723.38,,429,73723.38
1266,45003035,2015,13051.48,,429,13051.48
1267,45003036,2020,26138.97,,429,26138.97
1268,45003037,2016,52360.64,,429,52360.64
1269,45003038,2018,97377.15,,429,97377.15
1270,45003056,2016,23616.66,,482,23616.66
1271,45003057,2019,108052.88,,482,108052.88
1272,45003058,2015,1659.3,,482,1659.3
1273,45003059,2020,117.82,,482,117.82
1274,45003060,2018,96865.44,,482,96865.44
1275,45003061,2017,787.49,,482,787.49
1276,45003069,2016,2891.06,,493,2891.06
1277,45003070,2018,39449.24,,493,39449.24
1278,45003071,2017,36098.09,,493,36098.09
1279,45003072,2015,4588.99,,493,4588.99
1280,45003073,2019,44532.26,,493,44532.26
1281,45003116,2019,-527.09,,573,-527.09
1282,45003117,2017,227653.94,,573,227653.94
1283,45003118,2016,160966.34,,573,160966.34
1284,45003119,2018,76121.81,,573,76121.81
1285,45003152,2017,7721.32,,583,7721.32
1286,45003153,2019,6467.03,,583,6467.03
1287,45003154,2018,7212.35,,583,7212.35
1288,45003155,2020,513.07,,583,513.07
1289,45003162,2019,0,,594,0
1290,45003163,2016,1270.38,,594,1270.38
1291,45003164,2020,0,,594,0
1292,45003165,2018,0,,594,0
1293,45003166,2017,0,,594,0
1294,45003167,2016,87966.12,,595,87966.12
1295,45003168,2019,4958.03,,595,4958.03
1296,45003169,2017,46383.4,,595,46383.4
1297,45003170,2020,3376.8,,595,3376.8
1298,45003171,2018,9352.31,,595,9352.31
1299,45003209,2017,0,,614,0
1300,45003210,2016,0,,614,0
1301,45003211,2018,0,,614,0
1302,45003306,2017,5798.59,,735,5798.59
1303,45003307,2020,0,,735,0
1304,45003308,2018,15,,735,15
1305,45003309,2019,0,,735,0
1306,45003331,2018,4469.83,,758,4469.83
1307,45003332,2017,118978.45,,758,118978.45
1308,45003333,2020,0,,758,0
1309,45003357,2019,3800,,777,3800
1310,45003358,2018,3800,,777,3800
1311,45003359,2020,0,,777,0
1312,45003360,2017,1180.23,,777,1180.23
1313,45003361,2017,17000.75,,780,17000.75
1314,45003362,2018,-14592,,780,-14592
1315,45003363,2020,0,,780,0
1316,45003364,2019,0,,780,0
1317,45003365,2020,0,,781,0
1318,45003366,2019,0,,781,0
1319,45003367,2017,0,,781,0
1320,45003368,2018,3903.27,,781,3903.27
1321,45003399,2019,-1372.68,,825,-1372.68
1322,45003400,2018,2651.3,,825,2651.3
1323,45003422,2020,0,,847,0
1324,45003423,2017,3067.22,,847,3067.22
1325,45003424,2018,11492.33,,847,11492.33
1326,45003440,2019,0,,859,0
1327,45003441,2018,0,,859,0
1328,45003480,2019,0,,877,0
1329,45003481,2018,203,,877,203
1330,45003508,2018,60,,894,60
1331,45003509,2020,0,,894,0
1332,45003510,2019,0,,894,0
1333,45003547,2020,0,,985,0
1334,45003548,2019,0,,985,0
1335,45003549,2019,0,,989,0
1336,45003550,2020,0,,989,0
1337,45003551,2018,0,,989,0
1338,45003552,2019,1094.95,,991,1094.95
1339,45003565,2019,0,,998,0
1340,45003566,2020,0,,998,0
1341,45003585,2019,35973.15,,1019,35973.15
1342,45003586,2020,46632.46,,1019,46632.46
1343,45003587,2019,0,,1021,0
1344,45003588,2019,0,,1023,0
1345,45003593,2019,4920.66,,1025,4920.66
1346,45003598,2019,16559.42,,1033,16559.42
1347,45003599,2020,13654.78,,1033,13654.78
1348,45003603,2020,0,,1040,0
1349,45003604,2019,6714.98,,1040,6714.98
1350,45003605,2019,15842.63,,1045,15842.63
1351,45003606,2019,138,,1047,138
1352,45003607,2020,3309.22,,1047,3309.22
1353,45003615,2020,0,,1055,0
1354,45003616,2019,0,,1055,0
1355,45003629,2020,0,,1064,0
1356,45003630,2019,0,,1064,0
1357,45003636,2019,9862.8,,1068,9862.8
1358,45003641,2020,2949.11,,1072,2949.11
1359,45003642,2020,2126.16,,1073,2126.16
1360,45003643,2019,0,,1075,0
1361,45003644,2020,124100.96,,1075,124100.96
1362,45003648,2020,0,,1079,0
1363,45003650,2020,0,,1081,0
1364,45003661,2020,12278.1,,1088,12278.1
1365,45003662,2019,4291.35,,1088,4291.35
1366,45003677,2020,0,,1097,0
1367,45003678,2020,0,,1098,0
1368,45003679,2020,0,,1100,0
1369,45003680,2020,11337.25,,1101,11337.25
1370,45003681,2020,0,,1102,0
1371,45003692,2020,17064.69,,1107,17064.69
1372,45003698,2020,3408.8,,1114,3408.8
1373,45003702,2020,0,,1116,0
1374,45003706,2020,0,,1119,0
1375,45003707,2020,0,,1120,0
1376,45003711,2020,0,,1122,0
1377,45003715,2020,25,,1124,25
1378,45003725,2020,0,,1129,0
1379,45003748,2020,0,,1143,0
1380,45003749,2020,0,,1144,0
1381,45003750,2020,35812.4,,1145,35812.4
1382,45003768,2020,2331.12,,1154,2331.12
1383,45003773,2020,0,,1157,0
1384,45006101,2019,0,,644,0
1385,45006102,2018,661.89,,644,661.89
1386,45006103,2020,0,,644,0
1387,45006104,2017,0,,644,0
1388,45006105,2016,1114.37,,644,1114.37
1389,45006180,2018,20959.66,,728,20959.66
1390,45006181,2020,0,,728,0
1391,45006182,2019,0,,728,0
1392,45006183,2017,20496.52,,728,20496.52
1393,45006336,2018,0,,876,0
1394,45006337,2020,0,,876,0
1395,45006338,2019,0,,876,0
1396,45006399,2019,0,,983,0
1397,45006400,2018,0,,983,0
1398,45006472,2020,515.57,,1076,515.57
1399,45006473,2020,0,,1077,0
1400,45006474,2020,0,,1078,0
1401,45006475,2020,3481.19,,1080,3481.19
1402,45006476,2019,0,,1082,0
1403,45006499,2020,9397.03,,1096,9397.03
1404,45006510,2020,6059.33,,1108,6059.33
1405,45006511,2020,0,,1110,0
1406,45006520,2020,31457.74,,1118,31457.74
1407,45006543,2020,2586.68,,1133,2586.68
1408,45006544,2020,0,,1134,0
1409,45006547,2020,9733.43,,1137,9733.43
1410,45006550,2020,0,,1139,0
1411,45006560,2020,10618.29,,1147,10618.29
1412,45006587,2020,0,,1161,0
1413,45006600,2020,1600.42,,1168,1600.42
1414,45006601,2020,6999.33,,1171,6999.33
1415,45006655,2020,3821.32,,1206,3821.32
1416,45007646,2016,8235.09,,209,8235.09
1417,45007647,2015,11436.88,,209,11436.88
1418,45007648,2020,20431.78,,209,20431.78
1419,45007649,2018,17828.66,,209,17828.66
1420,45007650,2013,29339.14,,209,29339.14
1421,45007651,2019,31431.54,,209,31431.54
1422,45007652,2014,22457.58,,209,22457.58
1423,45007653,2021,21284.92,,209,21284.92
1424,45007654,2017,17931.46,,209,17931.46
1425,45007674,2015,11099.61,,259,11099.61
1426,45007675,2020,0,,259,0
1427,45007676,2018,3655.12,,259,3655.12
1428,45007677,2014,14334,,259,14334
1429,45007678,2019,1357.89,,259,1357.89
1430,45007679,2021,0,,259,0
1431,45007680,2016,1191.72,,259,1191.72
1432,45007681,2017,0,,259,0
1433,45007692,2014,35451.76,,324,35451.76
1434,45007693,2019,82328.15,,324,82328.15
1435,45007694,2020,76470.4,,324,76470.4
1436,45007695,2021,69371.36,,324,69371.36
1437,45007696,2017,37124.13,,324,37124.13
1438,45007697,2015,41809.76,,324,41809.76
1439,45007698,2013,43827.44,,324,43827.44
1440,45007699,2018,61184.89,,324,61184.89
1441,45007700,2016,45640.59,,324,45640.59
1442,45007701,2017,60631.76,,325,60631.76
1443,45007702,2019,49881.44,,325,49881.44
1444,45007703,2014,43031.73,,325,43031.73
1445,45007704,2013,10176.36,,325,10176.36
1446,45007705,2018,50393.25,,325,50393.25
1447,45007706,2016,52256.04,,325,52256.04
1448,45007707,2021,61046.37,,325,61046.37
1449,45007708,2020,50871.64,,325,50871.64
1450,45007709,2015,51017.81,,325,51017.81
1451,45007710,2018,0,,427,0
1452,45007711,2016,0,,427,0
1453,45007712,2017,0,,427,0
1454,45007713,2015,0,,427,0
1455,45007714,2021,1413.56,,427,1413.56
1456,45007715,2019,0,,427,0
1457,45007782,2021,31689.87,,574,31689.87
1458,45007783,2019,35773.41,,574,35773.41
1459,45007784,2016,41806.65,,574,41806.65
1460,45007785,2020,30924,,574,30924
1461,45007786,2018,33323.79,,574,33323.79
1462,45007787,2017,33584.6,,574,33584.6
1463,45007788,2018,3372.08,,575,3372.08
1464,45007789,2014,3152.78,,575,3152.78
1465,45007790,2016,104.14,,575,104.14
1466,45007791,2021,2400.83,,575,2400.83
1467,45007792,2017,10075.54,,575,10075.54
1468,45007793,2020,984.58,,575,984.58
1469,45007794,2019,3662.1,,575,3662.1
1470,45007795,2015,5984.37,,575,5984.37
1471,45007796,2013,1923.01,,575,1923.01
1472,45007804,2017,26954.47,,578,26954.47
1473,45007805,2019,331.28,,578,331.28
1474,45007806,2016,17733.69,,578,17733.69
1475,45007807,2018,281.8,,578,281.8
1476,45007814,2020,0,,586,0
1477,45007815,2018,1806.3,,586,1806.3
1478,45007816,2021,0,,586,0
1479,45007817,2016,0,,586,0
1480,45007818,2019,0,,586,0
1481,45007819,2017,0,,586,0
1482,45007882,2016,0,,690,0
1483,45007883,2017,66292.57,,690,66292.57
1484,45007884,2019,144746.79,,690,144746.79
1485,45007885,2020,34906.29,,690,34906.29
1486,45007886,2018,143018.34,,690,143018.34
1487,45007887,2021,36899.4,,690,36899.4
1488,45007888,2017,10919.32,,696,10919.32
1489,45007889,2019,4197.75,,696,4197.75
1490,45007890,2016,2426.59,,696,2426.59
1491,45007891,2018,54175.6,,696,54175.6
1492,45007892,2020,0,,696,0
1493,45007893,2021,1944,,696,1944
1494,45007906,2021,57380.07,,707,57380.07
1495,45007907,2017,16008.32,,707,16008.32
1496,45007908,2018,16907.07,,707,16907.07
1497,45007909,2020,31214.22,,707,31214.22
1498,45007910,2019,16231.39,,707,16231.39
1499,45007911,2020,49225.35,,708,49225.35
1500,45007912,2021,38613.85,,708,38613.85
1501,45007913,2018,99749.11,,708,99749.11
1502,45007914,2017,113847.75,,708,113847.75
1503,45007915,2019,118816.77,,708,118816.77
1504,45007916,2020,11265.67,,709,11265.67
1505,45007917,2017,88857.27,,709,88857.27
1506,45007918,2018,50871.17,,709,50871.17
1507,45007919,2019,68578.32,,709,68578.32
1508,45007920,2021,13822.87,,709,13822.87
1509,45007933,2021,0,,733,0
1510,45007934,2017,9240.36,,733,9240.36
1511,45007935,2019,10189.98,,733,10189.98
1512,45007936,2018,25853.1,,733,25853.1
1513,45007937,2020,0,,733,0
1514,45007944,2018,3018.32,,746,3018.32
1515,45007945,2020,1855.87,,746,1855.87
1516,45007946,2019,2961.59,,746,2961.59
1517,45007947,2017,1967.08,,746,1967.08
1518,45007948,2021,1496.35,,746,1496.35
1519,45007949,2017,15906.82,,747,15906.82
1520,45007950,2018,42060.03,,747,42060.03
1521,45007951,2020,1855.87,,747,1855.87
1522,45007952,2021,6517.43,,747,6517.43
1523,45007953,2019,24686.08,,747,24686.08
1524,45007954,2020,142178.52,,748,142178.52
1525,45007955,2017,78391.06,,748,78391.06
1526,45007956,2021,28854.77,,748,28854.77
1527,45007957,2018,385879.86,,748,385879.86
1528,45007958,2019,441210.01,,748,441210.01
1529,45007971,2020,0,,772,0
1530,45007972,2019,557.9,,772,557.9
1531,45007973,2017,505,,772,505
1532,45007974,2021,0,,772,0
1533,45007975,2018,2246.09,,772,2246.09
1534,45007982,2018,4171.93,,790,4171.93
1535,45007983,2017,11750.6,,790,11750.6
1536,45007984,2019,162.13,,790,162.13
1537,45007985,2021,0,,790,0
1538,45007991,2020,3228.76,,817,3228.76
1539,45007992,2018,9710.19,,817,9710.19
1540,45007993,2019,649.73,,817,649.73
1541,45007994,2021,3936.41,,817,3936.41
1542,45008004,2018,0,,821,0
1543,45008005,2019,0,,821,0
1544,45008006,2020,0,,821,0
1545,45008058,2019,7166.92,,863,7166.92
1546,45008059,2021,6450.31,,863,6450.31
1547,45008060,2020,6063.28,,863,6063.28
1548,45008061,2018,7496.41,,863,7496.41
1549,45008062,2018,28582.12,,869,28582.12
1550,45008063,2019,0,,869,0
1551,45008064,2021,473.96,,869,473.96
1552,45008065,2020,0,,869,0
1553,45008080,2020,0,,880,0
1554,45008081,2019,0,,880,0
1555,45008082,2021,0,,880,0
1556,45008083,2018,0,,880,0
1557,45008088,2021,4324.58,,883,4324.58
1558,45008089,2019,48240.99,,883,48240.99
1559,45008090,2018,0,,883,0
1560,45008091,2020,76391.24,,883,76391.24
1561,45008156,2021,1311.6,,1005,1311.6
1562,45008157,2020,3442.19,,1005,3442.19
1563,45008158,2018,18863.1,,1005,18863.1
1564,45008159,2019,19613.29,,1005,19613.29
1565,45008164,2020,45358.94,,1009,45358.94
1566,45008165,2021,2654.94,,1009,2654.94
1567,45008166,2019,4042.49,,1009,4042.49
1568,45008192,2021,1941.65,,1059,1941.65
1569,45008193,2019,413785.61,,1059,413785.61
1570,45008198,2021,3030,,1062,3030
1571,45008199,2013,2533.03,,1062,2533.03
1572,45008200,2020,25906.23,,1062,25906.23
1573,45008201,2019,7573.1,,1062,7573.1
1574,45008209,2020,0,,1083,0
1575,45008210,2019,5000,,1083,5000
1576,45008211,2021,0,,1083,0
1577,45008229,2020,0,,1095,0
1578,45008230,2021,0,,1095,0
1579,45008231,2021,612,,1103,612
1580,45008232,2020,1241.64,,1103,1241.64
1581,45008239,2020,3011.3,,1106,3011.3
1582,45008240,2021,0,,1106,0
1583,45008257,2021,250.64,,1126,250.64
1584,45008258,2020,13087.49,,1126,13087.49
1585,45008270,2021,0,,1136,0
1586,45008271,2020,0,,1136,0
1587,45008272,2021,0,,1138,0
1588,45008273,2020,0,,1138,0
1589,45008274,2021,0,,1140,0
1590,45008275,2020,0,,1140,0
1591,45008279,2020,1122,,1142,1122
1592,45008280,2021,5299.8,,1142,5299.8
1593,45008309,2020,43217.58,,1162,43217.58
1594,45008310,2021,0,,1162,0
1595,45008317,2020,0,,1166,0
1596,45008318,2021,0,,1166,0
1597,45008319,2021,1744.46,,1167,1744.46
1598,45008320,2020,8453.56,,1167,8453.56
1599,45008321,2021,0,,1172,0
1600,45008322,2020,7212.76,,1172,7212.76
1601,45008325,2021,0,,1176,0
1602,45008344,2021,0,,1185,0
1603,45008347,2021,0,,1187,0
1604,45008353,2021,1722,,1191,1722
1605,45008354,2021,405.24,,1192,405.24
1606,45008355,2020,34,,1192,34
1607,45008356,2021,6031.9,,1193,6031.9
1608,45008358,2021,6655.08,,1195,6655.08
1609,45008359,2021,11741.43,,1196,11741.43
1610,45008368,2020,2390.88,,1202,2390.88
1611,45008369,2021,9530.97,,1202,9530.97
1612,45008398,2021,0,,1222,0
1613,45008404,2021,7271.39,,1225,7271.39
1614,45008407,2021,20747.19,,1227,20747.19
1615,45008408,2021,0,,1230,0
1616,45008409,2021,0,,1231,0
1617,45008411,2021,154984.67,,1233,154984.67
1618,45008412,2021,10789.97,,1234,10789.97
1619,45008415,2021,17443.43,,1236,17443.43
1620,45008432,2021,0,,1247,0
1621,45008435,2021,0,,1249,0
1622,45008438,2021,0,,1251,0
1623,45008439,2021,0,,1252,0
1624,45008444,2021,14600.28,,1255,14600.28
1625,45008457,2021,1953.16,,1264,1953.16
1626,45008459,2021,710.11,,1266,710.11
1627,45008485,2021,10649.82,,1280,10649.82
1628,45019972,2021,44.26,,1034,44.26
1629,45019973,2020,0,,1034,0
1630,45019974,2019,4357.26,,1034,4357.26
1631,45080578,2018,348475.17,,819,348475.17
1632,45080579,2019,164174.22,,819,164174.22
1633,45080580,2021,5800,,819,5800
1634,45080581,2020,7814.44,,819,7814.44
1635,45081234,2020,16948.5,,1128,16948.5
1636,45081235,2021,16261.98,,1128,16261.98
1637,45091631,2021,1904.96,,1163,1904.96
1638,45091632,2020,47050.99,,1163,47050.99
1639,45092104,2020,0,,887,0
1640,45092105,2018,1154.3,,887,1154.3
1641,45092106,2021,0,,887,0
1642,45092107,2019,50,,887,50
1643,45099482,2020,134843.95,,1011,134843.95
1644,45099483,2021,34070.91,,1011,34070.91
1645,45099484,2019,19502.72,,1011,19502.72
1646,45119533,2020,12285.76,,1050,12285.76
1647,45119534,2022,0,,1050,105
1648,45119535,2019,71500.09,,1050,71500.09
1649,45119536,2021,2834.76,,1050,2834.76
1650,45126379,2021,24623.23,,44,24623.23
1651,45126380,2014,112613.01,,44,112613.01
1652,45126381,2018,30242.03,,44,30242.03
1653,45126382,2016,52605.8,,44,52605.8
1654,45126383,2019,30714.64,,44,30714.64
1655,45126384,2017,36366.77,,44,36366.77
1656,45126385,2015,22248.04,,44,22248.04
1657,45126386,2013,168628.45,,44,168628.45
1658,45126387,2020,56633.47,,44,56633.47
1659,45129312,2014,6460,,84,6460
1660,45129313,2013,41514.07,,84,41514.07
1661,45129314,2022,0,,84,45.18
1662,45129979,2021,3406.45,,1089,3406.45
1663,45129980,2020,1069.12,,1089,1069.12
1664,45129981,2019,3287.55,,1089,3287.55
1665,45129982,2018,46.17,,1089,46.17
1666,45130094,2020,18932.46,,1190,18932.46
1667,45130095,2021,21561.97,,1190,21561.97
1668,45130190,2021,0,,1164,0
1669,45130191,2020,0,,1164,0
1670,45130298,2020,0,,1113,0
1671,45130404,2020,232,,323,232
1672,45130405,2015,2727.75,,323,2727.75
1673,45130406,2019,3255.14,,323,3255.14
1674,45130407,2018,3216.47,,323,3216.47
1675,45130408,2013,2924.12,,323,2924.12
1676,45130409,2017,4130.44,,323,4130.44
1677,45130410,2016,4374.67,,323,4374.67
1678,45130411,2014,2902.14,,323,2902.14
1679,45130412,2021,1415.96,,1256,1415.96
1680,45247144,2022,0,,1259,1817.96
1681,45247145,2021,0,,1259,0
1682,45273650,2020,33.12,,1117,33.12
1683,45273651,2021,0,,1117,0
1684,45273738,2021,0,,1200,0
1685,45281505,2021,0,,1194,0
1686,45281527,2016,8605.24,,490,8605.24
1687,45281528,2018,26012.08,,490,26012.08
1688,45281529,2019,18250.1,,490,18250.1
1689,45281530,2021,20622.99,,490,20622.99
1690,45281531,2020,8068.69,,490,8068.69
1691,45281532,2015,8627.52,,490,8627.52
1692,45281533,2017,12994.96,,490,12994.96
1693,45281617,2020,1364.56,,1132,1364.56
1694,45281891,2020,0,,1127,0
1695,45281892,2021,0,,1127,0
1696,45281956,2019,235.4,,1067,235.4
1697,45281957,2020,0,,1067,0
1698,45569032,2021,0,,874,0
1699,45569033,2018,770.53,,874,770.53
1700,45569034,2022,0,,874,90
1701,45569035,2020,0,,874,0
1702,45569036,2019,0,,874,0
1703,45570469,2021,0,,1211,0
1704,45570762,2021,0,,1183,0
1705,45570765,2021,0,,1232,0
1706,45570787,2021,0,,1212,0
1707,45570800,2021,0,,611,0
1708,45570801,2020,0,,611,0
1709,45570802,2017,0,,611,0
1710,45570803,2018,0,,611,0
1711,45570804,2016,0,,611,0
1712,45570858,2020,21824.75,,725,21824.75
1713,45570859,2019,93516.54,,725,93516.54
1714,45570860,2018,90549.45,,725,90549.45
1715,45570861,2017,686.7,,725,686.7
1716,45571098,2021,0,,1241,0
1717,45571138,2021,99789.28,,1178,99789.28
1718,45571139,2020,90818.08,,1178,90818.08
1719,45571198,2020,834.11,,558,834.11
1720,45571199,2017,53562.5,,558,53562.5
1721,45571200,2019,25737.75,,558,25737.75
1722,45571201,2018,51346.23,,558,51346.23
1723,45571202,2016,34109.83,,558,34109.83
1724,45571203,2021,0,,558,0
1725,45571204,2018,0,,581,0
1726,45571205,2020,0,,581,0
1727,45571206,2019,0,,581,0
1728,45571207,2021,0,,581,0
1729,45571208,2017,0,,581,0
1730,46029288,2021,153501.58,,1152,153501.58
1731,46029289,2023,0,,1152,91.2
1732,46029290,2020,4180.94,,1152,4180.94
1733,46047138,2020,25057.34,,1094,25057.34
1734,46047139,2022,0,,1094,0
1735,46047140,2021,10901.17,,1094,10901.17
1736,46047181,2022,0,,1197,0
1737,46047182,2021,0,,1197,0
1738,46047233,2022,5547.17,,1334,5547.17
1739,46047236,2022,0,,1240,0
1740,46047237,2021,0,,1240,0
1741,46047238,2022,5997.31,,1177,5997.31
1742,46047239,2021,101819.14,,1177,101819.14
1743,46047243,2022,72773.99,,1283,72773.99
1744,46047252,2021,0,,1300,0
1745,46047253,2022,2375.66,,1300,2375.66
1746,46047262,2021,7171.71,,1160,7171.71
1747,46047263,2020,23431.35,,1160,23431.35
1748,46047264,2022,53306.93,,1160,53306.93
1749,46047265,2018,166.6,,613,166.6
1750,46047266,2016,0,,613,0
1751,46047267,2020,0,,613,0
1752,46047268,2021,0,,613,0
1753,46047269,2019,1339.46,,613,1339.46
1754,46047270,2022,132.17,,613,132.17
1755,46047271,2017,0,,613,0
1756,46047274,2020,0,,959,0
1757,46047275,2018,0,,959,0
1758,46047276,2022,0,,959,0
1759,46047277,2019,0,,959,0
1760,46047278,2022,0,,1354,0
1761,46047292,2020,0,,1125,0
1762,46047293,2022,0,,1125,0
1763,46047294,2021,0,,1125,0
1764,46047303,2022,2990.33,,1217,2990.33
1765,46047304,2021,1786.2,,1217,1786.2
1766,46047305,2022,122680.22,,1294,122680.22
1767,46047309,2022,11972.15,,1317,11972.15
1768,46047310,2021,6218.88,,1180,6218.88
1769,46047311,2022,649.06,,1180,649.06
1770,46047331,2022,835.9,,1274,835.9
1771,46047332,2021,145.96,,1274,145.96
1772,46047335,2022,2507.25,,1131,2507.25
1773,46047336,2021,0,,1131,0
1774,46047337,2020,0,,1131,0
1775,46047371,2021,90289.47,,1069,90289.47
1776,46047372,2019,374.63,,1069,374.63
1777,46047373,2020,123142.92,,1069,123142.92
1778,46047374,2022,24179.25,,1069,24179.25
1779,46047412,2019,84,,797,84
1780,46047413,2021,0,,797,0
1781,46047414,2018,0,,797,0
1782,46047415,2020,3376.8,,797,3376.8
1783,46047416,2017,1914.95,,797,1914.95
1784,46047417,2022,2140,,797,2140
1785,46047432,2021,0,,1238,0
1786,46047433,2022,413.89,,1238,413.89
1787,46047477,2021,0,,705,0
1788,46047478,2016,0,,705,0
1789,46047479,2017,1122.28,,705,1122.28
1790,46047480,2019,10943.3,,705,10943.3
1791,46047481,2020,2644.36,,705,2644.36
1792,46047482,2018,18407.36,,705,18407.36
1793,46047483,2022,0,,705,0
1794,46047486,2021,9071.39,,1298,9071.39
1795,46047487,2022,34007.22,,1298,34007.22
1796,46047494,2022,98.25,,1306,98.25
1797,46047506,2021,39967.33,,1223,39967.33
1798,46047507,2020,3811.15,,1223,3811.15
1799,46047508,2022,707.31,,1223,707.31
1800,46047509,2021,768,,745,768
1801,46047510,2020,1331.8,,745,1331.8
1802,46047511,2018,0,,745,0
1803,46047512,2022,4637.66,,745,4637.66
1804,46047513,2017,0,,745,0
1805,46047514,2019,6233.37,,745,6233.37
1806,46047547,2014,51406.05,,253,51406.05
1807,46047548,2019,526.32,,253,526.32
1808,46047549,2016,164551.27,,253,164551.27
1809,46047550,2018,86146.38,,253,86146.38
1810,46047551,2015,136936.19,,253,136936.19
1811,46047552,2017,155898.8,,253,155898.8
1812,46047564,2021,0,,1115,0
1813,46047565,2022,325.83,,1115,325.83
1814,46047566,2020,0,,1115,0
1815,46047568,2015,307559.55,,211,307559.55
1816,46047569,2017,198619.63,,211,198619.63
1817,46047570,2018,157449.54,,211,157449.54
1818,46047571,2020,236180.23,,211,236180.23
1819,46047572,2013,195460.89,,211,195460.89
1820,46047573,2019,133967.57,,211,133967.57
1821,46047574,2016,172763.01,,211,172763.01
1822,46047575,2021,110106.61,,211,110106.61
1823,46047576,2014,58594.3,,211,58594.3
1824,46047615,2022,1029.89,,1307,1029.89
1825,46047631,2022,0,,1253,0
1826,46047632,2021,0,,1253,0
1827,46047635,2022,37.74,,1293,37.74
1828,46047636,2021,1507.1,,1293,1507.1
1829,46047675,2022,3875.31,,1218,3875.31
1830,46047676,2021,1991.51,,1218,1991.51
1831,46047677,2022,430.28,,1267,430.28
1832,46047678,2013,1839.91,,1267,1839.91
1833,46047679,2021,10611.99,,1267,10611.99
1834,46047692,2022,1213.44,,1324,1213.44
1835,46047709,2022,0,,1273,0
1836,46047710,2021,0,,1273,0
1837,46047714,2021,84351.24,,1181,84351.24
1838,46047715,2020,33241.49,,1181,33241.49
1839,46047716,2022,27069.09,,1181,27069.09
1840,46047717,2021,16261.97,,1210,16261.97
1841,46047718,2020,6007.98,,1210,6007.98
1842,46047725,2021,0,,1141,0
1843,46047726,2020,1781.08,,1141,1781.08
1844,46047727,2022,2116.21,,1141,2116.21
1845,46047728,2022,0,,1024,0
1846,46047729,2019,5278.82,,1024,5278.82
1847,46047730,2021,0,,1024,0
1848,46047731,2020,605.59,,1024,605.59
1849,46047732,2019,7827.61,,995,7827.61
1850,46047733,2022,504379.14,,995,504379.14
1851,46047734,2021,456089.9,,995,456089.9
1852,46047735,2020,273031.51,,995,273031.51
1853,46047739,2022,0,,1001,0
1854,46047740,2020,0,,1001,0
1855,46047741,2021,0,,1001,0
1856,46047742,2019,0,,1001,0
1857,46047743,2022,0,,1250,0
1858,46047744,2021,0,,1250,0
1859,46047747,2022,3742.18,,1350,3742.18
1860,46047754,2019,658798.04,,1058,658798.04
1861,46047755,2021,1024564.91,,1058,1024564.91
1862,46047756,2022,144190.45,,1058,144190.45
1863,46047757,2020,1396989.87,,1058,1396989.87
1864,46047769,2022,258.16,,1270,258.16
1865,46047770,2021,0,,1270,0
1866,46047794,2019,481108.62,,992,481108.62
1867,46047795,2020,277403.98,,992,277403.98
1868,46047796,2022,29629.16,,992,29629.16
1869,46047797,2021,148719.14,,992,148719.14
1870,46047798,2022,0,,1333,0
1871,46047799,2022,20875.25,,1284,20875.25
1872,46047825,2022,15135.31,,1305,15135.31
1873,46047826,2021,8670,,1305,8670
1874,46047827,2022,18136.39,,1282,18136.39
1875,46047831,2022,30710.88,,549,30710.88
1876,46047832,2019,133249.95,,549,133249.95
1877,46047833,2020,152562.41,,549,152562.41
1878,46047834,2018,112393.07,,549,112393.07
1879,46047835,2017,64627.3,,549,64627.3
1880,46047836,2021,119554.38,,549,119554.38
1881,46047837,2016,150,,549,150
1882,46047838,2020,0,,1165,0
1883,46047839,2022,0,,1165,0
1884,46047840,2021,0,,1165,0
1885,46047841,2018,2746.24,,873,2746.24
1886,46047842,2020,51573.53,,873,51573.53
1887,46047843,2022,1684.61,,873,1684.61
1888,46047844,2019,41735.43,,873,41735.43
1889,46047845,2021,23237.87,,873,23237.87
1890,46047846,2022,6135.88,,1299,6135.88
1891,46047847,2021,778.8,,1299,778.8
1892,46047857,2022,5278.23,,1345,5278.23
1893,46047863,2020,2956.58,,1159,2956.58
1894,46047864,2022,4394.54,,1159,4394.54
1895,46047865,2021,5957.27,,1159,5957.27
1896,46047866,2020,6646.99,,864,6646.99
1897,46047867,2022,0,,864,0
1898,46047868,2018,8764.71,,864,8764.71
1899,46047869,2019,-68.15,,864,-68.15
1900,46047870,2022,0,,1351,0
1901,46047871,2020,10269.71,,1205,10269.71
1902,46047872,2022,1980,,1205,1980
1903,46047873,2021,0,,1205,0
1904,46047892,2022,0,,1342,0
1905,46047921,2020,46296.46,,1030,46296.46
1906,46047922,2021,96181.45,,1030,96181.45
1907,46047923,2019,8150.52,,1030,8150.52
1908,46047943,2022,20685.46,,1328,20685.46
1909,46047951,2022,0,,1308,0
1910,46047966,2020,0,,890,0
1911,46047967,2022,0,,890,0
1912,46047968,2019,0,,890,0
1913,46047969,2021,0,,890,0
1914,46047970,2018,0,,890,0
1915,46047971,2022,4315.07,,1245,4315.07
1916,46047972,2021,79,,1245,79
1917,46047973,2022,0,,841,0
1918,46047974,2020,2004.02,,841,2004.02
1919,46047975,2018,2127.47,,841,2127.47
1920,46047976,2019,0,,841,0
1921,46047977,2021,0,,841,0
1922,46047981,2022,0,,1296,0
1923,46048012,2020,15735.99,,1182,15735.99
1924,46048013,2022,0,,1182,0
1925,46048014,2021,45101.3,,1182,45101.3
1926,46069774,2022,12882,,1199,12882
1927,46069775,2021,6729.83,,1199,6729.83
1928,46372391,2021,46.81,,1146,46.81
1929,46372392,2020,4318.61,,1146,4318.61
1930,46372393,2022,0,,1146,0
1931,46372605,2022,0,,1327,0
1932,46453979,2013,16807.5,,196,16807.5
1933,46453980,2021,0,,196,0
1934,46453981,2018,0,,196,0
1935,46453982,2020,0,,196,0
1936,46453983,2014,4980,,196,4980
1937,46453984,2019,0,,196,0
1938,46453985,2022,0,,196,0
1939,46453986,2017,0,,196,0
1940,46454105,2021,0,,677,0
1941,46454106,2018,0,,677,0
1942,46454107,2020,0,,677,0
1943,46454230,2018,-36.21,,875,-36.21
1944,46454231,2019,49,,875,49
1945,46454232,2021,0,,875,0
1946,46454233,2022,0,,875,0
1947,46454234,2020,0,,875,0
1948,46454392,2022,0,,1207,0
1949,46454393,2021,461.99,,1207,461.99
1950,46454394,2021,0,,1208,0
1951,46454395,2022,0,,1208,0
1952,46454452,2022,0,,1257,0
1953,46454500,2022,268.88,,1286,268.88
1954,46454552,2022,14034.66,,1325,14034.66
1955,46454580,2022,0,,1348,0
1956,46467461,2015,0,,36,0
1957,46467462,2022,0,,36,0
1958,46467463,2020,0,,36,0
1959,46467464,2017,0,,36,0
1960,46467465,2021,0,,36,0
1961,46467466,2019,5182,,36,5182
1962,46467467,2023,341600,,36,0
1963,46467468,2018,0,,36,0
1964,46467469,2016,0,,36,0
1965,46467470,2014,0,,37,0
1966,46467471,2019,0,,37,0
1967,46467472,2016,182,,37,182
1968,46467473,2015,0,,37,0
1969,46467474,2023,11200,,37,0
1970,46467475,2016,0,,38,0
1971,46467476,2023,18900,,38,0
1972,46467477,2017,0,,38,0
1973,46467478,2015,0,,38,0
1974,46467479,2016,0,,39,0
1975,46467480,2023,25200,,39,0
1976,46467481,2019,0,,39,0
1977,46467482,2014,0,,39,0
1978,46467483,2015,0,,39,0
1979,46467484,2013,215964.17,,45,215964.17
1980,46467485,2018,134149.76,,45,134149.76
1981,46467486,2020,58508.82,,45,58508.82
1982,46467487,2017,156199.7,,45,156199.7
1983,46467488,2015,133976.59,,45,133976.59
1984,46467489,2022,59767.5,,45,59767.5
1985,46467490,2019,133933.3,,45,133933.3
1986,46467491,2014,205633.12,,45,205633.12
1987,46467492,2021,59884.65,,45,59884.65
1988,46467493,2016,155766.95,,45,155766.95
1989,46467494,2023,103820,,45,53486.17
1990,46467495,2017,9065.45,,47,9065.45
1991,46467496,2022,3384.94,,47,3384.94
1992,46467497,2019,5186.09,,47,5186.09
1993,46467498,2014,49694.94,,47,49694.94
1994,46467499,2021,0,,47,0
1995,46467500,2016,32965.95,,47,32965.95
1996,46467501,2023,62700,,47,3703.97
1997,46467502,2015,12652.48,,47,12652.48
1998,46467503,2020,1827.19,,47,1827.19
1999,46467504,2013,112544.07,,47,112544.07
2000,46467505,2018,17039.21,,47,17039.21
2001,46467506,2021,690846.22,,49,690846.22
2002,46467507,2023,633478.09,,49,413192.19
2003,46467508,2016,606283.8,,49,606283.8
2004,46467509,2018,704955.79,,49,704955.79
2005,46467510,2020,859531.9,,49,859531.9
2006,46467511,2022,486540.63,,49,486540.63
2007,46467512,2014,540476.79,,49,540476.79
2008,46467513,2017,567191.67,,49,567191.67
2009,46467514,2019,830405.57,,49,830405.57
2010,46467515,2013,510895.76,,49,510895.76
2011,46467516,2015,698321.03,,49,698321.03
2012,46467517,2014,564095.23,,51,564095.23
2013,46467518,2021,407753.18,,51,407753.18
2014,46467519,2016,621508.18,,51,621508.18
2015,46467520,2019,322963.31,,51,322963.31
2016,46467521,2015,525173.31,,51,525173.31
2017,46467522,2017,481681.24,,51,481681.24
2018,46467523,2022,327081.63,,51,327081.63
2019,46467524,2020,400590.13,,51,400590.13
2020,46467525,2013,511791.79,,51,511791.79
2021,46467526,2023,346113.88,,51,189868.18
2022,46467527,2018,438839.13,,51,438839.13
2023,46467528,2023,34993.01,,53,18478.76
2024,46467529,2014,40892.69,,53,40892.69
2025,46467530,2019,37912.82,,53,37912.82
2026,46467531,2018,27569.12,,53,27569.12
2027,46467532,2017,20914.82,,53,20914.82
2028,46467533,2013,41676.52,,53,41676.52
2029,46467534,2021,25124.3,,53,25124.3
2030,46467535,2020,31242.27,,53,31242.27
2031,46467536,2016,26028.59,,53,26028.59
2032,46467537,2015,23214.9,,53,23214.9
2033,46467538,2022,24138.89,,53,24138.89
2034,46467539,2018,12243.47,,54,12243.47
2035,46467540,2023,38000,,54,15440.05
2036,46467541,2019,9689.3,,54,9689.3
2037,46467542,2016,2902.93,,54,2902.93
2038,46467543,2014,28720.5,,54,28720.5
2039,46467544,2021,5715.73,,54,5715.73
2040,46467545,2015,100.58,,54,100.58
2041,46467546,2013,36122.38,,54,36122.38
2042,46467547,2020,2689.17,,54,2689.17
2043,46467548,2022,11066.03,,54,11066.03
2044,46467549,2017,10555.11,,54,10555.11
2045,46467550,2020,830645.5,,55,830645.5
2046,46467551,2016,653794.89,,55,653794.89
2047,46467552,2023,106527290.3,,55,459143.73
2048,46467553,2022,612071.46,,55,612071.46
2049,46467554,2015,538646.84,,55,538646.84
2050,46467555,2018,704182.68,,55,704182.68
2051,46467556,2017,675051.34,,55,675051.34
2052,46467557,2013,918102.66,,55,918102.66
2053,46467558,2021,740753.19,,55,740753.19
2054,46467559,2019,705573.28,,55,705573.28
2055,46467560,2014,770640.56,,55,770640.56
2056,46467561,2022,278.64,,224,278.64
2057,46467562,2015,1465.92,,224,1465.92
2058,46467563,2017,3757.35,,224,3757.35
2059,46467564,2018,884.54,,224,884.54
2060,46467565,2023,97225,,224,0
2061,46467566,2016,209.2,,224,209.2
2062,46467567,2021,23535,,224,23535
2063,46467568,2013,13695,,224,13695
2064,46467569,2020,427.92,,224,427.92
2065,46467570,2014,31341,,224,31341
2066,46467571,2019,1843.77,,224,1843.77
2067,46467572,2013,4764830.02,,317,4764830.02
2068,46467573,2016,5616949.83,,317,5616949.83
2069,46467574,2023,0,,317,52923.9
2070,46467575,2021,7763187.26,,317,7763187.26
2071,46467576,2014,4503260.55,,317,4503260.55
2072,46467577,2019,5938226.59,,317,5938226.59
2073,46467578,2022,60219.18,,317,60219.18
2074,46467579,2015,4390850.81,,317,4390850.81
2075,46467580,2017,6510751.02,,317,6510751.02
2076,46467581,2020,7190512.26,,317,7190512.26
2077,46467582,2018,6732338.3,,317,6732338.3
2078,46467583,2023,28864.6,,438,12301.21
2079,46467584,2016,16743.19,,438,16743.19
2080,46467585,2021,24920.62,,438,24920.62
2081,46467586,2022,13576.44,,438,13576.44
2082,46467587,2015,19442.98,,438,19442.98
2083,46467588,2018,33117.92,,438,33117.92
2084,46467589,2020,24421.3,,438,24421.3
2085,46467590,2019,18038.98,,438,18038.98
2086,46467591,2017,28083.73,,438,28083.73
2087,46467592,2018,180067.74,,440,180067.74
2088,46467593,2020,159547.91,,440,159547.91
2089,46467594,2015,222577.57,,440,222577.57
2090,46467595,2022,163791.9,,440,163791.9
2091,46467596,2021,190460.68,,440,190460.68
2092,46467597,2019,143163.43,,440,143163.43
2093,46467598,2017,173026.17,,440,173026.17
2094,46467599,2023,246020.51,,440,108795.7
2095,46467600,2014,2820,,440,2820
2096,46467601,2016,180175.9,,440,180175.9
2097,46467602,2016,214877.56,,495,214877.56
2098,46467603,2023,156963.21,,495,20021.88
2099,46467604,2018,108601.71,,495,108601.71
2100,46467605,2015,169277.63,,495,169277.63
2101,46467606,2020,156989.53,,495,156989.53
2102,46467607,2021,160024.11,,495,160024.11
2103,46467608,2019,137569.73,,495,137569.73
2104,46467609,2017,101411.59,,495,101411.59
2105,46467610,2022,44394.85,,495,44394.85
2106,46467611,2022,44357.09,,528,44357.09
2107,46467612,2015,6849.79,,528,6849.79
2108,46467613,2023,56758.45,,528,27312.58
2109,46467614,2020,19551.31,,528,19551.31
2110,46467615,2019,9082,,528,9082
2111,46467616,2021,52576.35,,528,52576.35
2112,46467617,2018,11682.34,,528,11682.34
2113,46467618,2016,9168.59,,528,9168.59
2114,46467619,2019,108443.96,,564,108443.96
2115,46467620,2020,9798.42,,564,9798.42
2116,46467621,2018,89321.93,,564,89321.93
2117,46467622,2022,0,,564,0
2118,46467623,2017,66087.77,,564,66087.77
2119,46467624,2023,350,,564,0
2120,46467625,2021,409.8,,564,409.8
2121,46467626,2016,16492.13,,564,16492.13
2122,46467627,2018,3123.57,,572,3123.57
2123,46467628,2023,5415.72,,572,1234.28
2124,46467629,2020,0,,572,0
2125,46467630,2016,4595.82,,572,4595.82
2126,46467631,2021,1450,,572,1450
2127,46467632,2017,4008.58,,572,4008.58
2128,46467633,2019,2562.21,,572,2562.21
2129,46467634,2019,143675.2,,576,143675.2
2130,46467635,2023,381282,,576,141728.8
2131,46467636,2021,210467.91,,576,210467.91
2132,46467637,2020,264532.8,,576,264532.8
2133,46467638,2018,88228.73,,576,88228.73
2134,46467639,2016,132226.5,,576,132226.5
2135,46467640,2017,93186.98,,576,93186.98
2136,46467641,2022,206468.8,,576,206468.8
2137,46467642,2023,3500,,597,0
2138,46467643,2018,0,,597,0
2139,46467644,2017,262.8,,597,262.8
2140,46467645,2021,0,,597,0
2141,46467646,2019,0,,597,0
2142,46467647,2022,842.72,,597,842.72
2143,46467648,2020,0,,597,0
2144,46467649,2017,60.8,,601,60.8
2145,46467650,2022,0,,601,0
2146,46467651,2021,0,,601,0
2147,46467652,2019,0,,601,0
2148,46467653,2018,0,,601,0
2149,46467654,2020,0,,601,0
2150,46467655,2023,16800,,601,0
2151,46467656,2019,0,,603,0
2152,46467657,2016,25.16,,603,25.16
2153,46467658,2018,0,,603,0
2154,46467659,2023,6146,,603,0
2155,46467660,2017,1174.35,,603,1174.35
2156,46467661,2022,0,,603,0
2157,46467662,2021,0,,603,0
2158,46467663,2020,0,,603,0
2159,46467664,2020,0,,612,0
2160,46467665,2019,0,,612,0
2161,46467666,2022,1217.83,,612,1217.83
2162,46467667,2017,0,,612,0
2163,46467668,2021,0,,612,0
2164,46467669,2023,4116,,612,0
2165,46467670,2018,0,,612,0
2166,46467671,2019,89473.62,,676,89473.62
2167,46467672,2021,139428.52,,676,139428.52
2168,46467673,2017,106863.85,,676,106863.85
2169,46467674,2022,117925.68,,676,117925.68
2170,46467675,2018,113772.91,,676,113772.91
2171,46467676,2020,146672.87,,676,146672.87
2172,46467677,2023,186143.91,,676,132714.09
2173,46467678,2016,128936.48,,676,128936.48
2174,46467679,2018,141452.78,,679,141452.78
2175,46467680,2016,447.3,,679,447.3
2176,46467681,2023,8524.66,,679,0
2177,46467682,2020,97370.53,,679,97370.53
2178,46467683,2017,141398.97,,679,141398.97
2179,46467684,2022,93467.5,,679,93467.5
2180,46467685,2019,339647.1,,679,339647.1
2181,46467686,2021,84669.98,,679,84669.98
2182,46467687,2017,93800.65,,686,93800.65
2183,46467688,2022,36396.73,,686,36396.73
2184,46467689,2019,50011.46,,686,50011.46
2185,46467690,2021,34746.01,,686,34746.01
2186,46467691,2016,106043.11,,686,106043.11
2187,46467692,2023,0,,686,90.21
2188,46467693,2018,135271.41,,686,135271.41
2189,46467694,2015,30288.13,,686,30288.13
2190,46467695,2020,58342.11,,686,58342.11
2191,46467696,2018,863998.51,,706,863998.51
2192,46467697,2023,866675,,706,28814.52
2193,46467698,2017,635400,,706,635400
2194,46467699,2021,800811.24,,706,800811.24
2195,46467700,2019,565361.47,,706,565361.47
2196,46467701,2022,37768.9,,706,37768.9
2197,46467702,2020,804729.21,,706,804729.21
2198,46467703,2018,0,,722,0
2199,46467704,2023,56700,,722,0
2200,46467705,2021,0,,722,0
2201,46467706,2020,0,,722,0
2202,46467707,2022,3872.61,,722,3872.61
2203,46467708,2017,0,,722,0
2204,46467709,2019,0,,722,0
2205,46467710,2018,2151.3,,732,2151.3
2206,46467711,2020,0,,732,0
2207,46467712,2017,0,,732,0
2208,46467713,2019,2646.48,,732,2646.48
2209,46467714,2022,1835.98,,732,1835.98
2210,46467715,2023,44864,,732,1502.67
2211,46467716,2021,0,,732,0
2212,46467717,2018,47150.92,,765,47150.92
2213,46467718,2022,135199.83,,765,135199.83
2214,46467719,2017,0,,765,0
2215,46467720,2021,256504.71,,765,256504.71
2216,46467721,2020,272468.53,,765,272468.53
2217,46467722,2023,0,,765,-6712.39
2218,46467723,2019,146630.41,,765,146630.41
2219,46467724,2020,33.2,,769,33.2
2220,46467725,2017,762.25,,769,762.25
2221,46467726,2021,7590.76,,769,7590.76
2222,46467727,2022,7116.62,,769,7116.62
2223,46467728,2018,0,,769,0
2224,46467729,2023,69566,,769,0
2225,46467730,2019,186.8,,769,186.8
2226,46467731,2020,900,,774,900
2227,46467732,2018,97675.93,,774,97675.93
2228,46467733,2019,42609.73,,774,42609.73
2229,46467734,2021,3150,,774,3150
2230,46467735,2023,18000,,774,1318.9
2231,46467736,2017,658.45,,774,658.45
2232,46467737,2022,3088.99,,774,3088.99
2233,46467738,2018,7833.19,,818,7833.19
2234,46467739,2020,156067.26,,818,156067.26
2235,46467740,2019,97725.87,,818,97725.87
2236,46467741,2022,132501.93,,818,132501.93
2237,46467742,2021,182935.48,,818,182935.48
2238,46467743,2023,0,,818,886.49
2239,46467744,2021,47540.97,,822,47540.97
2240,46467745,2018,198.53,,822,198.53
2241,46467746,2023,91224,,822,3974.07
2242,46467747,2019,8868.61,,822,8868.61
2243,46467748,2022,44708.34,,822,44708.34
2244,46467749,2020,0,,822,0
2245,46467750,2019,2539.96,,827,2539.96
2246,46467751,2021,4801.28,,827,4801.28
2247,46467752,2020,9066.09,,827,9066.09
2248,46467753,2017,0,,827,0
2249,46467754,2023,0,,827,3054
2250,46467755,2022,9895.73,,831,9895.73
2251,46467756,2020,212101.68,,831,212101.68
2252,46467757,2023,12000,,831,0
2253,46467758,2021,31811.86,,831,31811.86
2254,46467759,2018,57766.74,,831,57766.74
2255,46467760,2019,229272.22,,831,229272.22
2256,46467761,2019,2086.67,,837,2086.67
2257,46467762,2021,24339.16,,837,24339.16
2258,46467763,2018,4904.83,,837,4904.83
2259,46467764,2023,55436.5,,837,1262.49
2260,46467765,2020,11359.2,,837,11359.2
2261,46467766,2017,0,,837,0
2262,46467767,2022,1207.47,,837,1207.47
2263,46467768,2021,0,,838,0
2264,46467769,2023,17941,,838,0
2265,46467770,2022,7795.37,,838,7795.37
2266,46467771,2023,126700,,855,0
2267,46467772,2018,136,,855,136
2268,46467773,2022,1345.79,,855,1345.79
2269,46467774,2019,724.58,,855,724.58
2270,46467775,2021,0,,855,0
2271,46467776,2020,0,,855,0
2272,46467777,2023,31521,,856,0
2273,46467778,2020,0,,856,0
2274,46467779,2018,0,,856,0
2275,46467780,2021,0,,856,0
2276,46467781,2019,331.8,,856,331.8
2277,46467782,2022,2695.62,,856,2695.62
2278,46467783,2023,350,,857,0
2279,46467784,2020,319.98,,857,319.98
2280,46467785,2018,219.83,,857,219.83
2281,46467786,2022,1860.65,,857,1860.65
2282,46467787,2019,2164.66,,857,2164.66
2283,46467788,2021,3821.81,,857,3821.81
2284,46467789,2019,28282.36,,861,28282.36
2285,46467790,2022,4428.94,,861,4428.94
2286,46467791,2021,38595.66,,861,38595.66
2287,46467792,2023,53224,,861,1685.07
2288,46467793,2020,4755.03,,861,4755.03
2289,46467794,2018,3249.94,,861,3249.94
2290,46467795,2021,9480.87,,862,9480.87
2291,46467796,2019,3495.9,,862,3495.9
2292,46467797,2022,6599.28,,862,6599.28
2293,46467798,2018,0,,862,0
2294,46467799,2023,53105,,862,280.61
2295,46467800,2020,0,,862,0
2296,46467801,2021,324302.61,,882,324302.61
2297,46467802,2019,0,,882,0
2298,46467803,2023,718936.96,,882,332031.22
2299,46467804,2022,298743.05,,882,298743.05
2300,46467805,2020,2372.4,,882,2372.4
2301,46467806,2019,22333.42,,892,22333.42
2302,46467807,2018,8770.15,,892,8770.15
2303,46467808,2021,58731.24,,892,58731.24
2304,46467809,2023,31282,,892,21906.81
2305,46467810,2022,12328.25,,892,12328.25
2306,46467811,2020,29259.1,,892,29259.1
2307,46467812,2018,1323.53,,952,1323.53
2308,46467813,2023,14745,,952,0
2309,46467814,2021,976.84,,952,976.84
2310,46467815,2019,10847.92,,952,10847.92
2311,46467816,2020,2943.75,,952,2943.75
2312,46467817,2022,3545.3,,952,3545.3
2313,46467818,2022,48707.13,,961,48707.13
2314,46467819,2023,122215,,961,23443.25
2315,46467820,2021,53378.44,,961,53378.44
2316,46467821,2019,35413.89,,961,35413.89
2317,46467822,2018,2506.03,,961,2506.03
2318,46467823,2020,84130.42,,961,84130.42
2319,46467824,2019,33862.44,,963,33862.44
2320,46467825,2021,8018.79,,963,8018.79
2321,46467826,2018,25,,963,25
2322,46467827,2023,55147.36,,963,1208.06
2323,46467828,2020,4032.99,,963,4032.99
2324,46467829,2022,17178.23,,963,17178.23
2325,46467830,2020,13305.27,,964,13305.27
2326,46467831,2021,4275,,964,4275
2327,46467832,2023,32000,,964,106
2328,46467833,2022,8383,,964,8383
2329,46467834,2019,15835.6,,965,15835.6
2330,46467835,2020,68595.84,,965,68595.84
2331,46467836,2021,71435.35,,965,71435.35
2332,46467837,2022,2612.99,,974,2612.99
2333,46467838,2018,0,,974,0
2334,46467839,2023,12885.24,,974,0
2335,46467840,2021,2859.26,,974,2859.26
2336,46467841,2020,525.62,,974,525.62
2337,46467842,2019,15609.26,,974,15609.26
2338,46467843,2022,164195.02,,975,164195.02
2339,46467844,2020,68500.3,,975,68500.3
2340,46467845,2021,149667.48,,975,149667.48
2341,46467846,2019,33363.34,,975,33363.34
2342,46467847,2023,228651.44,,975,131000.64
2343,46467848,2022,225393.08,,994,225393.08
2344,46467849,2020,180852.79,,994,180852.79
2345,46467850,2021,236518.28,,994,236518.28
2346,46467851,2023,171502.94,,994,134324.42
2347,46467852,2019,129924.88,,994,129924.88
2348,46467853,2023,2450,,1008,0
2349,46467854,2020,9593.88,,1008,9593.88
2350,46467855,2022,790.56,,1008,790.56
2351,46467856,2021,0,,1008,0
2352,46467857,2019,16951.22,,1008,16951.22
2353,46467858,2020,0,,1049,0
2354,46467859,2021,10765.42,,1049,10765.42
2355,46467860,2023,701.9,,1049,105
2356,46467861,2022,0,,1049,0
2357,46467862,2023,29400,,1061,0
2358,46467863,2019,0,,1061,0
2359,46467864,2022,0,,1061,0
2360,46467865,2021,0,,1061,0
2361,46467866,2020,0,,1061,0
2362,46467867,2020,0,,1066,0
2363,46467868,2023,1400,,1066,0
2364,46467869,2021,0,,1066,0
2365,46467870,2022,4167.45,,1066,4167.45
2366,46467871,2022,0,,1084,0
2367,46467872,2023,26000,,1084,0
2368,46467873,2021,13.04,,1084,13.04
2369,46467874,2020,3292.67,,1084,3292.67
2370,46467875,2021,24099.85,,1085,24099.85
2371,46467876,2023,162624.48,,1085,88955.07
2372,46467877,2022,69275.2,,1085,69275.2
2373,46467878,2020,0,,1085,0
2374,46467879,2022,180438.93,,1092,180438.93
2375,46467880,2021,334808.01,,1092,334808.01
2376,46467881,2023,367519.39,,1092,80678.66
2377,46467882,2020,188881.08,,1092,188881.08
2378,46467883,2021,0,,1093,0
2379,46467884,2022,4887.84,,1093,4887.84
2380,46467885,2023,93333.81,,1093,2600.33
2381,46467886,2021,3092.66,,1104,3092.66
2382,46467887,2023,9023,,1104,0
2383,46467888,2022,0,,1104,0
2384,46467889,2020,0,,1104,0
2385,46467890,2023,24546,,1105,38.5
2386,46467891,2021,0,,1105,0
2387,46467892,2020,0,,1105,0
2388,46467893,2022,4746.44,,1105,4746.44
2389,46467894,2021,53,,1111,53
2390,46467895,2020,29606.33,,1111,29606.33
2391,46467896,2021,0,,1121,0
2392,46467897,2023,3400,,1121,1931.92
2393,46467898,2020,0,,1121,0
2394,46467899,2022,2249.84,,1121,2249.84
2395,46467900,2021,0,,1123,0
2396,46467901,2020,1234.89,,1123,1234.89
2397,46467902,2023,175,,1123,0
2398,46467903,2022,3059.69,,1123,3059.69
2399,46467904,2021,0,,1130,0
2400,46467905,2023,4116,,1130,0
2401,46467906,2022,1204.58,,1130,1204.58
2402,46467907,2020,0,,1130,0
2403,46467908,2022,79704.95,,1148,79704.95
2404,46467909,2020,671.7,,1148,671.7
2405,46467910,2023,146479.39,,1148,106713.43
2406,46467911,2021,79807.12,,1148,79807.12
2407,46467912,2021,90142.38,,1150,90142.38
2408,46467913,2023,64353.04,,1150,32024.42
2409,46467914,2022,56568.02,,1150,56568.02
2410,46467915,2020,7494.75,,1150,7494.75
2411,46467916,2021,0,,1151,0
2412,46467917,2020,0,,1151,0
2413,46467918,2022,1094.2,,1151,1094.2
2414,46467919,2023,4200,,1151,0
2415,46467920,2023,0,,1153,0
2416,46467921,2021,65053.65,,1153,65053.65
2417,46467922,2022,31951.79,,1153,31951.79
2418,46467923,2020,108713.37,,1153,108713.37
2419,46467924,2021,28451.52,,1155,28451.52
2420,46467925,2023,51258,,1155,20983.03
2421,46467926,2020,24141,,1155,24141
2422,46467927,2022,29150.53,,1155,29150.53
2423,46467928,2023,0,,1156,377.09
2424,46467929,2021,0,,1156,0
2425,46467930,2022,0,,1156,0
2426,46467931,2021,34583.33,,1158,34583.33
2427,46467932,2020,0,,1158,0
2428,46467933,2022,3120.82,,1158,3120.82
2429,46467934,2023,23023,,1158,0
2430,46467935,2021,0,,1175,0
2431,46467936,2023,9000,,1175,0
2432,46467937,2022,2424.19,,1175,2424.19
2433,46467938,2021,0,,1179,0
2434,46467939,2022,2147.48,,1179,2147.48
2435,46467940,2020,286.1,,1179,286.1
2436,46467941,2023,53000,,1179,0
2437,46467942,2021,0,,1186,0
2438,46467943,2023,5782,,1186,0
2439,46467944,2022,4016.95,,1186,4016.95
2440,46467945,2023,904007.04,,1188,398396.83
2441,46467946,2022,525670.59,,1188,525670.59
2442,46467947,2020,14988.78,,1188,14988.78
2443,46467948,2021,66559.43,,1188,66559.43
2444,46467949,2022,13876.15,,1198,13876.15
2445,46467950,2021,36005.47,,1198,36005.47
2446,46467951,2023,85720,,1198,6802.65
2447,46467952,2022,122550.54,,1201,122550.54
2448,46467953,2023,726953.11,,1201,397333.26
2449,46467954,2021,2626.18,,1201,2626.18
2450,46467955,2023,115955,,1204,1034.33
2451,46467956,2022,14226.47,,1204,14226.47
2452,46467957,2021,900,,1204,900
2453,46467958,2023,6300,,1209,1340.26
2454,46467959,2021,25021.2,,1209,25021.2
2455,46467960,2022,4333.94,,1209,4333.94
2456,46467961,2020,4593.16,,1209,4593.16
2457,46467962,2023,5000,,1213,0
2458,46467963,2021,13337.99,,1213,13337.99
2459,46467964,2022,0,,1213,0
2460,46467965,2023,21882,,1214,0
2461,46467966,2022,9523.74,,1214,9523.74
2462,46467967,2021,0,,1214,0
2463,46467968,2022,28096.59,,1215,28096.59
2464,46467969,2023,54481.71,,1215,10
2465,46467970,2021,1337.79,,1215,1337.79
2466,46467971,2022,420372.08,,1219,420372.08
2467,46467972,2021,203222.45,,1219,203222.45
2468,46467973,2023,62573.84,,1219,112311.81
2469,46467974,2021,63477.17,,1220,63477.17
2470,46467975,2022,7362.28,,1220,7362.28
2471,46467976,2023,0,,1220,13.08
2472,46467977,2023,162895.91,,1221,5136.55
2473,46467978,2022,1275.91,,1221,1275.91
2474,46467979,2021,0,,1224,0
2475,46467980,2023,111132,,1224,17152.15
2476,46467981,2022,16921.15,,1224,16921.15
2477,46467982,2022,13267.52,,1226,13267.52
2478,46467983,2023,61164.38,,1226,115
2479,46467984,2021,36387.37,,1226,36387.37
2480,46467985,2022,1521047.34,,1228,1521047.34
2481,46467986,2023,545026.69,,1228,1268791.76
2482,46467987,2021,2324.53,,1235,2324.53
2483,46467988,2023,118368,,1235,970.68
2484,46467989,2022,9591.13,,1235,9591.13
2485,46467990,2022,10672.57,,1237,10672.57
2486,46467991,2023,103100,,1237,2042.91
2487,46467992,2021,0,,1237,0
2488,46467993,2022,7193.92,,1239,7193.92
2489,46467994,2021,0,,1239,0
2490,46467995,2023,6650,,1239,0
2491,46467996,2023,350,,1242,0
2492,46467997,2021,0,,1242,0
2493,46467998,2022,1461.85,,1242,1461.85
2494,46467999,2021,1487.65,,1243,1487.65
2495,46468000,2023,24815,,1243,0
2496,46468001,2022,4848.73,,1243,4848.73
2497,46468002,2023,10500,,1244,0
2498,46468003,2021,0,,1244,0
2499,46468004,2022,480.7,,1244,480.7
2500,46468005,2022,7527.9,,1246,7527.9
2501,46468006,2021,590.63,,1246,590.63
2502,46468007,2023,107298,,1246,552.52
2503,46468008,2022,1781.56,,1248,1781.56
2504,46468009,2023,11016,,1248,0
2505,46468010,2021,0,,1248,0
2506,46468011,2023,377416,,1254,148193.23
2507,46468012,2022,262327.38,,1254,262327.38
2508,46468013,2021,9951.22,,1254,9951.22
2509,46468014,2023,66187,,1258,2055.82
2510,46468015,2021,5637.44,,1258,5637.44
2511,46468016,2022,3903.75,,1258,3903.75
2512,46468017,2022,44722.34,,1260,44722.34
2513,46468018,2023,41673,,1260,28484.67
2514,46468019,2021,0,,1260,0
2515,46468020,2022,0,,1261,0
2516,46468021,2021,0,,1261,0
2517,46468022,2023,1400,,1261,0
2518,46468023,2021,0,,1262,0
2519,46468024,2022,0,,1262,0
2520,46468025,2023,60200,,1262,0
2521,46468026,2023,23772,,1263,0
2522,46468027,2021,2734.66,,1263,2734.66
2523,46468028,2022,4882.38,,1263,4882.38
2524,46468029,2021,8588.52,,1265,8588.52
2525,46468030,2022,0,,1265,0
2526,46468031,2023,29321.95,,1265,0
2527,46468032,2021,0,,1268,0
2528,46468033,2023,2632,,1268,0
2529,46468034,2022,3619.36,,1268,3619.36
2530,46468035,2023,16800,,1269,0
2531,46468036,2022,2655.64,,1269,2655.64
2532,46468037,2021,16549.97,,1269,16549.97
2533,46468038,2022,16191.68,,1271,16191.68
2534,46468039,2023,83930,,1271,0
2535,46468040,2021,0,,1271,0
2536,46468041,2021,197458.99,,1272,197458.99
2537,46468042,2023,0,,1272,558
2538,46468043,2022,40975.4,,1272,40975.4
2539,46468044,2023,50257,,1275,2265.78
2540,46468045,2022,4098.9,,1275,4098.9
2541,46468046,2021,2927.14,,1275,2927.14
2542,46468047,2022,26420.59,,1276,26420.59
2543,46468048,2021,2068.84,,1276,2068.84
2544,46468049,2023,73930,,1276,901.36
2545,46468050,2022,49766.64,,1277,49766.64
2546,46468051,2023,42000,,1277,0
2547,46468052,2021,0,,1277,0
2548,46468053,2022,0,,1278,0
2549,46468054,2021,1627.12,,1278,1627.12
2550,46468055,2023,19607,,1278,0
2551,46468056,2022,0,,1279,0
2552,46468057,2021,0,,1279,0
2553,46468058,2023,12950,,1279,0
2554,46468059,2023,0,,1285,-2169.24
2555,46468060,2022,159,,1285,159
2556,46468061,2023,0,,1287,4.8
2557,46468062,2022,9574,,1287,9574
2558,46468063,2023,276370.15,,1288,2355769.32
2559,46468064,2022,2996774.66,,1288,2996774.66
2560,46468065,2021,590.62,,1289,590.62
2561,46468066,2023,2100,,1289,0
2562,46468067,2022,0,,1289,0
2563,46468068,2023,526829,,1291,314303.77
2564,46468069,2022,313375.4,,1291,313375.4
2565,46468070,2022,373024.23,,1292,373024.23
2566,46468071,2023,633408,,1292,213870.61
2567,46468072,2023,12800,,1295,0
2568,46468073,2022,0,,1295,0
2569,46468074,2023,35000,,1297,0
2570,46468075,2022,700.76,,1297,700.76
2571,46468076,2022,5713.49,,1301,5713.49
2572,46468077,2023,74193,,1301,402
2573,46468078,2022,0,,1302,0
2574,46468079,2023,52339,,1302,0
2575,46468080,2023,25991,,1303,0
2576,46468081,2022,2223.69,,1303,2223.69
2577,46468082,2023,146491.38,,1304,65951.26
2578,46468083,2022,39500.72,,1304,39500.72
2579,46468084,2023,21000,,1309,0
2580,46468085,2022,3851.34,,1309,3851.34
2581,46468086,2023,23406,,1310,0
2582,46468087,2022,19786.97,,1310,19786.97
2583,46468088,2022,6700.67,,1311,6700.67
2584,46468089,2023,616,,1311,0
2585,46468090,2023,33650,,1312,0
2586,46468091,2022,4097.62,,1312,4097.62
2587,46468092,2023,9016,,1313,0
2588,46468093,2022,3178.27,,1313,3178.27
2589,46468094,2023,21714,,1314,0
2590,46468095,2022,2477.41,,1314,2477.41
2591,46468096,2023,8925,,1315,0
2592,46468097,2022,921.52,,1315,921.52
2593,46468098,2022,582.58,,1316,582.58
2594,46468099,2023,22200,,1316,479.29
2595,46468100,2023,14278,,1318,582.84
2596,46468101,2022,0,,1318,0
2597,46468102,2022,3677.61,,1319,3677.61
2598,46468103,2023,6391,,1319,0
2599,46468104,2022,20874.17,,1320,20874.17
2600,46468105,2023,8916,,1320,3487.86
2601,46468106,2023,107889,,1321,0
2602,46468107,2022,0,,1321,0
2603,46468108,2022,2684.56,,1322,2684.56
2604,46468109,2023,5761.83,,1322,5846.21
2605,46468110,2023,94541,,1323,1540.71
2606,46468111,2022,4393.15,,1323,4393.15
2607,46468112,2023,101177,,1326,31330.34
2608,46468113,2022,31564.18,,1326,31564.18
2609,46468114,2023,43336,,1330,2391.62
2610,46468115,2022,0,,1330,0
2611,46468116,2023,2450,,1331,0
2612,46468117,2022,0,,1331,0
2613,46468118,2022,0,,1332,0
2614,46468119,2023,68469,,1332,1003.17
2615,46468120,2022,0,,1335,0
2616,46468121,2023,67025,,1335,0
2617,46468122,2022,0,,1336,0
2618,46468123,2023,2016,,1336,0
2619,46468124,2022,0,,1337,0
2620,46468125,2023,2100,,1337,0
2621,46468126,2023,16100,,1338,4235.46
2622,46468127,2022,0,,1338,0
2623,46468128,2023,57535,,1339,834.62
2624,46468129,2022,0,,1339,0
2625,46468130,2023,218309.04,,1340,3215.52
2626,46468131,2022,0,,1340,0
2627,46468132,2023,8608,,1341,3085.43
2628,46468133,2022,0,,1341,0
2629,46468134,2023,6216,,1343,0
2630,46468135,2022,0,,1343,0
2631,46468136,2023,20900,,1344,366.81
2632,46468137,2023,29050,,1346,0
2633,46468138,2022,417.6,,1346,417.6
2634,46468139,2023,6741,,1349,0
2635,46468140,2022,0,,1349,0
2636,46468141,2023,17500,,1352,0
2637,46468142,2022,0,,1352,0
2638,46468143,2023,70441,,1353,5914.77
2639,46468144,2022,1655.51,,1353,1655.51
2640,46468145,2023,47334,,1355,938.38
2641,46468146,2022,0,,1355,0
2642,46468147,2023,47166,,1356,0
2643,46468148,2022,0,,1356,0
2644,46468149,2023,147372.76,,1357,14180.72
2645,46468150,2022,0,,1357,0
2646,46468151,2023,73685,,1358,18505.33
2647,46468152,2023,99007,,1359,0
2648,46468153,2022,0,,1360,0
2649,46468154,2023,44800,,1360,185
2650,46468155,2023,157315.72,,1361,30798.98
2651,46468156,2023,9366,,1362,0
2652,46468157,2023,14875,,1364,3533.41
2653,46468158,2023,30600,,1365,0
2654,46468159,2023,132704.53,,1366,54974.98
2655,46468160,2023,166500,,1367,3162.95
2656,46468161,2023,25670.77,,1368,821.07
2657,46468162,2023,35000,,1369,242.56
2658,46468163,2023,102950,,1370,17198.81
2659,46468164,2023,83500,,1371,783.64
2660,46468165,2023,18550,,1372,2893.89
2661,46468166,2023,21000,,1373,0
2662,46468167,2022,0,,1374,0
2663,46468168,2023,107994.59,,1374,16811.93
2664,46468169,2023,89828.53,,1375,0
2665,46468170,2023,7882.27,,1376,1582.39
2666,46468171,2023,35183,,1377,92.2
2667,46468172,2023,33674,,1378,31174.36
2668,46468173,2023,54950,,1379,2435.7
2669,46468174,2023,390450.73,,1382,113577.86
2670,46468175,2023,100410.57,,1383,14909.42
2671,46468176,2023,130866,,1384,9405.88
2672,46468177,2023,38137,,1385,15155.2
2673,46468178,2023,6075,,1387,0
2674,46468179,2023,39676,,1388,1815.61
2675,46468180,2023,47182,,1389,0
2676,46468181,2023,9800,,1390,0
2677,46468182,2023,5250,,1391,0
2678,46468183,2023,5950,,1392,0
2679,46468184,2023,15186,,1394,1186.43
2680,46468185,2023,14700,,1395,0
2681,46468186,2023,28100,,1396,1522.59
2682,46468187,2023,58571.99,,1397,11658.02
2683,46468188,2023,24581.5,,1398,7510.67
2684,46468189,2023,17000,,1399,5776.47
2685,46468190,2023,36635,,1400,3726.12
2686,46468191,2023,27800,,1401,0
2687,46468192,2023,7700,,1402,0
2688,46468193,2023,241995.5,,1403,0
2689,46468194,2023,126055,,1404,0
2690,46468195,2023,12500,,1405,0
2691,46468196,2023,20700,,1406,440.47
2692,46468197,2023,6150,,1407,1861.09
2693,46468198,2023,38391.71,,1408,0
2694,46468199,2023,35700,,1409,0
2695,46468200,2023,14411,,1410,954
2696,46468201,2023,40839,,1411,0
2697,46468202,2023,9800,,1412,0
2698,46468203,2023,61735,,1413,0
2699,46468204,2023,217678.37,,1414,68
2700,46468205,2023,21402,,1415,4427.56
2701,46468206,2023,10436,,1416,0
2702,46468207,2023,22400,,1417,3498.16
2703,46468208,2023,70000,,1418,0
2704,46468209,2023,125572.58,,1419,0
2705,46468210,2023,120944.36,,1420,0
2706,46468211,2023,30660,,1421,0
2707,46468212,2023,31777.25,,1425,0
2708,46468213,2023,19600,,1430,0
2709,46468214,2023,19100,,1433,0
