rownames,project_id,date,type
1,1,2013-01-01 ,1
2,1,2013-01-01 ,2
3,1,2013-12-01 ,8
4,1,,16
5,1,,32
6,1,,64
7,1,2013-12-01 ,2048
8,2,2013-01-01 ,1
9,2,,2
10,2,2015-12-31 ,8
11,2,,16
12,2,,32
13,2,,64
14,2,,2048
15,3,2013-01-01 ,1
16,3,2014-12-01 ,8
17,4,2013-01-01 ,1
18,4,,2
19,4,2015-12-01 ,8
20,4,,16
21,4,,32
22,4,,64
23,4,,2048
24,5,2013-01-01 ,1
25,5,,2
26,5,2015-12-31 ,8
27,5,,16
28,5,,32
29,5,2013-01-01 ,64
30,5,,2048
31,6,2013-01-01 ,1
32,6,2013-12-31 ,8
33,7,2013-01-01 ,1
34,7,2013-12-31 ,8
35,8,2013-01-01 ,1
36,8,2013-01-01 ,2
37,8,2013-01-01 ,4
38,8,2013-12-31 ,8
39,8,2013-02-01 ,16
40,8,2013-04-01 ,32
41,8,2013-01-01 ,64
42,8,2013-04-01 ,256
43,8,2013-12-01 ,512
44,8,2013-12-01 ,2048
45,9,2013-01-01 ,1
46,9,2013-01-01 ,2
47,9,2013-01-01 ,4
48,9,2013-12-31 ,8
49,9,2013-03-01 ,16
50,9,2013-05-01 ,32
51,9,2013-01-01 ,64
52,9,2013-02-01 ,128
53,9,2013-06-01 ,256
54,9,,512
55,9,2013-11-01 ,2048
56,10,2013-01-01 ,1
57,10,2013-12-31 ,8
58,11,2013-01-01 ,1
59,11,2013-12-31 ,8
60,12,2013-01-01 ,1
61,12,,2
62,12,2014-12-31 ,8
63,12,,16
64,12,,32
65,12,,64
66,12,2014-12-01 ,2048
67,13,2013-01-01 ,1
68,13,2016-12-31 ,8
69,14,2013-01-01 ,1
70,14,2014-12-31 ,8
71,15,2013-01-01 ,1
72,15,2015-12-31 ,8
73,16,2013-01-01 ,1
74,16,,2
75,16,2013-12-31 ,8
76,16,,16
77,16,,32
78,16,,64
79,16,,2048
80,17,2013-01-01 ,1
81,17,,2
82,17,2014-12-31 ,8
83,17,,16
84,17,,32
85,17,,64
86,17,,2048
87,18,2013-01-01 ,1
88,18,2013-12-31 ,8
89,19,2013-01-01 ,1
90,19,2013-12-31 ,8
91,20,2013-01-01 ,1
92,20,,2
93,20,2013-12-31 ,8
94,20,,16
95,20,,32
96,20,,64
97,20,,2048
98,21,2013-01-01 ,1
99,21,2014-12-31 ,8
100,22,2013-01-01 ,1
101,22,2014-12-31 ,8
102,23,2013-01-01 ,1
103,23,2015-12-31 ,8
104,24,2013-01-01 ,1
105,24,2013-12-31 ,8
106,25,2013-01-01 ,1
107,25,2013-12-31 ,8
108,26,2013-01-01 ,1
109,26,2014-12-31 ,8
110,27,2013-01-01 ,1
111,27,2013-12-31 ,8
112,28,2013-01-01 ,1
113,28,,2
114,28,2013-12-31 ,8
115,28,,16
116,28,,32
117,28,,64
118,28,,2048
119,29,2013-01-01 ,1
120,29,,2
121,29,2014-12-31 ,8
122,29,,16
123,29,,32
124,29,,64
125,29,,2048
126,30,2013-01-01 ,1
127,30,,2
128,30,2015-02-28 ,8
129,30,,16
130,30,,32
131,30,,64
132,30,,2048
133,31,2013-01-01 ,1
134,31,2013-12-31 ,8
135,32,2013-01-01 ,1
136,32,2014-12-31 ,8
137,33,2013-01-01 ,1
138,33,2014-12-31 ,8
139,34,2013-01-01 ,1
140,34,,2
141,34,2014-12-31 ,8
142,34,,16
143,34,,32
144,34,,64
145,34,,2048
146,35,2013-01-01 ,1
147,35,,2
148,35,2015-12-31 ,8
149,35,,16
150,35,,32
151,35,,64
152,35,,2048
153,36,2014-01-01 ,1
154,36,2022-12-01 ,8
155,37,2014-01-01 ,1
156,37,2022-12-01 ,8
157,38,2014-01-01 ,1
158,38,2022-12-01 ,8
159,39,2014-01-01 ,1
160,39,2022-12-01 ,8
161,40,2013-01-01 ,1
162,40,2022-12-01 ,8
163,41,2013-01-01 ,1
164,41,2015-06-30 ,8
165,42,2013-01-01 ,1
166,42,,2
167,42,2013-12-31 ,8
168,42,,16
169,42,,32
170,42,,64
171,42,,2048
172,43,2013-01-01 ,1
173,43,2015-12-31 ,8
174,44,2013-01-01 ,1
175,44,2021-12-01 ,8
176,45,2013-01-01 ,1
177,45,2030-12-01 ,8
178,46,2013-01-01 ,1
179,46,2018-12-30 ,8
180,46,2013-01-01 ,16
181,46,2019-01-04 ,2048
182,47,2013-01-01 ,1
183,47,2021-12-01 ,8
184,48,2013-01-01 ,1
185,48,2013-01-01 ,2
186,48,2020-07-01 ,8
187,48,2020-08-12 ,2048
188,49,2013-01-01 ,1
189,49,,2
190,49,2022-12-01 ,8
191,49,,16
192,49,,32
193,49,,64
194,49,,2048
195,50,2013-01-01 ,1
196,50,,2
197,50,2013-12-01 ,8
198,50,,16
199,50,,32
200,50,,64
201,50,,2048
202,51,2013-01-01 ,1
203,51,2022-12-01 ,8
204,52,2013-01-01 ,1
205,52,,2
206,52,2013-12-31 ,8
207,52,,16
208,52,,32
209,52,,64
210,52,,2048
211,53,2013-01-01 ,1
212,53,2022-12-01 ,8
213,54,2013-01-01 ,1
214,54,2015-11-01 ,2
215,54,2022-12-01 ,8
216,55,2013-01-01 ,1
217,55,2022-12-01 ,8
218,56,2013-01-01 ,1
219,56,,2
220,56,2013-12-31 ,8
221,56,,16
222,56,,32
223,56,,64
224,56,,2048
225,57,2013-01-01 ,1
226,57,2015-12-31 ,8
227,58,2013-01-01 ,1
228,58,2015-12-31 ,8
229,59,2013-01-01 ,1
230,59,,2
231,59,2015-12-31 ,8
232,59,,16
233,59,,32
234,59,,64
235,59,,2048
236,60,2013-01-01 ,1
237,60,2015-12-31 ,8
238,61,2013-01-01 ,1
239,61,2013-12-31 ,8
240,62,2013-01-01 ,1
241,62,2013-12-31 ,8
242,63,2013-01-01 ,1
243,63,2015-12-31 ,8
244,64,2013-01-01 ,1
245,64,2013-12-31 ,8
246,65,2013-01-01 ,1
247,65,2013-01-01 ,2
248,65,2017-01-02 ,8
249,66,2013-01-01 ,1
250,66,,2
251,66,2014-12-31 ,8
252,66,,16
253,66,,32
254,66,,64
255,66,,2048
256,67,2013-01-01 ,1
257,67,,2
258,67,2015-12-31 ,8
259,67,,16
260,67,,32
261,67,,64
262,67,,2048
263,68,2013-01-01 ,1
264,68,,2
265,68,2013-12-31 ,8
266,68,,16
267,68,,32
268,68,,64
269,68,,2048
270,69,2013-01-01 ,1
271,69,2013-12-31 ,8
272,70,2013-01-01 ,1
273,70,2013-12-31 ,8
274,71,2013-01-01 ,1
275,71,2013-12-31 ,8
276,72,2013-01-01 ,1
277,72,2014-12-31 ,8
278,73,2013-01-01 ,1
279,73,2015-12-31 ,8
280,74,2013-01-01 ,1
281,74,2016-12-31 ,8
282,75,2013-01-01 ,1
283,75,2013-12-31 ,8
284,76,2013-01-01 ,1
285,76,2015-12-31 ,8
286,77,2013-01-01 ,1
287,77,2013-12-31 ,8
288,78,2013-01-01 ,1
289,78,2013-12-31 ,8
290,79,2013-01-01 ,1
291,79,2016-12-31 ,8
292,80,2013-01-01 ,1
293,80,,2
294,80,2013-12-31 ,8
295,80,,16
296,80,,32
297,80,,64
298,80,,2048
299,81,2013-01-01 ,1
300,81,2013-01-01 ,2
301,81,2017-12-31 ,8
302,81,2009-09-09 ,16
303,81,2013-04-15 ,32
304,81,2009-05-01 ,64
305,81,2009-02-02 ,128
306,81,2014-09-15 ,512
307,81,2015-11-20 ,1024
308,82,2013-01-01 ,1
309,82,2015-12-31 ,8
310,83,2013-01-01 ,1
311,83,2014-01-01 ,2
312,83,2019-12-01 ,8
313,83,2016-08-01 ,16
314,83,2017-12-01 ,32
315,83,2014-08-01 ,128
316,83,2019-12-24 ,2048
317,84,2013-01-01 ,1
318,84,2014-12-31 ,8
319,85,2013-01-01 ,1
320,85,2013-12-31 ,8
321,86,2013-01-01 ,1
322,86,2014-12-31 ,8
323,87,2013-01-01 ,1
324,87,,2
325,87,2014-12-31 ,8
326,87,,16
327,87,,32
328,87,,64
329,87,,2048
330,88,2013-01-01 ,1
331,88,2014-12-31 ,8
332,89,2013-01-01 ,1
333,89,2015-12-31 ,8
334,90,2013-01-01 ,1
335,90,2014-12-31 ,8
336,91,2013-01-01 ,1
337,91,2015-12-31 ,8
338,92,2013-01-01 ,1
339,92,2014-12-31 ,8
340,93,2013-01-01 ,1
341,93,2013-01-01 ,2
342,93,2018-12-31 ,8
343,93,2019-01-04 ,2048
344,94,2013-01-01 ,1
345,94,2013-01-01 ,2
346,94,2013-01-01 ,4
347,94,2018-12-31 ,8
348,94,,16
349,94,,32
350,94,,64
351,94,,128
352,94,,512
353,94,2019-01-04 ,2048
354,95,2013-01-01 ,1
355,95,2015-12-31 ,8
356,96,2013-01-01 ,1
357,96,2014-01-01 ,8
358,97,2013-01-01 ,1
359,97,2015-12-31 ,8
360,98,2013-01-01 ,1
361,98,2013-12-31 ,8
362,99,2013-01-01 ,1
363,99,2016-12-31 ,8
364,100,2013-01-01 ,1
365,100,2015-12-31 ,8
366,101,2013-01-01 ,1
367,101,2015-12-31 ,8
368,102,2013-01-01 ,1
369,102,2014-12-31 ,8
370,103,2013-01-01 ,1
371,103,2015-12-31 ,8
372,104,2013-01-01 ,1
373,104,2016-12-31 ,8
374,105,2013-01-01 ,1
375,105,2013-12-31 ,8
376,106,2013-01-01 ,1
377,106,2015-12-31 ,8
378,107,2013-01-01 ,1
379,107,2015-12-31 ,8
380,108,2013-01-01 ,1
381,108,2014-12-31 ,8
382,109,2013-01-01 ,1
383,109,2013-12-31 ,8
384,110,2013-01-01 ,1
385,110,2013-12-31 ,8
386,111,2013-01-01 ,1
387,111,2013-12-31 ,8
388,112,2013-01-01 ,1
389,112,2015-12-31 ,8
390,113,2013-01-01 ,1
391,113,2014-12-31 ,8
392,114,2013-01-01 ,1
393,114,2014-12-31 ,8
394,115,2013-01-01 ,1
395,115,2013-01-01 ,2
396,115,2010-12-16 ,4
397,115,2017-12-31 ,8
398,115,2012-04-12 ,16
399,115,2014-12-01 ,32
400,115,2011-06-08 ,128
401,115,2017-03-01 ,256
402,115,2017-03-01 ,512
403,116,2013-01-01 ,1
404,116,2013-12-31 ,8
405,117,2013-01-01 ,1
406,117,2013-12-31 ,8
407,118,2013-01-01 ,1
408,118,2015-01-01 ,2
409,118,2011-11-05 ,4
410,118,2018-12-31 ,8
411,118,2014-04-01 ,16
412,118,2017-02-01 ,32
413,118,2013-01-18 ,64
414,118,2012-09-15 ,128
415,118,2017-05-01 ,256
416,118,2019-01-04 ,2048
417,119,2013-01-01 ,1
418,119,,2
419,119,2015-12-31 ,8
420,119,,16
421,119,,32
422,119,,64
423,119,,2048
424,120,2013-01-01 ,1
425,120,,2
426,120,2014-12-31 ,8
427,120,,16
428,120,,32
429,120,,64
430,120,,2048
431,121,2013-01-01 ,1
432,121,2016-01-31 ,8
433,122,2013-01-01 ,1
434,122,2014-12-31 ,8
435,123,2013-01-01 ,1
436,123,2018-12-31 ,8
437,123,2019-01-04 ,2048
438,124,2013-01-01 ,1
439,124,2015-12-31 ,8
440,125,2013-01-01 ,1
441,125,2013-12-31 ,8
442,126,2013-01-01 ,1
443,126,2013-12-31 ,8
444,127,2013-01-01 ,1
445,127,2013-12-31 ,8
446,128,2013-01-01 ,1
447,128,2013-12-31 ,8
448,129,2013-01-01 ,1
449,129,2013-12-31 ,8
450,130,2013-01-01 ,1
451,130,2013-01-01 ,2
452,130,2019-12-31 ,8
453,130,2014-06-04 ,16
454,130,2013-07-05 ,64
455,130,2013-05-15 ,128
456,130,2016-01-05 ,256
457,130,2020-03-03 ,2048
458,131,2013-01-01 ,1
459,131,2014-12-31 ,8
460,132,2013-01-01 ,1
461,132,2015-12-31 ,8
462,133,2013-01-01 ,1
463,133,2013-12-31 ,8
464,134,2013-01-01 ,1
465,134,2013-12-31 ,8
466,135,2013-01-01 ,1
467,135,2015-12-31 ,8
468,136,2013-01-01 ,1
469,136,2013-03-01 ,2
470,136,2018-12-31 ,8
471,136,2014-08-04 ,16
472,136,2016-08-18 ,32
473,136,2013-01-01 ,64
474,136,2013-01-20 ,128
475,136,2016-03-21 ,256
476,136,2016-03-21 ,512
477,136,2019-01-04 ,2048
478,137,2013-01-01 ,1
479,137,2014-12-31 ,8
480,138,2013-01-01 ,1
481,138,,2
482,138,2014-12-31 ,8
483,138,,16
484,138,,32
485,138,,64
486,138,,2048
487,139,2013-01-01 ,1
488,139,2013-12-31 ,8
489,140,2013-01-01 ,1
490,140,2013-12-31 ,8
491,141,2013-01-01 ,1
492,141,2014-12-31 ,8
493,142,2013-01-01 ,1
494,142,,2
495,142,2015-12-31 ,8
496,142,,16
497,142,,32
498,142,,64
499,142,,2048
500,143,2013-01-01 ,1
501,143,2016-01-31 ,8
502,144,2013-01-01 ,1
503,144,2015-12-31 ,8
504,145,2013-01-01 ,1
505,145,2014-12-31 ,8
506,146,2013-01-01 ,1
507,146,2013-12-31 ,8
508,147,2013-01-01 ,1
509,147,2014-12-31 ,8
510,148,2013-01-01 ,1
511,148,2014-12-31 ,8
512,149,2013-01-01 ,1
513,149,2014-12-31 ,8
514,150,2013-01-01 ,1
515,150,2013-12-31 ,8
516,151,2013-01-01 ,1
517,151,2013-12-31 ,8
518,152,2013-01-01 ,1
519,152,2014-12-31 ,8
520,153,2013-01-01 ,1
521,153,2014-12-31 ,8
522,154,2013-01-01 ,1
523,154,2013-12-31 ,8
524,155,2013-01-01 ,1
525,155,2014-12-31 ,8
526,156,2013-01-01 ,1
527,156,2016-12-31 ,8
528,157,2013-01-01 ,1
529,157,2013-12-31 ,8
530,158,2013-01-01 ,1
531,158,,2
532,158,2014-12-31 ,8
533,158,,16
534,158,,32
535,158,,64
536,158,,2048
537,159,2013-01-01 ,1
538,159,,2
539,159,2015-12-31 ,8
540,159,,16
541,159,,32
542,159,,64
543,159,,2048
544,160,2013-01-01 ,1
545,160,2014-12-31 ,8
546,161,2013-01-01 ,1
547,161,,2
548,161,2014-12-31 ,8
549,161,,16
550,161,,32
551,161,,64
552,161,,2048
553,162,2013-01-01 ,1
554,162,,2
555,162,2013-12-31 ,8
556,162,,16
557,162,,32
558,162,,64
559,162,,2048
560,163,2013-01-01 ,1
561,163,2013-12-31 ,8
562,164,2013-01-01 ,1
563,164,2013-12-31 ,8
564,165,2013-01-01 ,1
565,165,,2
566,165,2014-12-31 ,8
567,165,,16
568,165,,32
569,165,,64
570,165,,2048
571,166,2013-01-01 ,1
572,166,2013-12-31 ,8
573,167,2013-01-01 ,1
574,167,2014-12-31 ,8
575,168,2013-01-01 ,1
576,168,2014-12-31 ,8
577,169,2013-01-01 ,1
578,169,2013-01-01 ,2
579,169,2017-12-31 ,8
580,169,2014-11-15 ,16
581,169,2015-12-22 ,32
582,169,2013-06-13 ,128
583,169,2016-06-07 ,256
584,169,2016-12-02 ,512
585,170,2013-01-01 ,1
586,170,2013-01-01 ,2
587,170,2018-12-31 ,8
588,170,2013-05-01 ,64
589,170,2019-01-04 ,2048
590,171,2013-01-01 ,1
591,171,,2
592,171,2015-12-31 ,8
593,171,,16
594,171,,32
595,171,,64
596,171,,2048
597,172,2013-01-01 ,1
598,172,2013-01-01 ,2
599,172,2013-12-31 ,8
600,172,,16
601,172,,32
602,172,,64
603,172,2013-12-01 ,2048
604,173,2013-01-01 ,1
605,173,,2
606,173,2015-12-31 ,8
607,173,,16
608,173,,32
609,173,,64
610,173,,2048
611,174,2013-01-01 ,1
612,174,2014-12-31 ,8
613,175,2013-01-01 ,1
614,175,2013-12-31 ,8
615,176,2013-01-01 ,1
616,176,2014-12-31 ,8
617,177,2013-01-01 ,1
618,177,2013-12-31 ,8
619,178,2013-01-01 ,1
620,178,2014-12-31 ,8
621,179,2013-01-01 ,1
622,179,2013-12-31 ,8
623,180,2013-01-01 ,1
624,180,2016-12-31 ,8
625,181,2013-01-01 ,1
626,181,2013-12-31 ,8
627,182,2013-01-01 ,1
628,182,2013-12-31 ,8
629,183,2013-01-01 ,1
630,183,2014-12-31 ,8
631,184,2013-01-01 ,1
632,184,2014-12-31 ,8
633,185,2013-01-01 ,1
634,185,2014-12-31 ,8
635,186,2013-01-01 ,1
636,186,2014-12-31 ,8
637,187,2013-01-01 ,1
638,187,2013-12-31 ,8
639,188,2013-01-01 ,1
640,188,,2
641,188,2015-12-31 ,8
642,188,,16
643,188,,32
644,188,,64
645,188,,2048
646,189,2013-01-01 ,1
647,189,2016-12-31 ,8
648,191,2013-01-01 ,1
649,191,2018-12-01 ,8
650,191,2019-01-04 ,2048
651,192,2013-01-01 ,1
652,192,2013-12-31 ,8
653,193,2013-01-01 ,1
654,193,2013-12-31 ,8
655,194,2013-01-01 ,1
656,194,2013-12-31 ,8
657,195,2013-01-01 ,1
658,195,2013-12-31 ,8
659,196,2013-01-01 ,1
660,196,2022-12-01 ,8
661,197,2013-01-01 ,1
662,197,2015-12-31 ,8
663,198,2013-01-01 ,1
664,198,2017-12-31 ,8
665,199,2013-01-01 ,1
666,199,2013-12-31 ,8
667,200,2013-01-01 ,1
668,200,2015-12-31 ,8
669,201,2013-01-01 ,1
670,201,2013-12-31 ,8
671,202,2013-01-01 ,1
672,202,2013-12-31 ,8
673,203,2013-01-01 ,1
674,203,2013-12-31 ,8
675,204,2013-01-01 ,1
676,204,2013-12-31 ,8
677,205,2013-01-01 ,1
678,205,2013-12-31 ,8
679,206,2013-01-01 ,1
680,206,2013-12-31 ,8
681,207,2013-01-01 ,1
682,207,2013-12-31 ,8
683,208,2013-01-01 ,1
684,208,2021-12-01 ,8
685,209,2014-01-01 ,1
686,209,,2
687,209,2021-12-01 ,8
688,209,,16
689,209,,32
690,209,,64
691,209,,2048
692,210,2013-01-01 ,1
693,210,2014-12-31 ,8
694,211,2013-01-01 ,1
695,211,2021-12-01 ,8
696,212,2013-01-01 ,1
697,212,2013-12-31 ,8
698,213,2013-01-01 ,1
699,213,,2
700,213,2015-12-31 ,8
701,213,,16
702,213,,32
703,213,,64
704,213,,2048
705,214,2013-01-01 ,1
706,214,,2
707,214,2014-12-31 ,8
708,214,,16
709,214,,32
710,214,,64
711,214,,2048
712,215,2013-01-01 ,1
713,215,,2
714,215,2014-12-31 ,8
715,215,,16
716,215,,32
717,215,,64
718,215,,2048
719,216,2013-01-01 ,1
720,216,2018-07-31 ,8
721,217,2013-01-01 ,1
722,217,,2
723,217,2014-12-31 ,8
724,217,,16
725,217,,32
726,217,,64
727,217,,2048
728,218,2013-01-01 ,1
729,218,,2
730,218,2013-12-31 ,8
731,218,,16
732,218,,32
733,218,,64
734,218,,2048
735,219,2013-01-01 ,1
736,219,2013-12-31 ,8
737,220,2013-01-01 ,1
738,220,2014-12-31 ,8
739,221,2013-01-01 ,1
740,221,2015-12-31 ,8
741,222,2013-01-01 ,1
742,222,2018-05-31 ,8
743,223,2013-01-01 ,1
744,223,2015-12-31 ,8
745,224,2013-01-01 ,1
746,224,,2
747,224,2022-12-01 ,8
748,224,,16
749,224,,32
750,224,,64
751,224,,2048
752,225,2013-01-01 ,1
753,225,,2
754,225,2015-12-01 ,8
755,225,,16
756,225,,32
757,225,,64
758,225,,2048
759,226,2013-01-01 ,1
760,226,,2
761,226,2014-12-31 ,8
762,226,,16
763,226,,32
764,226,,64
765,226,,2048
766,227,2013-01-01 ,1
767,227,,2
768,227,2014-12-31 ,8
769,227,,16
770,227,,32
771,227,,64
772,227,,2048
773,228,2013-01-01 ,1
774,228,2014-12-01 ,2
775,228,2014-12-31 ,8
776,228,,16
777,228,,32
778,228,,64
779,228,,2048
780,229,2013-01-01 ,1
781,229,2016-12-31 ,8
782,230,2013-01-01 ,1
783,230,2015-12-31 ,8
784,231,2013-01-01 ,1
785,231,2015-12-31 ,8
786,233,2013-01-01 ,1
787,233,2014-12-31 ,8
788,234,2013-01-01 ,1
789,234,2014-12-31 ,8
790,235,2013-01-01 ,1
791,235,2014-12-31 ,8
792,236,2013-01-01 ,1
793,236,,2
794,236,2014-12-31 ,8
795,236,,16
796,236,,32
797,236,,64
798,236,,2048
799,238,2014-01-01 ,1
800,238,2014-12-31 ,8
801,239,2014-01-01 ,1
802,239,2015-12-31 ,8
803,240,2014-01-01 ,1
804,240,2014-12-31 ,8
805,241,2014-01-01 ,1
806,241,2015-12-31 ,8
807,242,2014-01-01 ,1
808,242,2015-12-31 ,8
809,243,2014-01-01 ,1
810,243,2014-12-31 ,8
811,244,2014-01-01 ,1
812,244,2015-12-31 ,8
813,245,2013-11-22 ,1
814,245,,2
815,245,2014-12-31 ,8
816,245,,16
817,245,,32
818,245,,64
819,245,,2048
820,246,2013-10-01 ,1
821,246,,2
822,246,2014-12-31 ,8
823,246,,16
824,246,,32
825,246,,64
826,246,,2048
827,247,2013-08-01 ,1
828,247,2014-10-31 ,8
829,249,2013-11-27 ,1
830,249,2017-03-01 ,2
831,249,2019-12-31 ,8
832,249,2015-09-01 ,16
833,249,2019-12-24 ,2048
834,253,2013-12-02 ,1
835,253,2013-12-02 ,2
836,253,2011-11-05 ,4
837,253,2018-12-31 ,8
838,253,2015-11-01 ,16
839,253,2014-04-24 ,64
840,253,2012-09-15 ,128
841,253,2019-01-04 ,2048
842,254,2013-01-01 ,1
843,254,2016-12-31 ,8
844,255,2014-01-01 ,1
845,255,2015-12-31 ,8
846,256,2014-01-01 ,1
847,256,2014-01-01 ,2
848,256,2014-01-01 ,4
849,256,2017-01-02 ,8
850,256,2015-02-02 ,16
851,256,2015-02-16 ,32
852,256,2014-01-01 ,64
853,256,2014-11-24 ,128
854,256,2015-11-01 ,512
855,257,2014-01-01 ,1
856,257,,2
857,257,2016-12-31 ,8
858,257,,16
859,257,,32
860,257,,64
861,257,,2048
862,258,2013-12-01 ,1
863,258,2014-12-31 ,8
864,259,2013-12-09 ,1
865,259,2013-12-09 ,2
866,259,2013-12-10 ,4
867,259,2021-12-01 ,8
868,259,2015-11-18 ,16
869,259,2015-03-02 ,64
870,259,2014-01-30 ,128
871,260,2013-12-12 ,1
872,260,,2
873,260,2014-12-31 ,8
874,260,,16
875,260,,32
876,260,,64
877,260,,2048
878,261,2014-01-01 ,1
879,261,2014-12-31 ,8
880,271,2013-10-01 ,1
881,271,,2
882,271,2014-12-31 ,8
883,271,,16
884,271,,32
885,271,,64
886,271,,2048
887,272,2014-01-01 ,1
888,272,2014-01-01 ,2
889,272,2014-01-01 ,4
890,272,2018-12-31 ,8
891,272,2015-04-01 ,16
892,272,2017-10-01 ,32
893,272,2017-10-01 ,256
894,272,2017-12-15 ,512
895,272,2019-01-04 ,2048
896,273,2014-01-01 ,1
897,273,2015-12-31 ,8
898,279,2013-12-02 ,1
899,279,2014-12-31 ,8
900,280,2014-01-01 ,1
901,280,2014-12-31 ,8
902,281,2014-01-01 ,1
903,281,2014-12-31 ,8
904,282,2014-01-01 ,1
905,282,2014-12-31 ,8
906,283,2014-01-01 ,1
907,283,2016-12-31 ,8
908,287,2013-01-01 ,1
909,287,2015-12-31 ,8
910,288,2014-01-01 ,1
911,288,2015-12-31 ,8
912,289,2014-01-01 ,1
913,289,2014-12-31 ,8
914,290,2014-01-01 ,1
915,290,2014-12-31 ,8
916,291,2013-01-01 ,1
917,291,2013-12-31 ,8
918,293,2014-01-01 ,1
919,293,2015-12-31 ,8
920,294,2014-01-01 ,1
921,294,2014-12-31 ,8
922,295,2014-01-01 ,1
923,295,2015-12-31 ,8
924,296,2014-01-01 ,1
925,296,2014-01-20 ,2
926,296,2014-01-01 ,4
927,296,2020-12-01 ,8
928,296,2014-11-13 ,16
929,296,2017-09-19 ,32
930,296,2014-04-30 ,128
931,296,2015-10-11 ,256
932,296,2021-03-02 ,2048
933,297,2014-01-01 ,1
934,297,2015-12-31 ,8
935,298,2013-10-31 ,1
936,298,2013-12-31 ,8
937,299,2014-01-01 ,1
938,299,2015-12-31 ,8
939,300,2014-01-01 ,1
940,300,2014-12-31 ,8
941,301,2014-01-01 ,1
942,301,2014-12-31 ,8
943,303,2014-01-01 ,1
944,303,2014-12-31 ,8
945,304,2014-01-01 ,1
946,304,2014-12-31 ,8
947,305,2014-01-01 ,1
948,305,2014-12-31 ,8
949,306,2014-02-01 ,1
950,306,2014-12-31 ,8
951,307,2014-01-01 ,1
952,307,2014-12-31 ,8
953,308,2014-02-01 ,1
954,308,2015-12-31 ,8
955,309,2014-02-01 ,1
956,309,2015-12-31 ,8
957,310,2014-02-01 ,1
958,310,2014-12-31 ,8
959,311,2014-01-01 ,1
960,311,,2
961,311,2014-12-31 ,8
962,311,,16
963,311,,32
964,311,,64
965,311,,2048
966,312,2014-01-01 ,1
967,312,2014-12-31 ,8
968,313,2014-01-01 ,1
969,313,2015-12-31 ,8
970,314,2014-01-01 ,1
971,314,2014-12-31 ,8
972,315,2013-12-01 ,1
973,315,2014-12-31 ,8
974,316,2013-10-01 ,1
975,316,2013-10-01 ,2
976,316,2013-10-01 ,4
977,316,2017-12-31 ,8
978,317,2013-01-01 ,1
979,317,,2
980,317,2029-12-01 ,8
981,317,,16
982,317,,32
983,317,,64
984,317,,2048
985,318,2013-12-01 ,1
986,318,2013-12-31 ,8
987,319,2014-01-01 ,1
988,319,2015-12-31 ,8
989,320,2014-01-07 ,1
990,320,2014-12-31 ,8
991,321,2014-01-01 ,1
992,321,,2
993,321,2014-12-31 ,8
994,321,,16
995,321,,32
996,321,,64
997,321,,2048
998,322,2014-01-20 ,1
999,322,,2
1000,322,2014-03-31 ,8
1001,322,,16
1002,322,,32
1003,322,,64
1004,322,,2048
1005,323,2014-01-01 ,1
1006,323,2022-12-01 ,8
1007,324,2014-01-01 ,1
1008,324,2021-12-01 ,8
1009,325,2014-01-01 ,1
1010,325,2021-12-01 ,8
1011,326,2014-01-01 ,1
1012,326,2014-12-31 ,8
1013,328,2014-01-20 ,1
1014,328,,2
1015,328,2014-04-30 ,8
1016,328,,16
1017,328,,32
1018,328,,64
1019,328,,2048
1020,329,2014-01-29 ,1
1021,329,,2
1022,329,2014-04-30 ,8
1023,329,,16
1024,329,,32
1025,329,,64
1026,329,,2048
1027,330,2014-01-01 ,1
1028,330,2014-05-31 ,8
1029,332,2014-01-01 ,1
1030,332,,2
1031,332,2014-12-01 ,8
1032,332,,16
1033,332,,32
1034,332,,64
1035,332,,2048
1036,333,2014-01-01 ,1
1037,333,,2
1038,333,2016-12-01 ,8
1039,333,,16
1040,333,,32
1041,333,,64
1042,333,,2048
1043,334,2014-01-20 ,1
1044,334,2014-05-30 ,8
1045,335,2014-02-03 ,1
1046,335,,2
1047,335,2014-12-31 ,8
1048,335,,16
1049,335,,32
1050,335,,64
1051,335,,2048
1052,336,2014-01-01 ,1
1053,336,2015-12-31 ,8
1054,337,2014-02-15 ,1
1055,337,2014-02-01 ,2
1056,337,2014-02-01 ,4
1057,337,2014-05-31 ,8
1058,337,2014-03-01 ,16
1059,337,2014-04-01 ,32
1060,337,2014-02-01 ,64
1061,337,2014-04-01 ,256
1062,337,2014-05-01 ,512
1063,337,,2048
1064,338,2014-01-15 ,1
1065,338,,2
1066,338,2014-08-30 ,8
1067,338,,16
1068,338,,32
1069,338,,64
1070,338,,2048
1071,339,2014-03-01 ,1
1072,339,,2
1073,339,2014-08-01 ,8
1074,339,,16
1075,339,,32
1076,339,,64
1077,339,,2048
1078,340,2014-03-06 ,1
1079,340,,2
1080,340,2014-11-04 ,8
1081,340,,16
1082,340,,32
1083,340,,64
1084,340,,2048
1085,341,2014-02-01 ,1
1086,341,2014-08-01 ,8
1087,342,2014-02-01 ,1
1088,342,,2
1089,342,2015-12-31 ,8
1090,342,,16
1091,342,,32
1092,342,,64
1093,342,,2048
1094,343,2014-03-17 ,1
1095,343,,2
1096,343,2014-06-30 ,8
1097,343,,16
1098,343,,32
1099,343,,64
1100,343,,2048
1101,344,2014-04-01 ,1
1102,344,2014-12-31 ,8
1103,345,2014-01-01 ,1
1104,345,2015-12-31 ,8
1105,346,2014-01-01 ,1
1106,346,2015-12-31 ,8
1107,347,2014-01-01 ,1
1108,347,2014-12-31 ,8
1109,348,2014-01-01 ,1
1110,348,2015-12-31 ,8
1111,349,2014-01-01 ,1
1112,349,2015-12-31 ,8
1113,350,2014-01-01 ,1
1114,350,2015-12-31 ,8
1115,351,2014-05-01 ,1
1116,351,2014-12-31 ,8
1117,352,2014-01-01 ,1
1118,352,2014-12-31 ,8
1119,353,2014-04-01 ,1
1120,353,2015-12-31 ,8
1121,354,2014-04-01 ,1
1122,354,2014-12-31 ,8
1123,355,2014-04-18 ,1
1124,355,2014-12-31 ,8
1125,356,2014-06-01 ,1
1126,356,2014-12-31 ,8
1127,357,2014-04-12 ,1
1128,357,,2
1129,357,2014-12-31 ,8
1130,357,,16
1131,357,,32
1132,357,,64
1133,357,,2048
1134,358,2014-04-01 ,1
1135,358,,2
1136,358,2014-12-31 ,8
1137,358,,16
1138,358,,32
1139,358,,64
1140,358,,2048
1141,359,2014-01-01 ,1
1142,359,2014-01-01 ,2
1143,359,2017-12-31 ,8
1144,359,2015-04-22 ,16
1145,359,2017-02-28 ,32
1146,359,2013-01-01 ,64
1147,359,2014-08-01 ,128
1148,360,2014-01-01 ,1
1149,360,2014-01-01 ,2
1150,360,2014-01-01 ,4
1151,360,2017-12-31 ,8
1152,360,2015-04-15 ,16
1153,360,2017-01-17 ,32
1154,360,2013-01-01 ,64
1155,361,2014-04-01 ,1
1156,361,2014-01-20 ,2
1157,361,2014-04-01 ,4
1158,361,2020-12-01 ,8
1159,361,2015-08-03 ,16
1160,361,2014-04-30 ,128
1161,361,2016-06-07 ,256
1162,361,2021-03-02 ,2048
1163,362,2014-04-01 ,1
1164,362,,2
1165,362,2014-08-31 ,8
1166,362,,16
1167,362,,32
1168,362,,64
1169,362,,2048
1170,363,2015-01-01 ,1
1171,363,2018-12-31 ,8
1172,363,2018-10-25 ,2048
1173,364,2014-05-21 ,1
1174,364,2014-08-31 ,8
1175,365,2014-05-01 ,1
1176,365,,2
1177,365,2014-12-31 ,8
1178,365,,16
1179,365,,32
1180,365,,64
1181,365,,2048
1182,366,2014-01-01 ,1
1183,366,2015-05-31 ,8
1184,367,2014-06-11 ,1
1185,367,2014-12-31 ,8
1186,368,2014-06-11 ,1
1187,368,2015-12-31 ,8
1188,369,2014-05-31 ,1
1189,369,2014-05-31 ,2
1190,369,2014-05-31 ,4
1191,369,2017-12-31 ,8
1192,369,2015-03-16 ,16
1193,369,2016-06-17 ,32
1194,369,2014-09-23 ,128
1195,370,2014-05-01 ,1
1196,370,2015-12-31 ,8
1197,371,2014-06-01 ,1
1198,371,2014-12-31 ,8
1199,372,2014-05-01 ,1
1200,372,2015-12-31 ,8
1201,373,2014-01-01 ,1
1202,373,2014-07-31 ,8
1203,374,2014-07-01 ,1
1204,374,,2
1205,374,2015-12-31 ,8
1206,374,,16
1207,374,,32
1208,374,,64
1209,374,,2048
1210,375,2014-06-01 ,1
1211,375,2015-12-31 ,8
1212,376,2014-01-01 ,1
1213,376,2014-07-31 ,8
1214,377,2014-07-01 ,1
1215,377,2014-12-31 ,8
1216,378,2014-07-01 ,1
1217,378,2014-12-31 ,8
1218,379,2014-08-01 ,1
1219,379,2014-12-31 ,8
1220,380,2014-08-01 ,1
1221,380,2015-12-31 ,8
1222,381,2014-07-01 ,1
1223,381,2015-12-31 ,8
1224,382,2014-01-01 ,1
1225,382,2014-01-01 ,2
1226,382,2014-02-01 ,4
1227,382,2014-12-31 ,8
1228,382,,16
1229,382,,32
1230,382,2014-01-01 ,64
1231,382,2014-03-01 ,128
1232,382,,2048
1233,383,2014-01-01 ,1
1234,383,2014-12-31 ,8
1235,384,2014-01-01 ,1
1236,384,,2
1237,384,2014-12-31 ,8
1238,384,,16
1239,384,,32
1240,384,,64
1241,384,,2048
1242,385,2014-09-01 ,1
1243,385,2014-12-31 ,8
1244,386,2014-10-01 ,1
1245,386,2015-12-31 ,8
1246,388,2014-10-01 ,1
1247,388,2015-12-31 ,8
1248,389,2014-09-01 ,1
1249,389,2014-12-31 ,8
1250,390,2014-09-01 ,1
1251,390,2015-12-31 ,8
1252,391,2014-10-01 ,1
1253,391,2015-05-31 ,8
1254,392,2014-09-15 ,1
1255,392,,2
1256,392,2014-12-31 ,8
1257,392,,16
1258,392,,32
1259,392,,64
1260,392,,2048
1261,393,2014-10-01 ,1
1262,393,2015-12-31 ,8
1263,394,2014-10-01 ,1
1264,394,2015-01-31 ,8
1265,395,2014-10-10 ,1
1266,395,,2
1267,395,2014-12-31 ,8
1268,395,,16
1269,395,,32
1270,395,,64
1271,395,,2048
1272,396,2014-10-16 ,1
1273,396,2015-12-31 ,8
1274,397,2014-10-01 ,1
1275,397,2014-12-31 ,8
1276,398,2014-10-22 ,1
1277,398,2014-12-31 ,8
1278,399,2014-10-01 ,1
1279,399,,2
1280,399,2014-12-31 ,8
1281,399,,16
1282,399,,32
1283,399,,64
1284,399,,2048
1285,400,2014-10-27 ,1
1286,400,2015-03-31 ,8
1287,401,2014-10-28 ,1
1288,401,2014-10-28 ,2
1289,401,2019-12-31 ,8
1290,401,2016-03-01 ,16
1291,401,2019-01-01 ,32
1292,401,,64
1293,401,2014-03-14 ,128
1294,401,2016-10-21 ,256
1295,401,2019-09-01 ,512
1296,401,2019-09-01 ,1024
1297,401,2019-12-24 ,2048
1298,402,2014-11-01 ,1
1299,402,2014-12-31 ,8
1300,403,2015-01-01 ,1
1301,403,2016-12-31 ,8
1302,404,2015-01-01 ,1
1303,404,2016-12-31 ,8
1304,405,2015-01-01 ,1
1305,405,2016-12-31 ,8
1306,406,2015-01-01 ,1
1307,406,2015-03-01 ,2
1308,406,2017-12-31 ,8
1309,406,2017-04-01 ,128
1310,407,2015-01-01 ,1
1311,407,2016-12-31 ,8
1312,408,2015-01-01 ,1
1313,408,2016-12-31 ,8
1314,409,2015-01-01 ,1
1315,409,2016-12-31 ,8
1316,410,2015-01-01 ,1
1317,410,2016-12-31 ,8
1318,411,2015-01-01 ,1
1319,411,2015-03-01 ,2
1320,411,2018-12-31 ,8
1321,411,2016-01-01 ,16
1322,411,2015-06-01 ,128
1323,411,2019-01-04 ,2048
1324,412,2014-11-01 ,1
1325,412,2015-01-31 ,8
1326,413,2014-10-01 ,1
1327,413,2018-12-31 ,8
1328,413,2019-01-04 ,2048
1329,414,2014-10-01 ,1
1330,414,2015-12-31 ,8
1331,415,2014-10-01 ,1
1332,415,2015-04-30 ,8
1333,416,2014-10-01 ,1
1334,416,2015-04-30 ,8
1335,417,2014-09-01 ,1
1336,417,2015-10-01 ,8
1337,418,2014-09-01 ,1
1338,418,2015-07-31 ,8
1339,419,2014-11-01 ,1
1340,419,2015-03-31 ,8
1341,420,2014-11-01 ,1
1342,420,2015-04-30 ,8
1343,421,2014-11-01 ,1
1344,421,2015-05-31 ,8
1345,422,2014-11-01 ,1
1346,422,2014-11-30 ,8
1347,423,2015-07-01 ,1
1348,423,,2
1349,423,2015-12-31 ,8
1350,423,,16
1351,423,,32
1352,423,,64
1353,423,,2048
1354,424,2015-01-01 ,1
1355,424,2016-12-31 ,8
1356,425,2014-01-01 ,1
1357,425,2016-12-31 ,8
1358,426,2015-01-01 ,1
1359,426,2015-12-31 ,8
1360,427,2015-01-01 ,1
1361,427,2015-01-01 ,2
1362,427,2015-01-01 ,4
1363,427,2021-08-01 ,8
1364,427,2016-02-20 ,16
1365,427,2017-08-31 ,32
1366,427,2015-08-05 ,128
1367,427,2017-10-10 ,256
1368,427,2021-05-11 ,2048
1369,428,2015-01-01 ,1
1370,428,2015-12-31 ,8
1371,429,2015-03-01 ,1
1372,429,2015-03-01 ,2
1373,429,2020-07-01 ,8
1374,429,2016-08-08 ,16
1375,429,2015-05-03 ,128
1376,429,2020-05-25 ,2048
1377,430,2015-01-01 ,1
1378,430,2015-12-31 ,8
1379,431,2015-01-01 ,1
1380,431,2015-12-31 ,8
1381,432,2015-01-01 ,1
1382,432,2015-12-31 ,8
1383,433,2015-01-01 ,1
1384,433,2015-12-31 ,8
1385,434,2015-01-01 ,1
1386,434,2015-12-31 ,8
1387,435,2014-11-01 ,1
1388,435,2015-12-31 ,8
1389,436,2015-01-01 ,1
1390,436,2015-12-31 ,8
1391,438,2015-01-01 ,1
1392,438,2022-12-01 ,8
1393,439,2015-01-01 ,1
1394,439,2015-02-01 ,2
1395,439,2017-01-02 ,8
1396,439,2015-01-01 ,16
1397,439,2017-01-02 ,32
1398,440,2015-01-01 ,1
1399,440,2022-12-01 ,8
1400,441,2014-01-01 ,1
1401,441,2015-12-31 ,8
1402,442,2015-01-08 ,1
1403,442,2015-01-31 ,8
1404,443,2015-01-06 ,1
1405,443,2015-01-06 ,2
1406,443,2017-12-31 ,8
1407,443,2015-03-13 ,16
1408,443,2015-09-15 ,32
1409,443,2015-01-13 ,128
1410,443,2015-03-31 ,256
1411,443,2016-07-28 ,512
1412,443,2017-02-10 ,1024
1413,443,2017-05-17 ,2048
1414,444,2014-12-15 ,1
1415,444,2015-06-30 ,8
1416,445,2015-01-01 ,1
1417,445,,2
1418,445,2015-08-01 ,8
1419,445,,16
1420,445,,32
1421,445,,64
1422,445,2020-12-18 ,2048
1423,446,2015-01-01 ,1
1424,446,2016-12-31 ,8
1425,447,2015-01-01 ,1
1426,447,2015-01-01 ,2
1427,447,2017-02-28 ,8
1428,447,2015-05-20 ,16
1429,447,2016-05-17 ,32
1430,447,2016-05-26 ,64
1431,447,2015-03-10 ,128
1432,448,2015-01-01 ,1
1433,448,2015-12-31 ,8
1434,449,2015-01-01 ,1
1435,449,2016-01-31 ,8
1436,450,2015-01-01 ,1
1437,450,2015-12-31 ,8
1438,451,2015-01-01 ,1
1439,451,2015-12-31 ,8
1440,453,2015-01-01 ,1
1441,453,2015-12-31 ,8
1442,454,2013-10-01 ,1
1443,454,2014-03-31 ,8
1444,455,2015-01-01 ,1
1445,455,2015-12-31 ,8
1446,456,2015-02-01 ,1
1447,456,2015-12-31 ,8
1448,457,2015-01-01 ,1
1449,457,2018-12-31 ,8
1450,457,2019-01-04 ,2048
1451,458,2015-01-01 ,1
1452,458,2015-07-31 ,8
1453,459,2014-11-01 ,1
1454,459,2015-12-31 ,8
1455,460,2015-01-01 ,1
1456,460,2015-12-31 ,8
1457,461,2015-01-01 ,1
1458,461,2015-03-01 ,2
1459,461,2018-12-31 ,8
1460,461,2015-09-01 ,16
1461,461,,32
1462,461,,64
1463,461,2015-06-01 ,128
1464,461,2018-01-01 ,256
1465,461,2018-05-01 ,512
1466,461,2018-06-01 ,1024
1467,461,,2048
1468,462,2015-02-01 ,1
1469,462,,2
1470,462,2018-12-31 ,8
1471,462,,16
1472,462,,32
1473,462,,64
1474,462,2019-01-04 ,2048
1475,463,2013-01-01 ,1
1476,463,2020-12-31 ,8
1477,464,2013-01-01 ,1
1478,464,2021-12-01 ,8
1479,465,2013-01-01 ,1
1480,465,2020-12-31 ,8
1481,466,2013-01-01 ,1
1482,466,2021-12-01 ,8
1483,467,2015-04-01 ,1
1484,467,2015-12-31 ,8
1485,468,2014-01-01 ,1
1486,468,2014-01-31 ,8
1487,469,2016-02-01 ,1
1488,469,2016-08-31 ,8
1489,470,2015-02-01 ,1
1490,470,2015-06-30 ,8
1491,471,2015-03-01 ,1
1492,471,2015-12-31 ,8
1493,472,2015-03-01 ,1
1494,472,,2
1495,472,2015-12-31 ,8
1496,472,,16
1497,472,,32
1498,472,,64
1499,472,,2048
1500,473,2015-01-01 ,1
1501,473,2015-12-31 ,8
1502,474,2015-03-01 ,1
1503,474,,2
1504,474,2015-06-30 ,8
1505,474,,16
1506,474,,32
1507,474,,64
1508,474,2015-07-01 ,2048
1509,475,2015-02-01 ,1
1510,475,,2
1511,475,2016-12-31 ,8
1512,475,,16
1513,475,,32
1514,475,,64
1515,475,,2048
1516,476,2015-01-01 ,1
1517,476,2015-12-31 ,8
1518,477,2015-02-01 ,1
1519,477,,2
1520,477,2015-04-30 ,8
1521,477,,16
1522,477,,32
1523,477,,64
1524,477,,2048
1525,478,2015-03-01 ,1
1526,478,2016-04-30 ,8
1527,479,2015-03-23 ,1
1528,479,,2
1529,479,2015-12-31 ,8
1530,479,,16
1531,479,,32
1532,479,,64
1533,479,,2048
1534,480,2015-02-16 ,1
1535,480,,2
1536,480,2017-12-31 ,8
1537,480,,16
1538,480,,32
1539,480,,64
1540,480,,2048
1541,481,2015-01-01 ,1
1542,481,,2
1543,481,2015-12-01 ,8
1544,481,,16
1545,481,,32
1546,481,,64
1547,481,,2048
1548,482,2015-04-01 ,1
1549,482,2015-04-01 ,2
1550,482,2020-06-01 ,8
1551,482,2015-09-10 ,128
1552,482,2020-12-29 ,2048
1553,483,2015-04-01 ,1
1554,483,,2
1555,483,2015-12-31 ,8
1556,483,,16
1557,483,,32
1558,483,,64
1559,483,,2048
1560,484,2015-02-01 ,1
1561,484,2015-12-31 ,8
1562,485,2015-04-15 ,1
1563,485,2015-04-01 ,2
1564,485,2015-12-31 ,8
1565,485,,16
1566,485,,32
1567,485,2015-04-01 ,64
1568,485,,512
1569,485,,2048
1570,486,2015-04-15 ,1
1571,486,2015-12-31 ,8
1572,487,2015-05-01 ,1
1573,487,,2
1574,487,2015-12-01 ,8
1575,487,,16
1576,487,,32
1577,487,,64
1578,487,,2048
1579,488,2015-04-22 ,1
1580,488,2015-04-22 ,2
1581,488,2017-02-28 ,8
1582,488,2015-07-04 ,16
1583,488,2016-07-03 ,32
1584,488,2015-06-22 ,128
1585,488,2015-10-21 ,256
1586,488,2017-05-26 ,512
1587,488,2017-12-31 ,2048
1588,489,2015-01-01 ,1
1589,489,2015-01-01 ,2
1590,489,2017-12-31 ,8
1591,490,2015-01-01 ,1
1592,490,2022-01-01 ,8
1593,491,2015-04-01 ,1
1594,491,2016-12-31 ,8
1595,492,2015-01-01 ,1
1596,492,2015-01-01 ,2
1597,492,2015-01-01 ,4
1598,492,2017-12-31 ,8
1599,492,2013-08-01 ,16
1600,492,2017-07-01 ,32
1601,492,2015-01-01 ,64
1602,492,2015-05-01 ,128
1603,492,2017-10-01 ,512
1604,492,2017-12-01 ,2048
1605,493,2015-01-01 ,1
1606,493,2015-01-01 ,2
1607,493,2020-08-01 ,8
1608,493,2015-04-01 ,16
1609,493,2015-04-30 ,128
1610,493,2020-12-18 ,2048
1611,494,2015-01-01 ,1
1612,494,2015-01-01 ,2
1613,494,2015-01-01 ,4
1614,494,2017-12-31 ,8
1615,494,2014-06-01 ,16
1616,494,2015-08-24 ,32
1617,494,2015-07-18 ,256
1618,495,2015-01-01 ,1
1619,495,2015-01-01 ,2
1620,495,2022-06-01 ,8
1621,495,2017-02-20 ,16
1622,495,2015-05-02 ,64
1623,496,2015-01-01 ,1
1624,496,2015-12-31 ,8
1625,497,2015-01-01 ,1
1626,497,2015-01-01 ,2
1627,497,2015-01-01 ,4
1628,497,2017-12-31 ,8
1629,497,2013-08-01 ,16
1630,497,2017-06-01 ,32
1631,497,2015-01-01 ,128
1632,497,2015-05-19 ,256
1633,498,2015-01-01 ,1
1634,498,2015-01-01 ,2
1635,498,2015-01-01 ,4
1636,498,2017-12-31 ,8
1637,498,2016-05-26 ,16
1638,498,2017-03-10 ,32
1639,498,2015-10-20 ,128
1640,498,2017-03-08 ,256
1641,499,2015-05-01 ,1
1642,499,2017-12-31 ,8
1643,500,2015-05-01 ,1
1644,500,2015-05-01 ,2
1645,500,2017-12-31 ,8
1646,500,2015-07-22 ,16
1647,500,2015-07-31 ,32
1648,500,2015-07-15 ,64
1649,500,2015-05-26 ,128
1650,500,2017-08-18 ,512
1651,501,2015-05-15 ,1
1652,501,2015-08-31 ,8
1653,502,2015-03-01 ,1
1654,502,,2
1655,502,2015-11-30 ,8
1656,502,,16
1657,502,,32
1658,502,,64
1659,502,,2048
1660,503,2015-02-01 ,1
1661,503,2018-12-31 ,8
1662,503,2018-10-25 ,2048
1663,504,2015-01-01 ,1
1664,504,2016-12-31 ,8
1665,505,2014-09-01 ,1
1666,505,2015-12-31 ,8
1667,506,2015-03-01 ,1
1668,506,2016-12-31 ,8
1669,507,2015-06-01 ,1
1670,507,2016-12-31 ,8
1671,508,2014-05-01 ,1
1672,508,2014-08-06 ,8
1673,508,2021-01-28 ,2048
1674,510,2015-06-01 ,1
1675,510,2015-12-31 ,8
1676,511,2015-06-01 ,1
1677,511,2015-06-01 ,2
1678,511,2019-12-01 ,8
1679,511,2016-05-22 ,16
1680,511,2017-04-17 ,32
1681,511,2015-08-10 ,128
1682,511,2016-11-16 ,256
1683,511,2017-07-27 ,512
1684,511,2020-03-03 ,2048
1685,512,2015-01-01 ,1
1686,512,2015-12-31 ,8
1687,513,2015-09-01 ,1
1688,513,2015-09-01 ,2
1689,513,2015-09-01 ,4
1690,513,2018-12-31 ,8
1691,513,2016-04-01 ,16
1692,513,2017-04-01 ,32
1693,513,2016-01-18 ,128
1694,513,2017-07-01 ,256
1695,513,2019-01-04 ,2048
1696,514,2015-09-01 ,1
1697,514,2015-12-31 ,8
1698,515,2015-06-01 ,1
1699,515,2015-12-31 ,8
1700,516,2015-06-01 ,1
1701,516,2015-12-31 ,8
1702,517,2015-06-01 ,1
1703,517,2015-06-01 ,2
1704,517,2015-06-01 ,4
1705,517,2019-04-01 ,8
1706,517,2015-12-15 ,16
1707,517,2016-02-05 ,32
1708,517,2015-11-15 ,128
1709,517,2016-03-03 ,256
1710,517,2016-04-10 ,512
1711,517,2019-12-12 ,2048
1712,518,2015-01-01 ,1
1713,518,2016-12-31 ,8
1714,519,2015-06-01 ,1
1715,519,2016-12-31 ,8
1716,520,2015-05-01 ,1
1717,520,2015-12-31 ,8
1718,521,2015-07-15 ,1
1719,521,2015-08-31 ,8
1720,522,2015-07-13 ,1
1721,522,2018-12-31 ,8
1722,522,2016-09-01 ,16
1723,522,2016-11-30 ,32
1724,522,2015-10-01 ,128
1725,522,2016-12-08 ,256
1726,522,2017-01-15 ,512
1727,522,2019-01-04 ,2048
1728,523,2015-07-07 ,1
1729,523,2016-03-31 ,8
1730,524,2015-07-07 ,1
1731,524,2015-07-07 ,2
1732,524,2017-03-31 ,8
1733,524,2015-09-23 ,16
1734,524,2015-12-30 ,32
1735,524,2016-03-26 ,64
1736,524,2015-07-26 ,128
1737,524,2016-01-18 ,256
1738,524,2016-12-22 ,512
1739,524,2016-12-31 ,2048
1740,525,2015-07-15 ,1
1741,525,2015-12-31 ,8
1742,526,2015-07-09 ,1
1743,526,2016-12-31 ,8
1744,527,2015-07-06 ,1
1745,527,2016-06-30 ,8
1746,528,2015-08-01 ,1
1747,528,2022-12-01 ,8
1748,528,2019-03-12 ,2048
1749,529,2015-07-01 ,1
1750,529,2015-07-01 ,2
1751,529,2015-07-01 ,4
1752,529,2015-10-31 ,8
1753,529,2015-08-01 ,16
1754,529,2015-09-01 ,32
1755,529,2015-07-01 ,64
1756,529,2015-09-01 ,256
1757,529,,512
1758,529,2015-09-01 ,2048
1759,530,2015-08-20 ,1
1760,530,,2
1761,530,2017-02-28 ,8
1762,530,,16
1763,530,,32
1764,530,,64
1765,530,,2048
1766,531,2015-09-01 ,1
1767,531,,2
1768,531,2015-12-31 ,8
1769,531,,16
1770,531,,32
1771,531,,64
1772,531,,2048
1773,532,2015-07-01 ,1
1774,532,2015-07-01 ,2
1775,532,2015-08-01 ,4
1776,532,2017-03-31 ,8
1777,532,2016-02-01 ,16
1778,532,2016-03-01 ,32
1779,532,2015-11-15 ,128
1780,532,2016-05-01 ,256
1781,532,2016-09-01 ,512
1782,532,2016-09-01 ,2048
1783,533,2015-09-04 ,1
1784,533,,2
1785,533,2015-10-31 ,8
1786,533,,16
1787,533,,32
1788,533,,64
1789,533,,2048
1790,534,2015-06-01 ,1
1791,534,2015-03-01 ,2
1792,534,2018-12-31 ,8
1793,534,2019-01-04 ,2048
1794,535,2015-09-14 ,1
1795,535,,2
1796,535,2016-02-29 ,8
1797,535,,16
1798,535,,32
1799,535,,64
1800,535,,2048
1801,536,2015-09-01 ,1
1802,536,2016-10-01 ,8
1803,537,2015-09-01 ,1
1804,537,2015-12-31 ,8
1805,538,2015-09-01 ,1
1806,538,,2
1807,538,2015-11-30 ,8
1808,538,,16
1809,538,,32
1810,538,,64
1811,538,,2048
1812,539,2015-10-01 ,1
1813,539,,2
1814,539,2015-12-31 ,8
1815,539,,16
1816,539,,32
1817,539,,64
1818,539,,2048
1819,540,2015-10-01 ,1
1820,540,2015-10-01 ,2
1821,540,2015-10-01 ,4
1822,540,2017-10-31 ,8
1823,541,2015-09-30 ,1
1824,541,2015-09-30 ,2
1825,541,2015-09-30 ,4
1826,541,2017-06-30 ,8
1827,541,2015-12-26 ,16
1828,541,2017-02-15 ,32
1829,541,2015-12-04 ,64
1830,541,2015-11-18 ,128
1831,541,2016-02-08 ,256
1832,541,2017-04-07 ,512
1833,541,2017-06-30 ,2048
1834,542,2015-01-01 ,1
1835,542,,2
1836,542,2016-12-31 ,8
1837,542,,16
1838,542,,32
1839,542,,64
1840,542,,2048
1841,543,2015-09-29 ,1
1842,543,2015-11-30 ,8
1843,544,2015-10-05 ,1
1844,544,2016-12-31 ,8
1845,545,2015-10-01 ,1
1846,545,2015-12-31 ,8
1847,546,2015-09-25 ,1
1848,546,2015-12-31 ,8
1849,547,2015-09-15 ,1
1850,547,,2
1851,547,2016-12-31 ,8
1852,547,,16
1853,547,,32
1854,547,,64
1855,547,,2048
1856,548,2015-11-02 ,1
1857,548,,2
1858,548,2016-12-22 ,8
1859,548,,16
1860,548,,32
1861,548,,64
1862,548,2016-12-01 ,2048
1863,549,2016-01-04 ,1
1864,549,2016-01-04 ,2
1865,549,2021-12-01 ,8
1866,549,2017-07-01 ,16
1867,549,,32
1868,549,2016-09-26 ,64
1869,549,2016-02-26 ,128
1870,549,,2048
1871,550,2015-11-09 ,1
1872,550,2016-01-31 ,8
1873,551,2015-11-01 ,1
1874,551,2015-11-01 ,2
1875,551,2017-12-31 ,8
1876,551,2017-11-16 ,128
1877,552,2016-01-01 ,1
1878,552,2016-12-31 ,8
1879,553,2016-01-01 ,1
1880,553,2016-05-01 ,8
1881,554,2016-01-01 ,1
1882,554,2016-12-31 ,8
1883,555,2016-01-01 ,1
1884,555,2016-12-31 ,8
1885,556,2016-01-01 ,1
1886,556,2016-12-31 ,8
1887,557,2016-01-01 ,1
1888,557,2016-12-31 ,8
1889,558,2016-01-01 ,1
1890,558,2016-01-01 ,2
1891,558,2016-01-01 ,4
1892,558,2022-12-01 ,8
1893,558,2017-02-01 ,16
1894,558,,32
1895,558,,64
1896,558,2019-12-01 ,128
1897,558,2017-11-01 ,256
1898,558,2018-08-01 ,1024
1899,558,,2048
1900,560,2016-01-01 ,1
1901,560,2016-01-01 ,2
1902,560,2019-12-01 ,8
1903,560,2016-09-01 ,16
1904,560,2017-01-15 ,32
1905,560,2016-01-01 ,64
1906,560,2016-03-01 ,128
1907,560,2017-01-01 ,256
1908,560,2018-08-01 ,512
1909,560,,1024
1910,560,2019-12-13 ,2048
1911,561,2016-01-01 ,1
1912,561,2017-12-31 ,8
1913,562,2016-01-01 ,1
1914,562,2016-01-01 ,2
1915,562,2016-02-01 ,4
1916,562,2016-12-31 ,8
1917,562,,16
1918,562,,32
1919,562,2016-02-01 ,64
1920,562,2016-12-01 ,2048
1921,563,2016-01-01 ,1
1922,563,2016-01-01 ,2
1923,563,2016-01-01 ,4
1924,563,2017-12-31 ,8
1925,563,,16
1926,563,,32
1927,563,,64
1928,563,2016-01-01 ,128
1929,563,,512
1930,563,,2048
1931,564,2016-01-01 ,1
1932,564,2022-06-01 ,8
1933,565,2016-01-01 ,1
1934,565,2017-12-31 ,8
1935,566,2015-12-01 ,1
1936,566,2015-12-31 ,8
1937,567,2015-11-24 ,1
1938,567,2015-11-01 ,2
1939,567,2015-11-01 ,4
1940,567,2015-12-31 ,8
1941,567,2015-11-01 ,16
1942,567,2015-12-01 ,32
1943,567,2015-11-01 ,64
1944,567,2015-12-01 ,2048
1945,568,2016-01-01 ,1
1946,568,2018-12-31 ,8
1947,568,2019-01-04 ,2048
1948,569,2016-01-01 ,1
1949,569,2016-01-01 ,2
1950,569,2016-01-01 ,4
1951,569,2017-12-31 ,8
1952,569,2016-06-08 ,16
1953,569,2016-08-24 ,32
1954,569,2015-10-20 ,128
1955,569,2016-07-20 ,256
1956,569,2017-02-26 ,512
1957,570,2015-11-02 ,1
1958,570,2015-11-01 ,2
1959,570,2015-11-02 ,4
1960,570,2017-06-30 ,8
1961,570,2015-12-01 ,16
1962,570,2017-05-01 ,32
1963,570,2015-11-01 ,64
1964,570,,512
1965,570,,2048
1966,571,2016-01-01 ,1
1967,571,2016-01-01 ,2
1968,571,2016-01-01 ,4
1969,571,2017-12-31 ,8
1970,571,2016-08-04 ,16
1971,571,2016-09-30 ,32
1972,571,2016-07-28 ,128
1973,571,2016-09-12 ,256
1974,571,2017-08-16 ,512
1975,572,2016-01-01 ,1
1976,572,2016-01-01 ,2
1977,572,2021-12-01 ,8
1978,573,2016-01-01 ,1
1979,573,2016-01-01 ,2
1980,573,2015-12-15 ,4
1981,573,2020-01-01 ,8
1982,573,2016-08-15 ,16
1983,573,2017-12-01 ,32
1984,573,2016-02-14 ,128
1985,573,2020-03-19 ,2048
1986,574,2016-01-01 ,1
1987,574,2021-12-01 ,8
1988,575,2015-01-01 ,1
1989,575,2021-12-01 ,8
1990,576,2016-01-01 ,1
1991,576,2022-12-01 ,8
1992,577,2016-01-01 ,1
1993,577,2016-12-31 ,8
1994,578,2016-01-01 ,1
1995,578,,2
1996,578,2021-04-01 ,8
1997,578,2016-10-04 ,16
1998,578,2017-10-30 ,32
1999,578,,64
2000,578,2018-12-01 ,2048
2001,579,2013-01-09 ,1
2002,579,2014-03-07 ,8
2003,580,2016-01-01 ,1
2004,580,2016-01-01 ,2
2005,580,2016-01-01 ,4
2006,580,2016-12-31 ,8
2007,580,2016-02-01 ,16
2008,580,2016-05-01 ,32
2009,580,2016-01-01 ,64
2010,580,2016-12-01 ,2048
2011,581,2016-01-01 ,1
2012,581,2022-12-01 ,8
2013,582,2016-01-01 ,1
2014,582,2016-01-01 ,2
2015,582,2016-01-01 ,4
2016,582,2017-12-31 ,8
2017,582,2015-09-15 ,16
2018,582,2016-12-15 ,32
2019,583,2016-01-01 ,1
2020,583,2017-01-31 ,2
2021,583,2020-06-01 ,8
2022,583,2019-12-31 ,64
2023,583,2017-02-28 ,128
2024,583,2021-01-29 ,2048
2025,584,2016-01-01 ,1
2026,584,2018-12-31 ,8
2027,584,2016-01-15 ,16
2028,584,2019-01-04 ,2048
2029,585,2016-01-01 ,1
2030,585,2017-06-01 ,2
2031,585,2017-06-01 ,4
2032,585,2018-12-01 ,8
2033,585,2018-10-30 ,2048
2034,586,2016-01-01 ,1
2035,586,2016-06-01 ,2
2036,586,2016-06-01 ,4
2037,586,2021-12-01 ,8
2038,586,2016-11-01 ,128
2039,586,2017-12-04 ,1024
2040,587,2016-01-01 ,1
2041,587,2016-12-31 ,8
2042,588,2016-01-01 ,1
2043,588,2016-09-30 ,8
2044,589,2016-01-01 ,1
2045,589,2016-03-31 ,8
2046,590,2016-01-01 ,1
2047,590,2016-01-01 ,2
2048,590,2018-12-31 ,8
2049,590,2016-01-01 ,16
2050,590,2017-03-15 ,32
2051,590,2016-01-01 ,64
2052,590,2016-01-01 ,128
2053,590,2017-08-15 ,512
2054,590,2017-08-15 ,2048
2055,591,2016-01-01 ,1
2056,591,2017-12-31 ,8
2057,592,2016-01-01 ,1
2058,592,2017-12-31 ,8
2059,592,2016-01-01 ,16
2060,592,2016-12-15 ,32
2061,592,2016-01-01 ,128
2062,592,2017-09-29 ,256
2063,592,2017-12-01 ,512
2064,592,2017-12-01 ,2048
2065,593,2016-01-01 ,1
2066,593,2016-01-01 ,8
2067,594,2016-01-01 ,1
2068,594,2016-01-01 ,2
2069,594,2016-01-01 ,4
2070,594,2020-12-01 ,8
2071,594,2016-01-01 ,128
2072,594,2021-02-02 ,2048
2073,595,2016-01-01 ,1
2074,595,2020-12-01 ,8
2075,595,2021-02-02 ,2048
2076,596,2016-01-01 ,1
2077,596,2017-12-31 ,8
2078,597,2016-01-01 ,1
2079,597,2016-01-01 ,2
2080,597,2016-01-01 ,4
2081,597,2024-01-01 ,8
2082,597,2016-01-01 ,128
2083,598,2016-01-01 ,1
2084,598,2019-12-01 ,8
2085,598,2020-03-18 ,2048
2086,599,2016-01-01 ,1
2087,599,2017-12-31 ,8
2088,600,2016-01-01 ,1
2089,600,2016-01-01 ,2
2090,600,2016-01-01 ,4
2091,600,2017-02-28 ,8
2092,600,2014-01-24 ,16
2093,600,2014-05-21 ,32
2094,600,2014-02-10 ,64
2095,600,2014-02-04 ,128
2096,600,2017-03-15 ,512
2097,601,2016-01-01 ,1
2098,601,2016-01-01 ,2
2099,601,2016-01-01 ,4
2100,601,2021-12-01 ,8
2101,601,2016-01-01 ,16
2102,601,2017-12-31 ,32
2103,602,2016-01-01 ,1
2104,602,2018-12-31 ,8
2105,602,2019-01-04 ,2048
2106,603,2016-01-01 ,1
2107,603,2016-01-01 ,2
2108,603,2023-01-01 ,8
2109,603,2016-01-01 ,16
2110,603,,32
2111,603,2016-01-01 ,64
2112,603,,2048
2113,604,2016-01-01 ,1
2114,604,2016-12-31 ,8
2115,605,2016-01-01 ,1
2116,605,2018-12-31 ,8
2117,605,2019-01-04 ,2048
2118,606,2016-01-01 ,1
2119,606,2016-12-31 ,8
2120,607,2016-01-01 ,1
2121,607,2016-12-31 ,8
2122,608,2016-01-01 ,1
2123,608,2016-12-31 ,8
2124,609,2016-01-01 ,1
2125,609,,2
2126,609,2016-12-31 ,8
2127,609,,16
2128,609,,32
2129,609,,64
2130,609,,2048
2131,610,2016-01-01 ,1
2132,610,2016-12-31 ,8
2133,611,2016-01-01 ,1
2134,611,2022-12-01 ,8
2135,612,2016-01-01 ,1
2136,612,2022-12-01 ,8
2137,613,2016-01-01 ,1
2138,613,2022-02-01 ,8
2139,614,2016-01-01 ,1
2140,614,2020-12-31 ,8
2141,615,2016-01-01 ,1
2142,615,2017-12-31 ,8
2143,615,2016-01-01 ,16
2144,615,2017-12-31 ,32
2145,616,2016-01-01 ,1
2146,616,2016-12-31 ,8
2147,617,2016-01-01 ,1
2148,617,2016-12-31 ,8
2149,618,2016-01-01 ,1
2150,618,2017-03-31 ,8
2151,619,2015-12-07 ,1
2152,619,2016-04-30 ,8
2153,620,2016-01-04 ,1
2154,620,2016-12-31 ,8
2155,621,2015-01-01 ,1
2156,621,2017-12-31 ,8
2157,622,2015-12-01 ,1
2158,622,2015-12-01 ,2
2159,622,2017-12-31 ,8
2160,622,2016-01-12 ,128
2161,622,2016-01-12 ,256
2162,622,2016-01-12 ,512
2163,622,2016-10-21 ,1024
2164,622,2017-12-31 ,2048
2165,623,2016-01-04 ,1
2166,623,2016-04-30 ,8
2167,624,2016-01-06 ,1
2168,624,,2
2169,624,2016-03-31 ,8
2170,624,,16
2171,624,,32
2172,624,,64
2173,624,,2048
2174,625,2015-10-01 ,1
2175,625,,2
2176,625,2016-01-31 ,8
2177,625,,16
2178,625,,32
2179,625,,64
2180,625,,2048
2181,626,2016-01-11 ,1
2182,626,2016-04-30 ,8
2183,627,2016-01-11 ,1
2184,627,2016-01-11 ,2
2185,627,2016-01-11 ,4
2186,627,2018-12-01 ,8
2187,627,2016-03-07 ,16
2188,627,2016-06-13 ,32
2189,627,2016-02-15 ,64
2190,627,2016-02-09 ,128
2191,627,2016-07-15 ,256
2192,627,2017-01-26 ,512
2193,627,2019-01-04 ,2048
2194,628,2016-01-01 ,1
2195,628,2016-12-31 ,8
2196,629,2016-02-04 ,1
2197,629,2018-07-31 ,8
2198,630,2016-02-01 ,1
2199,630,2016-02-01 ,2
2200,630,2018-12-31 ,8
2201,630,2019-01-04 ,2048
2202,631,2016-02-22 ,1
2203,631,2016-12-31 ,8
2204,632,2016-03-01 ,1
2205,632,2016-03-01 ,2
2206,632,2016-04-01 ,4
2207,632,2016-08-31 ,8
2208,632,2016-05-01 ,16
2209,632,2016-05-01 ,32
2210,632,2016-04-01 ,64
2211,632,2016-04-01 ,128
2212,632,2016-05-01 ,256
2213,632,,512
2214,632,2016-08-01 ,2048
2215,633,2016-03-01 ,1
2216,633,2016-06-01 ,8
2217,634,2016-03-04 ,1
2218,634,2016-03-04 ,2
2219,634,2016-03-04 ,4
2220,634,2017-12-31 ,8
2221,635,2016-04-01 ,1
2222,635,2017-12-31 ,8
2223,636,2016-10-01 ,1
2224,636,2016-12-31 ,8
2225,637,2016-04-01 ,1
2226,637,2017-01-15 ,4
2227,637,2017-12-31 ,8
2228,638,2016-03-01 ,1
2229,638,2017-12-31 ,8
2230,638,2016-04-20 ,16
2231,638,2016-04-30 ,32
2232,638,2017-04-15 ,512
2233,638,2017-07-15 ,1024
2234,639,2016-03-21 ,1
2235,639,2017-01-01 ,8
2236,639,2016-04-20 ,16
2237,639,2016-04-30 ,32
2238,639,2017-04-15 ,512
2239,639,2017-07-15 ,1024
2240,640,2015-08-01 ,1
2241,640,2015-08-01 ,2
2242,640,2015-08-01 ,4
2243,640,2017-03-31 ,8
2244,640,2016-10-24 ,16
2245,640,2017-04-30 ,32
2246,640,2013-03-06 ,128
2247,641,2016-01-01 ,1
2248,641,2016-01-01 ,2
2249,641,2016-09-19 ,4
2250,641,2018-12-31 ,8
2251,641,2017-01-28 ,16
2252,641,2017-02-23 ,32
2253,641,2018-01-28 ,64
2254,641,2016-06-06 ,128
2255,641,2017-09-30 ,512
2256,641,2018-12-19 ,2048
2257,642,2014-01-01 ,1
2258,642,2014-01-01 ,2
2259,642,2018-09-30 ,8
2260,642,2014-08-01 ,16
2261,642,2014-09-01 ,32
2262,642,2014-01-01 ,64
2263,642,2014-03-01 ,128
2264,642,2014-11-01 ,512
2265,642,,2048
2266,643,2016-04-18 ,1
2267,643,,2
2268,643,2016-12-31 ,8
2269,643,,16
2270,643,,32
2271,643,,64
2272,643,,2048
2273,644,2016-04-20 ,1
2274,644,2016-04-20 ,2
2275,644,2021-12-01 ,8
2276,644,2017-04-01 ,16
2277,644,2020-03-01 ,32
2278,644,2017-03-01 ,64
2279,644,2016-04-27 ,128
2280,644,2019-04-01 ,256
2281,644,,512
2282,644,2021-03-01 ,2048
2283,645,2016-04-20 ,1
2284,645,2016-04-20 ,2
2285,645,2018-12-31 ,8
2286,645,2016-08-01 ,16
2287,645,2016-12-02 ,32
2288,645,2017-04-04 ,64
2289,645,2016-05-19 ,128
2290,645,2016-12-22 ,256
2291,645,2017-04-03 ,512
2292,645,2017-12-31 ,2048
2293,646,2016-04-15 ,1
2294,646,,2
2295,646,2016-08-31 ,8
2296,646,,16
2297,646,,32
2298,646,,64
2299,646,,2048
2300,647,2016-04-15 ,1
2301,647,,2
2302,647,2016-12-31 ,8
2303,647,,16
2304,647,,32
2305,647,,64
2306,647,,2048
2307,648,2016-04-15 ,1
2308,648,,2
2309,648,2016-08-31 ,8
2310,648,,16
2311,648,,32
2312,648,,64
2313,648,,2048
2314,649,2014-01-01 ,1
2315,649,2014-01-01 ,2
2316,649,2018-12-31 ,8
2317,649,2014-06-01 ,128
2318,650,2016-05-04 ,1
2319,650,2016-09-30 ,8
2320,651,2016-05-01 ,1
2321,651,2016-05-01 ,2
2322,651,2017-05-01 ,8
2323,651,,16
2324,651,,32
2325,651,2016-05-01 ,64
2326,651,2016-06-01 ,128
2327,651,,512
2328,651,2017-07-01 ,2048
2329,652,2016-04-01 ,1
2330,652,2016-04-01 ,2
2331,652,2016-04-01 ,4
2332,652,2017-02-01 ,8
2333,652,2016-07-15 ,16
2334,652,2016-08-20 ,32
2335,652,2016-07-15 ,64
2336,652,2016-04-13 ,128
2337,652,2016-09-15 ,256
2338,653,2016-05-01 ,1
2339,653,2018-01-31 ,8
2340,654,2016-05-01 ,1
2341,654,,2
2342,654,2016-07-31 ,8
2343,654,,16
2344,654,,32
2345,654,,64
2346,654,,2048
2347,655,2016-03-01 ,1
2348,655,2016-03-01 ,2
2349,655,2016-03-01 ,4
2350,655,2018-12-31 ,8
2351,655,2017-10-01 ,16
2352,655,2017-11-01 ,32
2353,655,2017-03-01 ,64
2354,655,2017-02-01 ,128
2355,655,2018-01-01 ,256
2356,655,,512
2357,655,,2048
2358,656,2016-05-10 ,1
2359,656,2016-06-30 ,8
2360,657,2016-05-01 ,1
2361,657,2018-12-31 ,8
2362,658,2016-06-06 ,1
2363,658,2016-12-31 ,8
2364,659,2016-06-15 ,1
2365,659,,2
2366,659,2016-12-31 ,8
2367,659,,16
2368,659,,32
2369,659,,64
2370,659,,2048
2371,660,2016-06-15 ,1
2372,660,2016-06-01 ,2
2373,660,2016-06-01 ,4
2374,660,2016-08-15 ,8
2375,660,2016-07-01 ,16
2376,660,2016-07-01 ,32
2377,660,2016-06-01 ,64
2378,660,,512
2379,660,2016-08-01 ,2048
2380,661,2016-06-06 ,1
2381,661,2016-06-06 ,2
2382,661,2016-07-01 ,4
2383,661,2019-09-01 ,8
2384,661,2016-08-01 ,16
2385,661,2016-07-15 ,128
2386,661,2019-11-12 ,2048
2387,662,2016-06-01 ,1
2388,662,2018-05-31 ,8
2389,663,2016-01-01 ,1
2390,663,2017-01-02 ,8
2391,664,2016-04-01 ,1
2392,664,2016-06-30 ,8
2393,665,2016-06-01 ,1
2394,665,2017-12-31 ,8
2395,666,2016-06-01 ,1
2396,666,2017-12-31 ,8
2397,667,2016-01-01 ,1
2398,667,2016-12-31 ,8
2399,668,2016-01-01 ,1
2400,668,2016-01-01 ,2
2401,668,2016-01-01 ,4
2402,668,2017-12-31 ,8
2403,668,2015-02-15 ,16
2404,668,2015-08-15 ,32
2405,669,2016-09-01 ,1
2406,669,2016-09-01 ,2
2407,669,2016-09-01 ,4
2408,669,2017-12-31 ,8
2409,669,2017-02-09 ,16
2410,669,2017-03-03 ,32
2411,669,2017-03-31 ,256
2412,669,2017-06-07 ,512
2413,670,2016-07-01 ,1
2414,670,2016-07-01 ,2
2415,670,2016-07-01 ,4
2416,670,2017-12-31 ,8
2417,671,2016-07-11 ,1
2418,671,2016-11-20 ,8
2419,672,2016-07-07 ,1
2420,672,2016-07-07 ,2
2421,672,2016-07-07 ,4
2422,672,2018-12-31 ,8
2423,672,2016-07-22 ,16
2424,672,2017-11-10 ,32
2425,672,2016-07-15 ,64
2426,674,2016-07-01 ,1
2427,674,2016-07-01 ,2
2428,674,2016-12-01 ,8
2429,674,,16
2430,674,,32
2431,674,,64
2432,674,,2048
2433,675,2016-01-01 ,1
2434,675,,2
2435,675,2016-12-31 ,8
2436,675,,16
2437,675,,32
2438,675,,64
2439,675,,2048
2440,676,2016-01-01 ,1
2441,676,2022-12-01 ,8
2442,677,2016-07-01 ,1
2443,677,2016-07-18 ,2
2444,677,2016-07-18 ,4
2445,677,2022-12-01 ,8
2446,677,2016-07-18 ,128
2447,678,2016-08-01 ,1
2448,678,2016-08-01 ,4
2449,678,2018-12-31 ,8
2450,678,2016-12-01 ,16
2451,678,2017-02-06 ,32
2452,678,2017-02-15 ,256
2453,678,2017-04-20 ,512
2454,678,2017-06-01 ,1024
2455,679,2016-08-01 ,1
2456,679,2016-08-01 ,2
2457,679,2022-06-01 ,8
2458,679,2017-11-22 ,16
2459,679,2016-08-31 ,64
2460,679,2016-12-15 ,128
2461,680,2016-08-01 ,1
2462,680,2018-12-31 ,8
2463,681,2016-09-29 ,1
2464,681,2017-01-10 ,8
2465,682,2016-10-17 ,1
2466,682,2016-12-31 ,8
2467,683,2016-10-10 ,1
2468,683,2017-09-30 ,8
2469,684,2016-10-01 ,1
2470,684,2016-10-01 ,2
2471,684,2017-12-31 ,8
2472,684,2017-05-24 ,128
2473,685,2016-09-01 ,1
2474,685,2018-03-31 ,8
2475,685,2017-01-01 ,16
2476,685,2017-01-10 ,32
2477,685,2017-02-15 ,2048
2478,686,2017-01-01 ,1
2479,686,2022-12-01 ,8
2480,687,2016-10-17 ,1
2481,687,2016-10-17 ,2
2482,687,2016-10-17 ,4
2483,687,2017-12-31 ,8
2484,687,2016-10-25 ,64
2485,687,2017-11-15 ,1024
2486,688,2016-10-17 ,1
2487,688,2016-12-31 ,8
2488,689,2017-01-01 ,1
2489,689,2017-01-01 ,2
2490,689,2017-01-01 ,4
2491,689,2018-12-31 ,8
2492,690,2016-09-01 ,1
2493,690,2021-12-01 ,8
2494,691,2016-10-20 ,1
2495,691,2016-10-01 ,2
2496,691,2016-10-01 ,4
2497,691,2018-07-11 ,8
2498,691,2016-11-15 ,16
2499,691,2016-12-01 ,32
2500,691,2016-11-01 ,64
2501,691,2016-11-01 ,128
2502,691,2017-01-01 ,256
2503,691,2017-02-01 ,512
2504,691,,1024
2505,691,,2048
2506,692,2017-01-01 ,1
2507,692,2017-12-31 ,8
2508,693,2016-10-20 ,1
2509,693,,2
2510,693,2017-12-31 ,8
2511,693,2016-12-10 ,16
2512,693,2016-12-20 ,32
2513,693,,64
2514,693,2016-10-15 ,128
2515,693,2017-02-01 ,256
2516,693,2017-02-20 ,512
2517,693,,2048
2518,694,2017-01-01 ,1
2519,694,2017-12-31 ,8
2520,695,2016-10-01 ,1
2521,695,2016-10-01 ,2
2522,695,2016-10-01 ,4
2523,695,2017-12-01 ,8
2524,695,2016-12-01 ,16
2525,695,2017-11-01 ,32
2526,695,2016-12-01 ,64
2527,695,2016-12-01 ,128
2528,695,2017-01-01 ,256
2529,695,,512
2530,695,,1024
2531,695,2017-12-01 ,2048
2532,696,2016-09-15 ,1
2533,696,,2
2534,696,2021-06-01 ,8
2535,696,2017-09-01 ,16
2536,696,,32
2537,696,2017-07-06 ,64
2538,696,2016-12-20 ,128
2539,696,2019-11-01 ,512
2540,696,2021-06-24 ,2048
2541,697,2017-01-01 ,1
2542,697,2017-01-15 ,4
2543,697,2017-12-31 ,8
2544,698,2017-01-01 ,1
2545,698,2017-12-31 ,8
2546,699,2017-01-01 ,1
2547,699,2017-12-31 ,8
2548,700,2017-01-01 ,1
2549,700,,2
2550,700,2017-12-31 ,8
2551,700,,16
2552,700,,32
2553,700,,64
2554,700,,512
2555,700,,2048
2556,701,2017-01-01 ,1
2557,701,2017-12-31 ,8
2558,702,2017-01-01 ,1
2559,702,2018-12-31 ,8
2560,703,2016-11-01 ,1
2561,703,2019-12-01 ,8
2562,703,2020-01-06 ,2048
2563,704,2016-12-01 ,1
2564,704,2017-12-31 ,8
2565,705,2017-01-01 ,1
2566,705,2017-01-01 ,2
2567,705,2022-06-01 ,8
2568,705,,16
2569,705,,32
2570,705,,64
2571,705,,2048
2572,706,2017-01-01 ,1
2573,706,2021-12-01 ,8
2574,707,2017-01-01 ,1
2575,707,2021-12-01 ,8
2576,708,2017-01-01 ,1
2577,708,2021-12-01 ,8
2578,709,2017-01-01 ,1
2579,709,2021-12-01 ,8
2580,710,2017-01-01 ,1
2581,710,,2
2582,710,2017-01-01 ,4
2583,710,2017-12-31 ,8
2584,710,,16
2585,710,,32
2586,710,,64
2587,710,2017-01-01 ,128
2588,710,,512
2589,710,2017-12-01 ,2048
2590,711,2017-01-01 ,1
2591,711,2017-12-31 ,8
2592,712,2017-01-01 ,1
2593,712,2017-05-22 ,2
2594,712,2017-06-28 ,4
2595,712,2018-12-31 ,8
2596,712,2017-07-15 ,16
2597,712,2017-10-15 ,32
2598,712,2017-06-28 ,128
2599,712,2017-10-15 ,256
2600,713,2017-01-01 ,1
2601,713,2017-01-01 ,2
2602,713,2017-01-01 ,4
2603,713,2019-12-01 ,8
2604,713,2020-03-16 ,2048
2605,714,2017-01-01 ,1
2606,714,2017-01-01 ,2
2607,714,2018-12-31 ,8
2608,715,2017-01-01 ,1
2609,715,2017-07-31 ,8
2610,716,2016-10-24 ,1
2611,716,2016-10-24 ,2
2612,716,2016-10-25 ,4
2613,716,2017-12-31 ,8
2614,716,2016-11-16 ,16
2615,716,2016-11-25 ,32
2616,716,2016-10-25 ,128
2617,716,2017-01-31 ,512
2618,717,2015-10-01 ,1
2619,717,,2
2620,717,2018-10-01 ,8
2621,717,,16
2622,717,,32
2623,717,,64
2624,717,2019-01-07 ,2048
2625,718,2016-12-01 ,1
2626,718,2017-03-24 ,8
2627,719,2017-01-03 ,1
2628,719,2017-01-03 ,2
2629,719,2017-01-03 ,4
2630,719,2017-06-30 ,8
2631,719,2017-01-01 ,16
2632,719,2017-06-30 ,32
2633,719,2017-02-02 ,256
2634,719,2017-10-13 ,512
2635,719,2017-10-31 ,2048
2636,720,2017-01-09 ,1
2637,720,2017-05-31 ,8
2638,721,2017-01-13 ,1
2639,721,2017-12-31 ,8
2640,722,2017-01-01 ,1
2641,722,2017-01-01 ,2
2642,722,2017-01-01 ,4
2643,722,2024-12-01 ,8
2644,722,2017-03-15 ,16
2645,722,2017-06-10 ,32
2646,722,2017-06-15 ,512
2647,723,2017-01-01 ,1
2648,723,2017-01-01 ,2
2649,723,2017-01-01 ,4
2650,723,2019-12-01 ,8
2651,723,2017-02-01 ,16
2652,723,2017-12-31 ,32
2653,723,2020-10-28 ,2048
2654,724,2017-02-01 ,1
2655,724,2019-06-01 ,8
2656,724,2019-10-22 ,2048
2657,725,2017-01-01 ,1
2658,725,2017-01-01 ,2
2659,725,2022-12-01 ,8
2660,725,2018-09-01 ,16
2661,725,2019-12-01 ,32
2662,725,,64
2663,725,2017-12-27 ,128
2664,725,,2048
2665,726,2017-01-01 ,1
2666,726,2017-01-01 ,2
2667,726,2017-01-01 ,4
2668,726,2018-12-31 ,8
2669,726,2017-01-01 ,64
2670,727,2017-02-07 ,1
2671,727,2017-06-30 ,8
2672,728,2017-01-01 ,1
2673,728,2017-01-01 ,2
2674,728,2017-01-01 ,4
2675,728,2021-12-01 ,8
2676,728,2016-04-01 ,16
2677,728,2019-06-01 ,32
2678,728,,64
2679,728,2016-04-01 ,128
2680,728,,2048
2681,729,2017-02-15 ,1
2682,729,2017-02-15 ,2
2683,729,2017-02-15 ,4
2684,729,2017-06-30 ,8
2685,729,2017-04-25 ,2048
2686,730,2017-02-06 ,1
2687,730,2018-12-01 ,8
2688,731,2017-02-20 ,1
2689,731,2017-03-01 ,4
2690,731,2018-12-31 ,8
2691,732,2017-01-01 ,1
2692,732,2017-01-01 ,2
2693,732,2017-01-01 ,4
2694,732,2024-01-01 ,8
2695,732,2017-01-01 ,128
2696,733,2017-02-01 ,1
2697,733,2021-11-01 ,8
2698,733,2017-10-04 ,128
2699,734,2017-02-01 ,1
2700,734,2018-12-01 ,8
2701,734,2017-09-22 ,128
2702,735,2017-02-01 ,1
2703,735,2017-02-01 ,2
2704,735,2017-02-01 ,4
2705,735,2020-07-01 ,8
2706,735,2017-02-01 ,128
2707,735,2020-06-18 ,2048
2708,736,2017-03-01 ,1
2709,736,2017-03-01 ,2
2710,736,2016-12-01 ,4
2711,736,2017-12-31 ,8
2712,736,2017-05-01 ,16
2713,736,2017-08-01 ,32
2714,736,2017-02-17 ,128
2715,736,2017-11-01 ,256
2716,736,2017-11-01 ,512
2717,736,2017-12-01 ,2048
2718,737,2017-02-01 ,1
2719,737,2017-02-01 ,2
2720,737,2017-02-01 ,4
2721,737,2017-12-31 ,8
2722,737,2016-11-02 ,16
2723,737,2017-05-01 ,32
2724,737,2017-02-01 ,64
2725,737,2017-02-12 ,128
2726,737,2017-07-01 ,256
2727,737,2017-10-20 ,512
2728,738,2017-01-01 ,1
2729,738,2017-12-31 ,8
2730,739,2017-02-01 ,1
2731,739,2017-02-01 ,2
2732,739,2017-02-01 ,4
2733,739,2017-07-31 ,8
2734,739,2017-03-16 ,16
2735,739,2017-03-28 ,32
2736,739,2017-02-15 ,64
2737,739,2017-03-01 ,128
2738,739,2017-04-10 ,256
2739,739,2017-06-15 ,512
2740,740,2017-02-01 ,1
2741,740,2018-03-31 ,8
2742,740,2017-02-05 ,16
2743,741,2017-03-01 ,1
2744,741,2017-03-01 ,2
2745,741,2019-12-01 ,8
2746,741,2019-03-12 ,2048
2747,742,2017-03-01 ,1
2748,742,2017-08-31 ,8
2749,743,2017-03-02 ,1
2750,743,2017-03-02 ,2
2751,743,2017-03-02 ,4
2752,743,2018-06-30 ,8
2753,743,2017-04-01 ,16
2754,743,2017-04-30 ,32
2755,743,2017-04-07 ,128
2756,743,2017-08-01 ,256
2757,743,2017-08-01 ,512
2758,744,2017-03-01 ,1
2759,744,2017-03-01 ,2
2760,744,2018-12-31 ,8
2761,745,2017-01-01 ,1
2762,745,2017-01-01 ,2
2763,745,2017-01-01 ,4
2764,745,2021-12-01 ,8
2765,746,2017-03-06 ,1
2766,746,2017-03-06 ,2
2767,746,2021-04-01 ,8
2768,746,2017-10-12 ,16
2769,746,2017-12-24 ,32
2770,746,2017-05-20 ,128
2771,746,2021-06-18 ,2048
2772,747,2017-03-01 ,1
2773,747,2017-03-06 ,2
2774,747,2021-04-01 ,8
2775,747,2018-02-01 ,16
2776,747,2017-05-20 ,128
2777,747,2021-09-16 ,2048
2778,748,2017-03-01 ,1
2779,748,2017-03-01 ,2
2780,748,2021-04-01 ,8
2781,748,2017-10-13 ,16
2782,748,2016-02-14 ,64
2783,748,2016-05-15 ,128
2784,748,2021-03-02 ,2048
2785,749,2017-05-01 ,1
2786,749,2019-04-30 ,8
2787,750,2017-04-01 ,1
2788,750,2017-09-01 ,2
2789,750,2018-12-31 ,8
2790,750,2017-12-01 ,128
2791,751,2017-03-30 ,1
2792,751,2017-03-30 ,2
2793,751,2017-03-30 ,4
2794,751,2017-12-31 ,8
2795,751,2017-05-10 ,16
2796,751,2017-06-03 ,32
2797,751,2017-04-15 ,128
2798,751,2017-06-05 ,256
2799,751,2017-08-15 ,512
2800,751,2017-11-10 ,1024
2801,752,2016-12-01 ,1
2802,752,2017-06-30 ,8
2803,753,2017-04-01 ,1
2804,753,2017-04-01 ,2
2805,753,2017-04-01 ,4
2806,753,2017-12-31 ,8
2807,753,2017-05-01 ,16
2808,753,2017-07-01 ,32
2809,753,2017-04-01 ,64
2810,753,2017-05-01 ,128
2811,753,2017-06-01 ,256
2812,753,2017-06-01 ,512
2813,753,2017-12-01 ,2048
2814,754,2016-12-17 ,1
2815,754,2016-12-01 ,2
2816,754,2016-12-24 ,8
2817,754,2016-12-01 ,16
2818,754,2016-12-01 ,32
2819,754,2016-12-01 ,64
2820,754,2016-12-01 ,128
2821,754,2016-12-01 ,2048
2822,755,2017-04-17 ,1
2823,755,2017-04-17 ,2
2824,755,2018-10-01 ,8
2825,755,2017-10-03 ,16
2826,755,2017-06-13 ,128
2827,755,2018-10-04 ,2048
2828,756,2017-04-17 ,1
2829,756,2017-04-17 ,2
2830,756,2018-10-01 ,8
2831,756,2016-10-15 ,16
2832,756,2016-08-04 ,128
2833,756,2016-04-03 ,256
2834,756,2018-10-04 ,2048
2835,757,2017-04-17 ,1
2836,757,2017-04-17 ,2
2837,757,2017-04-17 ,4
2838,757,2017-12-31 ,8
2839,757,2017-05-25 ,16
2840,757,2017-06-15 ,32
2841,757,2017-04-25 ,64
2842,757,2017-04-19 ,128
2843,757,2017-09-05 ,256
2844,757,2017-10-13 ,512
2845,757,2017-11-30 ,2048
2846,758,2017-04-22 ,1
2847,758,2017-04-22 ,2
2848,758,2018-12-31 ,8
2849,758,2017-04-22 ,16
2850,758,2017-06-12 ,32
2851,758,2017-07-11 ,64
2852,758,2016-01-12 ,128
2853,758,2017-07-08 ,256
2854,758,2017-10-03 ,512
2855,758,2017-11-16 ,1024
2856,759,2017-04-01 ,1
2857,759,2017-04-01 ,2
2858,759,2017-04-01 ,4
2859,759,2018-12-31 ,8
2860,759,,16
2861,759,2019-03-01 ,32
2862,759,,64
2863,759,2017-04-01 ,128
2864,759,2019-02-01 ,512
2865,759,,1024
2866,759,,2048
2867,760,2017-05-12 ,1
2868,760,2017-05-12 ,2
2869,760,2017-12-31 ,8
2870,760,2017-05-19 ,128
2871,761,2017-05-01 ,1
2872,761,2018-12-30 ,8
2873,762,2017-04-01 ,1
2874,762,2017-06-30 ,8
2875,763,2017-05-15 ,1
2876,763,2018-12-31 ,8
2877,764,2017-05-19 ,1
2878,764,2017-08-15 ,4
2879,764,2017-12-29 ,8
2880,765,2017-09-01 ,1
2881,765,2017-09-04 ,2
2882,765,2016-04-01 ,4
2883,765,2022-12-01 ,8
2884,766,2017-05-01 ,1
2885,766,2018-05-31 ,8
2886,767,2017-06-01 ,1
2887,767,2017-12-31 ,8
2888,768,2017-05-15 ,1
2889,768,2017-08-31 ,8
2890,768,2017-06-01 ,16
2891,768,2017-06-30 ,32
2892,768,2017-07-15 ,512
2893,768,2017-07-31 ,2048
2894,769,2017-01-01 ,1
2895,769,2017-01-01 ,2
2896,769,2017-01-01 ,4
2897,769,2022-01-01 ,8
2898,769,2016-09-15 ,16
2899,770,2017-06-01 ,1
2900,770,2019-12-01 ,8
2901,770,2017-06-05 ,16
2902,770,2020-04-27 ,2048
2903,771,2017-04-01 ,1
2904,771,2017-12-31 ,8
2905,772,2017-07-01 ,1
2906,772,2021-12-01 ,8
2907,773,2017-06-01 ,1
2908,773,2017-09-30 ,8
2909,774,2017-05-01 ,1
2910,774,2017-05-01 ,2
2911,774,2017-06-01 ,4
2912,774,2022-12-01 ,8
2913,774,2018-08-01 ,16
2914,774,2018-12-01 ,32
2915,774,2017-05-01 ,64
2916,774,2018-03-01 ,128
2917,774,2018-12-01 ,256
2918,774,,2048
2919,775,2017-07-06 ,1
2920,775,2017-07-06 ,2
2921,775,2017-07-06 ,4
2922,775,2018-12-31 ,8
2923,775,2017-07-31 ,16
2924,775,2017-07-25 ,64
2925,775,2017-09-18 ,512
2926,776,2017-07-01 ,1
2927,776,2018-02-28 ,8
2928,776,2017-08-03 ,16
2929,776,2017-08-25 ,32
2930,776,2017-11-15 ,512
2931,777,2017-05-01 ,1
2932,777,2017-05-01 ,2
2933,777,2017-05-01 ,4
2934,777,2020-12-01 ,8
2935,777,2014-06-01 ,16
2936,777,2015-08-24 ,32
2937,777,2015-07-18 ,256
2938,777,2021-03-02 ,2048
2939,778,2017-05-01 ,1
2940,778,2017-05-01 ,2
2941,778,2017-05-01 ,4
2942,778,2018-06-30 ,8
2943,778,2013-08-01 ,16
2944,778,2017-06-01 ,32
2945,778,2017-05-01 ,64
2946,778,2017-05-01 ,128
2947,778,,512
2948,778,,2048
2949,779,2017-05-01 ,1
2950,779,2017-05-01 ,2
2951,779,2017-05-01 ,4
2952,779,2019-12-01 ,8
2953,779,2013-08-01 ,16
2954,779,2017-07-01 ,32
2955,779,2016-02-29 ,256
2956,779,2017-05-31 ,1024
2957,779,2020-03-16 ,2048
2958,780,2017-05-01 ,1
2959,780,2017-05-01 ,2
2960,780,2017-05-01 ,4
2961,780,2020-12-01 ,8
2962,780,2016-05-26 ,16
2963,780,2017-03-10 ,32
2964,780,2017-05-01 ,128
2965,780,2017-03-08 ,256
2966,780,2021-03-02 ,2048
2967,781,2017-05-01 ,1
2968,781,2017-05-01 ,2
2969,781,2017-05-01 ,4
2970,781,2020-12-01 ,8
2971,781,2016-10-24 ,16
2972,781,2018-01-31 ,32
2973,781,2013-03-06 ,128
2974,781,2021-03-02 ,2048
2975,782,2017-07-01 ,1
2976,782,2017-07-01 ,2
2977,782,2017-07-10 ,4
2978,782,2019-12-01 ,8
2979,782,2018-01-29 ,128
2980,782,2020-04-27 ,2048
2981,783,2017-07-24 ,1
2982,783,2018-12-31 ,8
2983,784,2017-08-01 ,1
2984,784,2017-08-01 ,2
2985,784,2017-08-01 ,4
2986,784,2018-12-31 ,8
2987,784,2017-08-01 ,16
2988,784,2017-08-01 ,64
2989,784,2017-08-01 ,128
2990,784,2018-11-06 ,2048
2991,785,2017-06-01 ,1
2992,785,2017-06-01 ,2
2993,785,2017-12-31 ,8
2994,785,2017-06-01 ,16
2995,786,2018-05-01 ,1
2996,786,2018-12-31 ,8
2997,787,2017-08-01 ,1
2998,787,2017-09-30 ,8
2999,788,2017-08-01 ,1
3000,788,2017-08-01 ,2
3001,788,2018-03-31 ,8
3002,788,2017-09-01 ,16
3003,788,2017-12-31 ,32
3004,788,2017-09-20 ,128
3005,788,2018-01-30 ,512
3006,789,2017-09-13 ,1
3007,789,2017-09-13 ,2
3008,789,2017-09-13 ,4
3009,789,2018-12-31 ,8
3010,789,2017-09-20 ,16
3011,789,2017-10-15 ,64
3012,789,2017-09-21 ,256
3013,789,2017-12-09 ,512
3014,790,2017-09-01 ,1
3015,790,2017-09-01 ,4
3016,790,2020-09-01 ,8
3017,790,2017-12-02 ,16
3018,790,2017-12-21 ,32
3019,791,2017-08-01 ,1
3020,791,2018-12-31 ,8
3021,791,2018-10-19 ,2048
3022,792,2017-08-01 ,1
3023,792,2018-02-01 ,8
3024,792,2018-11-02 ,2048
3025,794,2017-09-01 ,1
3026,794,2019-12-01 ,8
3027,794,2017-11-20 ,16
3028,794,2019-05-24 ,2048
3029,795,2017-10-09 ,1
3030,795,,2
3031,795,2018-03-31 ,8
3032,795,,16
3033,795,,32
3034,795,,64
3035,795,,512
3036,795,2018-10-30 ,2048
3037,796,2017-10-17 ,1
3038,796,2018-12-31 ,8
3039,797,2017-10-16 ,1
3040,797,2021-12-01 ,8
3041,797,2017-12-05 ,128
3042,798,2017-10-24 ,1
3043,798,,2
3044,798,2017-11-24 ,8
3045,798,,16
3046,798,,32
3047,798,,64
3048,798,,2048
3049,799,2017-10-25 ,1
3050,799,2018-01-31 ,8
3051,800,2017-10-01 ,1
3052,800,2017-12-31 ,8
3053,801,2018-01-01 ,1
3054,801,2018-12-31 ,8
3055,802,2018-01-01 ,1
3056,802,,2
3057,802,2018-12-31 ,8
3058,802,,16
3059,802,,32
3060,802,,64
3061,802,,2048
3062,803,2018-01-01 ,1
3063,803,2018-12-31 ,8
3064,804,2018-01-01 ,1
3065,804,2018-12-31 ,8
3066,805,2018-01-01 ,1
3067,805,2018-12-31 ,8
3068,806,2018-01-01 ,1
3069,806,2018-12-31 ,8
3070,807,2017-10-01 ,1
3071,807,2019-12-31 ,8
3072,807,2020-04-27 ,2048
3073,808,2017-11-01 ,1
3074,808,2018-05-31 ,8
3075,809,2017-10-01 ,1
3076,809,2018-10-31 ,8
3077,809,2019-01-07 ,2048
3078,810,2018-01-01 ,1
3079,810,2018-12-31 ,8
3080,811,2018-01-01 ,1
3081,811,2018-12-31 ,8
3082,812,2018-01-01 ,1
3083,812,2018-12-31 ,8
3084,813,2018-01-01 ,1
3085,813,2018-12-31 ,8
3086,814,2017-10-01 ,1
3087,814,2017-10-01 ,2
3088,814,2017-10-01 ,4
3089,814,2017-12-31 ,8
3090,814,,16
3091,814,,32
3092,814,2017-10-01 ,64
3093,814,2017-12-01 ,128
3094,814,,512
3095,814,2017-12-01 ,2048
3096,815,2017-09-01 ,1
3097,815,2017-11-01 ,8
3098,816,2017-09-01 ,1
3099,816,2017-12-31 ,8
3100,817,2018-01-01 ,1
3101,817,2018-01-01 ,2
3102,817,2015-01-04 ,4
3103,817,2021-12-01 ,8
3104,817,2016-02-26 ,128
3105,818,2018-01-01 ,1
3106,818,2018-01-01 ,2
3107,818,2016-04-01 ,4
3108,818,2022-12-01 ,8
3109,819,2017-11-06 ,1
3110,819,2018-01-01 ,2
3111,819,2018-01-01 ,4
3112,819,2021-12-01 ,8
3113,819,2018-10-01 ,16
3114,819,,32
3115,819,2018-03-01 ,64
3116,819,2018-06-01 ,128
3117,819,,2048
3118,820,2018-01-01 ,1
3119,820,,2
3120,820,2018-12-31 ,8
3121,820,,16
3122,820,,32
3123,820,,64
3124,820,2018-01-01 ,128
3125,820,,512
3126,820,2018-01-01 ,2048
3127,821,2018-01-01 ,1
3128,821,,2
3129,821,2021-12-01 ,8
3130,821,,16
3131,821,,32
3132,821,,64
3133,821,2021-07-09 ,2048
3134,822,2018-01-01 ,1
3135,822,2023-12-01 ,8
3136,823,2018-01-01 ,1
3137,823,2019-12-31 ,8
3138,824,2018-01-01 ,1
3139,824,2018-12-31 ,8
3140,824,2018-11-02 ,2048
3141,825,2018-01-01 ,1
3142,825,2018-01-01 ,2
3143,825,2020-12-01 ,8
3144,825,2018-01-01 ,16
3145,825,,32
3146,825,2018-01-01 ,64
3147,825,2021-02-02 ,2048
3148,826,2018-01-01 ,1
3149,826,2019-12-31 ,8
3150,826,2019-12-24 ,2048
3151,827,2019-04-01 ,1
3152,827,2021-12-01 ,8
3153,827,2021-05-11 ,2048
3154,828,2017-11-01 ,1
3155,828,2018-01-31 ,8
3156,829,2017-10-02 ,1
3157,829,2017-12-31 ,8
3158,829,2017-11-29 ,16
3159,829,2017-12-04 ,32
3160,829,2017-10-06 ,128
3161,830,2018-01-01 ,1
3162,830,2018-01-01 ,2
3163,830,2018-01-01 ,4
3164,830,2018-12-31 ,8
3165,831,2018-01-01 ,1
3166,831,,2
3167,831,,4
3168,831,2022-03-01 ,8
3169,831,,16
3170,831,,32
3171,831,2018-01-01 ,64
3172,831,2018-08-01 ,128
3173,831,,2048
3174,832,2018-01-01 ,1
3175,832,,2
3176,832,2018-12-31 ,8
3177,832,,16
3178,832,,32
3179,832,,64
3180,832,2018-01-01 ,128
3181,832,,512
3182,832,2018-01-01 ,2048
3183,834,2017-10-01 ,1
3184,834,2017-10-01 ,2
3185,834,2017-10-01 ,4
3186,834,2018-01-31 ,8
3187,834,2017-11-30 ,16
3188,834,2017-12-08 ,32
3189,834,2017-10-08 ,64
3190,834,2017-10-16 ,128
3191,834,2018-02-19 ,256
3192,834,2018-01-15 ,512
3193,835,2017-10-01 ,1
3194,835,2017-10-01 ,2
3195,835,2017-10-01 ,4
3196,835,2019-08-01 ,8
3197,835,2017-12-11 ,128
3198,835,2019-03-05 ,2048
3199,836,2016-01-01 ,1
3200,836,2018-08-01 ,8
3201,837,2017-09-01 ,1
3202,837,,2
3203,837,2024-12-01 ,8
3204,837,2017-09-01 ,16
3205,837,2017-11-01 ,32
3206,837,,64
3207,837,,512
3208,837,,2048
3209,838,2018-01-02 ,1
3210,838,,2
3211,838,2021-12-01 ,8
3212,838,,16
3213,838,,32
3214,838,,64
3215,838,,512
3216,838,,2048
3217,839,2018-01-01 ,1
3218,839,,2
3219,839,2019-12-31 ,8
3220,839,,16
3221,839,,32
3222,839,,64
3223,839,2019-05-17 ,2048
3224,840,2017-11-22 ,1
3225,840,2018-08-01 ,8
3226,841,2017-11-01 ,1
3227,841,,2
3228,841,2023-01-01 ,8
3229,841,,16
3230,841,,32
3231,841,,64
3232,841,,2048
3233,843,2017-10-16 ,1
3234,843,,2
3235,843,2017-12-20 ,8
3236,843,,16
3237,843,,32
3238,843,,64
3239,843,,2048
3240,844,2017-11-07 ,1
3241,844,,2
3242,844,2018-01-15 ,8
3243,844,,16
3244,844,,32
3245,844,,64
3246,844,,2048
3247,845,2017-10-10 ,1
3248,845,,2
3249,845,2018-01-10 ,8
3250,845,,16
3251,845,,32
3252,845,,64
3253,845,,2048
3254,846,2017-11-01 ,1
3255,846,2018-12-24 ,8
3256,847,2018-01-01 ,1
3257,847,2018-08-01 ,8
3258,847,2018-10-01 ,2048
3259,848,2018-01-01 ,1
3260,848,2018-01-01 ,2
3261,848,2018-01-01 ,4
3262,848,2018-06-01 ,8
3263,848,2018-03-01 ,16
3264,848,2018-08-01 ,32
3265,848,2018-02-01 ,64
3266,848,2018-02-01 ,128
3267,848,2018-08-01 ,2048
3268,850,2018-01-01 ,1
3269,850,,2
3270,850,2018-12-31 ,8
3271,850,,16
3272,850,,32
3273,850,,64
3274,850,,2048
3275,851,2018-01-01 ,1
3276,851,2018-12-01 ,8
3277,851,2018-12-17 ,2048
3278,852,2018-01-01 ,1
3279,852,2018-01-01 ,2
3280,852,2018-01-01 ,4
3281,852,2019-01-01 ,8
3282,852,2018-01-01 ,16
3283,852,2018-09-01 ,32
3284,852,2018-01-01 ,64
3285,852,2018-09-01 ,128
3286,852,2019-10-24 ,2048
3287,853,2009-01-07 ,1
3288,853,2010-03-10 ,8
3289,855,2018-01-01 ,1
3290,855,,2
3291,855,2022-12-01 ,8
3292,855,,16
3293,855,,32
3294,855,,64
3295,855,,2048
3296,856,2018-01-01 ,1
3297,856,,2
3298,856,2022-12-01 ,8
3299,856,,16
3300,856,,32
3301,856,,64
3302,856,,2048
3303,857,2018-01-01 ,1
3304,857,,2
3305,857,,4
3306,857,2022-12-01 ,8
3307,857,2020-01-01 ,16
3308,857,,32
3309,857,,64
3310,857,2019-07-01 ,128
3311,857,,2048
3312,858,2018-02-01 ,1
3313,858,2018-06-30 ,8
3314,859,2018-02-06 ,1
3315,859,,2
3316,859,2020-12-01 ,8
3317,859,,16
3318,859,,32
3319,859,,64
3320,859,,2048
3321,860,2018-01-15 ,1
3322,860,2018-01-01 ,2
3323,860,2018-06-30 ,8
3324,860,2018-01-01 ,16
3325,860,2018-06-01 ,32
3326,860,2018-01-01 ,64
3327,860,2018-02-01 ,128
3328,860,2018-02-01 ,256
3329,860,,512
3330,860,2018-06-01 ,2048
3331,861,2018-02-01 ,1
3332,861,2022-12-01 ,8
3333,862,2017-11-01 ,1
3334,862,2017-11-01 ,2
3335,862,2017-12-01 ,4
3336,862,2022-12-01 ,8
3337,862,,16
3338,862,,32
3339,862,2017-11-01 ,64
3340,862,,128
3341,862,,2048
3342,863,2018-01-01 ,1
3343,863,2021-12-01 ,8
3344,864,2018-01-01 ,1
3345,864,2021-05-01 ,8
3346,865,2018-02-22 ,1
3347,865,2018-12-31 ,8
3348,866,2018-02-22 ,1
3349,866,2018-12-31 ,8
3350,867,2018-02-26 ,1
3351,867,2018-12-31 ,8
3352,868,2018-02-01 ,1
3353,868,,2
3354,868,,4
3355,868,2019-12-01 ,8
3356,868,2019-02-01 ,16
3357,868,2019-03-01 ,32
3358,868,2019-02-01 ,64
3359,868,2018-06-01 ,128
3360,868,2019-05-01 ,256
3361,868,2019-06-01 ,512
3362,868,2020-01-07 ,2048
3363,869,2018-07-01 ,1
3364,869,,2
3365,869,2021-06-01 ,8
3366,869,2018-04-01 ,16
3367,869,2018-08-01 ,32
3368,869,2018-02-01 ,64
3369,869,2018-02-01 ,128
3370,869,2018-10-01 ,256
3371,869,,512
3372,869,2021-06-25 ,2048
3373,870,2018-02-01 ,1
3374,870,,2
3375,870,2018-11-01 ,8
3376,870,,16
3377,870,,32
3378,870,,64
3379,870,,2048
3380,871,2018-01-04 ,1
3381,871,2018-06-30 ,8
3382,872,2018-01-01 ,1
3383,872,2018-01-01 ,2
3384,872,2018-02-01 ,4
3385,872,2019-06-30 ,8
3386,872,,16
3387,872,,32
3388,872,,64
3389,872,2018-08-01 ,2048
3390,873,2018-01-01 ,1
3391,873,2022-08-01 ,8
3392,874,2018-07-01 ,1
3393,874,2021-12-01 ,8
3394,875,2018-07-01 ,1
3395,875,2018-07-01 ,2
3396,875,2022-12-01 ,8
3397,875,2018-07-01 ,16
3398,875,,32
3399,875,2018-07-01 ,64
3400,875,2021-01-01 ,128
3401,875,,2048
3402,876,2018-03-01 ,1
3403,876,,2
3404,876,2021-06-01 ,8
3405,876,,16
3406,876,,32
3407,876,,64
3408,876,2021-07-16 ,2048
3409,877,2018-01-01 ,1
3410,877,2020-12-01 ,8
3411,877,2019-11-28 ,2048
3412,878,2018-04-25 ,1
3413,878,2019-12-01 ,8
3414,878,2019-06-03 ,2048
3415,879,2018-04-25 ,1
3416,879,2019-12-01 ,8
3417,879,2019-12-24 ,2048
3418,880,2018-04-26 ,1
3419,880,2021-12-01 ,8
3420,880,2021-07-16 ,2048
3421,881,2018-05-14 ,1
3422,881,2018-12-31 ,8
3423,882,2018-06-01 ,1
3424,882,2022-12-01 ,8
3425,883,2018-08-01 ,1
3426,883,2021-12-01 ,8
3427,883,2021-03-02 ,2048
3428,884,2018-05-14 ,1
3429,884,,2
3430,884,2018-06-29 ,8
3431,884,,16
3432,884,,32
3433,884,,64
3434,884,,2048
3435,885,2018-05-01 ,1
3436,885,2018-10-01 ,8
3437,885,2019-01-07 ,2048
3438,886,2018-05-28 ,1
3439,886,2019-01-01 ,8
3440,886,2020-04-30 ,2048
3441,887,2018-05-21 ,1
3442,887,,2
3443,887,2021-09-01 ,8
3444,887,,16
3445,887,,32
3446,887,,64
3447,887,,2048
3448,888,2018-06-01 ,1
3449,888,2018-12-05 ,8
3450,889,2018-01-01 ,1
3451,889,2020-12-01 ,2
3452,889,2018-12-01 ,8
3453,889,,16
3454,889,,32
3455,889,,64
3456,889,2018-10-31 ,2048
3457,890,2018-07-01 ,1
3458,890,2022-12-01 ,8
3459,891,2018-06-11 ,1
3460,891,2018-06-01 ,2
3461,891,2018-08-31 ,8
3462,891,2018-08-01 ,16
3463,891,2018-08-01 ,32
3464,891,2018-06-01 ,64
3465,891,2018-07-01 ,128
3466,891,2018-08-01 ,256
3467,891,2018-09-06 ,2048
3468,892,2018-07-01 ,1
3469,892,2018-07-01 ,2
3470,892,2018-07-01 ,4
3471,892,2022-08-01 ,8
3472,892,2018-07-01 ,16
3473,892,,32
3474,892,2018-07-01 ,64
3475,892,,2048
3476,893,2018-07-12 ,1
3477,893,,2
3478,893,2018-07-31 ,8
3479,893,,16
3480,893,,32
3481,893,,64
3482,893,,2048
3483,894,2018-08-01 ,1
3484,894,2020-04-01 ,8
3485,894,2021-02-02 ,2048
3486,923,2010-01-01 ,1
3487,923,2010-12-01 ,8
3488,950,2018-07-01 ,1
3489,950,2018-07-25 ,2
3490,950,2018-07-01 ,4
3491,950,2018-10-01 ,8
3492,950,,16
3493,950,,32
3494,950,2018-07-01 ,64
3495,950,2019-01-07 ,2048
3496,951,2018-08-01 ,1
3497,951,2018-08-03 ,2
3498,951,2018-12-01 ,8
3499,951,2018-12-20 ,2048
3500,952,2018-08-01 ,1
3501,952,2018-09-01 ,2
3502,952,2018-09-01 ,4
3503,952,2022-03-01 ,8
3504,952,2019-05-01 ,16
3505,952,,32
3506,952,2019-01-16 ,64
3507,952,2019-05-01 ,128
3508,952,2020-01-01 ,256
3509,952,,2048
3510,953,2018-08-01 ,1
3511,953,2018-08-01 ,2
3512,953,2018-09-01 ,4
3513,953,2019-06-01 ,8
3514,953,2018-09-01 ,16
3515,953,,32
3516,953,2018-09-01 ,64
3517,953,2018-09-01 ,128
3518,953,2019-10-11 ,2048
3519,954,2018-08-01 ,1
3520,954,,2
3521,954,2018-10-01 ,8
3522,954,,16
3523,954,,32
3524,954,,64
3525,954,,2048
3526,955,2010-08-01 ,1
3527,955,2010-10-01 ,8
3528,956,2018-08-01 ,1
3529,956,2018-08-01 ,2
3530,956,2018-10-01 ,8
3531,956,,16
3532,956,,32
3533,956,,64
3534,956,,2048
3535,957,2018-08-01 ,1
3536,957,2018-08-01 ,2
3537,957,2018-08-01 ,4
3538,957,2019-04-01 ,8
3539,957,2018-08-01 ,16
3540,957,,32
3541,957,2018-08-01 ,64
3542,957,2019-06-05 ,2048
3543,958,2018-08-01 ,1
3544,958,2018-08-20 ,2
3545,958,2019-08-01 ,8
3546,958,2019-01-25 ,2048
3547,959,2018-09-01 ,1
3548,959,2022-12-01 ,8
3549,961,2018-06-01 ,1
3550,961,2018-06-01 ,2
3551,961,2018-06-01 ,4
3552,961,2022-12-01 ,8
3553,961,2018-07-01 ,16
3554,961,,32
3555,961,2018-06-01 ,64
3556,961,2019-01-01 ,128
3557,961,,2048
3558,962,2018-09-01 ,1
3559,962,2018-09-06 ,2
3560,962,2018-12-01 ,8
3561,963,2018-09-01 ,1
3562,963,2023-09-01 ,8
3563,964,2019-01-01 ,1
3564,964,2022-12-01 ,8
3565,965,2018-01-11 ,1
3566,965,2022-01-01 ,8
3567,966,2018-10-01 ,1
3568,966,2018-10-01 ,2
3569,966,2018-10-01 ,4
3570,966,2018-12-01 ,8
3571,966,2018-10-01 ,16
3572,966,,32
3573,966,2018-10-01 ,64
3574,966,,2048
3575,967,2019-01-01 ,1
3576,967,2019-12-01 ,8
3577,967,2019-03-19 ,2048
3578,968,2019-01-01 ,1
3579,968,2019-12-01 ,8
3580,969,2010-01-01 ,1
3581,969,2010-12-01 ,8
3582,969,2021-01-28 ,2048
3583,970,2019-01-01 ,1
3584,970,2019-01-01 ,2
3585,970,2019-01-01 ,4
3586,970,2019-12-01 ,8
3587,970,2019-01-01 ,16
3588,970,2019-01-01 ,32
3589,970,,64
3590,970,2019-02-01 ,512
3591,970,,2048
3592,971,2019-01-01 ,1
3593,971,,2
3594,971,2019-12-01 ,8
3595,971,,16
3596,971,,32
3597,971,,64
3598,971,2021-01-28 ,2048
3599,972,2018-10-01 ,1
3600,972,2018-10-01 ,2
3601,972,2018-12-01 ,4
3602,972,2019-03-01 ,8
3603,972,2018-12-01 ,16
3604,972,2019-01-01 ,32
3605,972,2018-10-01 ,64
3606,972,2018-11-01 ,128
3607,972,2020-04-22 ,2048
3608,973,2018-10-01 ,1
3609,973,2019-05-01 ,8
3610,973,2020-04-22 ,2048
3611,974,2018-08-01 ,1
3612,974,2018-08-01 ,2
3613,974,2022-04-01 ,8
3614,974,,16
3615,974,,32
3616,974,2018-12-01 ,64
3617,974,2018-12-01 ,128
3618,974,,2048
3619,975,2019-01-01 ,1
3620,975,2023-12-01 ,8
3621,976,2019-01-01 ,1
3622,976,2019-12-01 ,8
3623,976,2021-01-28 ,2048
3624,977,2019-01-01 ,1
3625,977,2019-12-01 ,8
3626,977,2021-01-28 ,2048
3627,978,2019-01-01 ,1
3628,978,2019-12-01 ,8
3629,978,2021-01-28 ,2048
3630,979,2019-01-01 ,1
3631,979,2019-12-01 ,8
3632,979,2021-01-28 ,2048
3633,980,2019-01-01 ,1
3634,980,2019-12-01 ,8
3635,980,2020-05-06 ,2048
3636,981,2019-01-01 ,1
3637,981,2019-12-01 ,8
3638,981,2020-05-06 ,2048
3639,982,2019-01-01 ,1
3640,982,2019-12-01 ,8
3641,982,2020-05-06 ,2048
3642,983,2018-10-01 ,1
3643,983,2018-10-01 ,2
3644,983,2018-10-01 ,4
3645,983,2021-03-01 ,8
3646,983,2018-11-01 ,16
3647,983,,32
3648,983,2018-10-01 ,64
3649,983,2020-03-16 ,2048
3650,984,2019-01-01 ,1
3651,984,2019-12-01 ,8
3652,984,2021-01-28 ,2048
3653,985,2019-01-01 ,1
3654,985,2020-04-01 ,8
3655,985,2021-01-28 ,2048
3656,986,2018-11-01 ,1
3657,986,2018-11-01 ,2
3658,986,2018-11-01 ,4
3659,986,2019-03-01 ,8
3660,986,,16
3661,986,,32
3662,986,,64
3663,986,,2048
3664,987,2018-11-01 ,1
3665,987,2020-12-01 ,8
3666,987,2021-01-29 ,2048
3667,988,2019-01-01 ,1
3668,988,2020-04-01 ,8
3669,988,2020-03-18 ,2048
3670,989,2018-09-01 ,1
3671,989,2020-06-01 ,8
3672,990,2019-01-01 ,1
3673,990,2019-12-01 ,8
3674,991,2018-11-01 ,1
3675,991,2020-12-01 ,8
3676,991,2020-04-06 ,2048
3677,992,2019-01-01 ,1
3678,992,2022-12-01 ,8
3679,993,2019-01-01 ,1
3680,993,2019-12-01 ,8
3681,993,2019-12-24 ,2048
3682,994,2019-01-01 ,1
3683,994,,2
3684,994,2022-12-01 ,8
3685,994,2019-12-01 ,16
3686,994,,32
3687,994,2019-09-01 ,64
3688,994,2019-03-01 ,128
3689,994,,2048
3690,995,2019-01-01 ,1
3691,995,2022-12-01 ,8
3692,996,2018-11-01 ,1
3693,996,2019-12-01 ,8
3694,996,2019-12-24 ,2048
3695,998,2018-11-01 ,1
3696,998,2018-12-01 ,2
3697,998,2020-03-01 ,8
3698,998,,16
3699,998,,32
3700,998,2018-11-01 ,64
3701,998,,128
3702,998,2021-02-02 ,2048
3703,1000,2019-01-01 ,1
3704,1000,,2
3705,1000,2019-01-01 ,4
3706,1000,2019-12-01 ,8
3707,1000,2019-01-01 ,16
3708,1000,2019-06-01 ,32
3709,1000,2019-01-01 ,64
3710,1000,2019-01-01 ,256
3711,1000,2019-09-01 ,512
3712,1000,2019-12-24 ,2048
3713,1001,2020-01-01 ,1
3714,1001,2022-12-01 ,8
3715,1002,2019-01-01 ,1
3716,1002,2019-12-01 ,8
3717,1002,2019-09-25 ,2048
3718,1004,2018-11-01 ,1
3719,1004,2018-12-04 ,2
3720,1004,2019-04-01 ,8
3721,1004,2019-06-03 ,2048
3722,1005,2018-12-06 ,1
3723,1005,,2
3724,1005,2021-12-01 ,8
3725,1005,,16
3726,1005,,32
3727,1005,,64
3728,1005,2021-04-21 ,2048
3729,1006,2018-12-01 ,1
3730,1006,2018-12-21 ,2
3731,1006,2019-12-01 ,8
3732,1006,2019-06-03 ,2048
3733,1008,2019-01-01 ,1
3734,1008,2022-12-01 ,8
3735,1009,2019-02-01 ,1
3736,1009,2019-01-25 ,2
3737,1009,2021-01-01 ,8
3738,1009,2021-02-02 ,2048
3739,1011,2019-01-01 ,1
3740,1011,2021-12-01 ,8
3741,1017,2019-01-01 ,1
3742,1017,2019-01-30 ,2
3743,1017,2019-07-01 ,8
3744,1017,2020-10-21 ,2048
3745,1019,2019-01-01 ,1
3746,1019,2019-02-04 ,2
3747,1019,2020-06-01 ,8
3748,1019,2021-02-02 ,2048
3749,1020,2019-01-01 ,1
3750,1020,2019-02-04 ,2
3751,1020,2019-02-01 ,8
3752,1020,2021-02-02 ,2048
3753,1021,2019-01-01 ,1
3754,1021,2019-02-04 ,2
3755,1021,2020-04-01 ,8
3756,1021,2021-02-02 ,2048
3757,1023,2019-01-01 ,1
3758,1023,2020-12-01 ,8
3759,1023,2021-02-02 ,2048
3760,1024,2019-01-01 ,1
3761,1024,2022-12-01 ,8
3762,1025,2019-04-01 ,1
3763,1025,2020-02-01 ,8
3764,1025,2020-04-27 ,2048
3765,1026,2019-02-01 ,1
3766,1026,2019-03-01 ,2
3767,1026,2019-05-01 ,8
3768,1027,2019-05-01 ,1
3769,1027,2019-03-05 ,2
3770,1027,2020-05-01 ,8
3771,1028,2019-05-01 ,1
3772,1028,2019-03-05 ,2
3773,1028,2020-05-05 ,8
3774,1029,2019-02-01 ,1
3775,1029,2019-03-12 ,2
3776,1029,2019-12-01 ,8
3777,1029,2019-11-06 ,2048
3778,1030,2019-05-01 ,1
3779,1030,2019-05-01 ,2
3780,1030,2019-02-01 ,4
3781,1030,2022-12-01 ,8
3782,1030,,16
3783,1030,,32
3784,1030,2019-02-01 ,64
3785,1030,2019-01-01 ,128
3786,1030,,2048
3787,1031,2019-03-01 ,1
3788,1031,2019-03-27 ,2
3789,1031,2019-12-01 ,8
3790,1031,2021-02-02 ,2048
3791,1033,2019-04-01 ,1
3792,1033,2020-04-01 ,8
3793,1033,2021-01-29 ,2048
3794,1034,2019-04-10 ,1
3795,1034,2020-10-01 ,8
3796,1034,2021-04-07 ,2048
3797,1035,2019-03-01 ,1
3798,1035,2019-04-18 ,2
3799,1035,2019-10-01 ,8
3800,1035,2020-04-27 ,2048
3801,1037,2019-04-01 ,1
3802,1037,2019-04-23 ,2
3803,1037,2019-11-01 ,8
3804,1037,2019-12-24 ,2048
3805,1039,2019-05-01 ,1
3806,1039,2019-05-01 ,2
3807,1039,2019-05-01 ,4
3808,1039,2019-10-01 ,8
3809,1039,2019-05-01 ,16
3810,1039,2019-09-01 ,32
3811,1039,,64
3812,1039,2019-07-01 ,128
3813,1039,2019-09-01 ,256
3814,1039,2019-12-01 ,512
3815,1039,2020-04-27 ,2048
3816,1040,2019-05-01 ,1
3817,1040,2019-05-01 ,2
3818,1040,2019-05-01 ,4
3819,1040,2019-08-01 ,8
3820,1040,2019-05-01 ,16
3821,1040,2019-06-01 ,32
3822,1040,2019-05-01 ,64
3823,1040,2019-05-01 ,128
3824,1040,2019-06-01 ,256
3825,1040,2019-07-01 ,512
3826,1040,2019-09-24 ,2048
3827,1041,2019-05-01 ,1
3828,1041,2019-05-15 ,2
3829,1041,2019-09-01 ,8
3830,1041,2019-10-23 ,2048
3831,1044,2019-04-01 ,1
3832,1044,2019-05-16 ,2
3833,1044,2019-12-01 ,8
3834,1044,2020-04-27 ,2048
3835,1045,2019-03-01 ,1
3836,1045,2019-05-21 ,2
3837,1045,2020-08-01 ,8
3838,1045,2021-02-02 ,2048
3839,1047,2019-05-01 ,1
3840,1047,2020-12-01 ,8
3841,1047,2020-05-06 ,2048
3842,1048,2019-05-01 ,1
3843,1048,2022-05-01 ,8
3844,1048,2020-12-28 ,2048
3845,1049,2019-05-01 ,1
3846,1049,2022-05-01 ,8
3847,1050,2019-02-01 ,1
3848,1050,2019-06-03 ,2
3849,1050,2019-02-01 ,4
3850,1050,2021-12-01 ,8
3851,1050,2019-09-01 ,16
3852,1050,,32
3853,1050,2019-09-01 ,64
3854,1050,2019-07-01 ,128
3855,1050,,2048
3856,1051,2019-01-01 ,1
3857,1051,2019-04-01 ,8
3858,1051,2019-11-28 ,2048
3859,1055,2019-06-01 ,1
3860,1055,2020-12-01 ,8
3861,1055,2020-10-22 ,2048
3862,1056,2018-12-01 ,1
3863,1056,2019-05-01 ,8
3864,1056,2021-02-02 ,2048
3865,1057,2019-07-01 ,1
3866,1057,2019-06-21 ,2
3867,1057,2019-10-01 ,8
3868,1057,2019-10-11 ,2048
3869,1058,2019-05-01 ,1
3870,1058,2021-10-01 ,8
3871,1059,2019-05-01 ,1
3872,1059,2019-12-01 ,8
3873,1059,2019-12-24 ,2048
3874,1060,2019-07-01 ,1
3875,1060,2019-08-01 ,8
3876,1060,2020-04-22 ,2048
3877,1061,2019-06-01 ,1
3878,1061,2022-12-01 ,8
3879,1062,2019-07-01 ,1
3880,1062,2021-12-01 ,8
3881,1064,2019-07-01 ,1
3882,1064,2019-07-23 ,2
3883,1064,2020-12-01 ,8
3884,1064,2021-02-02 ,2048
3885,1065,2019-07-01 ,1
3886,1065,2019-07-24 ,2
3887,1065,2019-09-01 ,8
3888,1065,2020-04-27 ,2048
3889,1066,2019-08-01 ,1
3890,1066,2019-08-21 ,2
3891,1066,2022-05-01 ,8
3892,1067,2019-08-01 ,1
3893,1067,2022-01-01 ,8
3894,1068,2019-08-01 ,1
3895,1068,2019-09-03 ,2
3896,1068,2020-02-01 ,8
3897,1068,2020-08-28 ,2048
3898,1069,2019-07-01 ,1
3899,1069,2022-12-01 ,8
3900,1070,2019-03-01 ,1
3901,1070,2019-09-30 ,2
3902,1070,2019-12-01 ,8
3903,1070,2019-12-24 ,2048
3904,1071,2019-10-01 ,1
3905,1071,2019-12-01 ,8
3906,1071,2020-04-27 ,2048
3907,1072,2019-11-04 ,1
3908,1072,2019-10-22 ,2
3909,1072,2020-12-01 ,8
3910,1072,2021-01-28 ,2048
3911,1073,2020-01-01 ,1
3912,1073,2020-12-01 ,8
3913,1073,2021-01-28 ,2048
3914,1075,2019-11-01 ,1
3915,1075,2020-12-01 ,8
3916,1075,2021-01-28 ,2048
3917,1076,2020-01-01 ,1
3918,1076,,2
3919,1076,2021-12-01 ,8
3920,1076,,16
3921,1076,2020-12-01 ,32
3922,1076,,64
3923,1076,,2048
3924,1077,2020-01-01 ,1
3925,1077,,2
3926,1077,2021-12-01 ,8
3927,1077,,16
3928,1077,2020-12-01 ,32
3929,1077,,64
3930,1077,,2048
3931,1078,2020-01-01 ,1
3932,1078,,2
3933,1078,2021-12-01 ,8
3934,1078,,16
3935,1078,2020-06-01 ,32
3936,1078,,64
3937,1078,,2048
3938,1079,2020-01-01 ,1
3939,1079,2020-12-01 ,8
3940,1080,2020-01-01 ,1
3941,1080,,2
3942,1080,2021-01-11 ,8
3943,1080,,16
3944,1080,2020-12-01 ,32
3945,1080,,64
3946,1080,,2048
3947,1081,2020-01-01 ,1
3948,1081,2020-12-01 ,8
3949,1081,2021-01-28 ,2048
3950,1082,2019-09-01 ,1
3951,1082,2021-04-01 ,8
3952,1082,2021-06-22 ,2048
3953,1083,2019-10-01 ,1
3954,1083,2021-12-01 ,8
3955,1084,2019-10-01 ,1
3956,1084,2022-12-01 ,8
3957,1085,2020-01-01 ,1
3958,1085,2024-12-01 ,8
3959,1086,2019-10-01 ,1
3960,1086,2019-10-29 ,2
3961,1086,2019-12-01 ,8
3962,1086,2020-03-16 ,2048
3963,1088,2019-11-01 ,1
3964,1088,2019-11-05 ,2
3965,1088,2020-11-01 ,8
3966,1088,2021-02-02 ,2048
3967,1089,2019-01-01 ,1
3968,1089,2019-11-08 ,2
3969,1089,2022-01-01 ,8
3970,1090,2019-10-01 ,1
3971,1090,2019-11-12 ,2
3972,1090,2020-06-01 ,8
3973,1090,2021-02-02 ,2048
3974,1092,2020-03-19 ,1
3975,1092,2023-03-01 ,8
3976,1093,2021-01-01 ,1
3977,1093,2024-12-01 ,8
3978,1094,2019-11-01 ,1
3979,1094,2021-12-01 ,8
3980,1095,2020-01-01 ,1
3981,1095,2021-12-01 ,8
3982,1096,2019-04-01 ,1
3983,1096,2021-06-01 ,8
3984,1096,2021-05-11 ,2048
3985,1097,2020-01-01 ,1
3986,1097,2020-12-01 ,8
3987,1097,2021-01-18 ,2048
3988,1098,2020-01-01 ,1
3989,1098,2020-12-01 ,8
3990,1098,2021-02-02 ,2048
3991,1099,2020-01-01 ,1
3992,1099,2020-01-03 ,2
3993,1099,2020-12-01 ,8
3994,1099,2020-05-27 ,2048
3995,1100,2020-01-01 ,1
3996,1100,2020-12-01 ,8
3997,1100,2020-12-29 ,2048
3998,1101,2020-01-01 ,1
3999,1101,2020-01-08 ,2
4000,1101,2020-06-01 ,8
4001,1101,2020-03-16 ,2048
4002,1102,2019-10-01 ,1
4003,1102,2020-09-01 ,8
4004,1102,2021-02-02 ,2048
4005,1103,2020-01-01 ,1
4006,1103,2021-01-01 ,8
4007,1103,2021-02-22 ,2048
4008,1104,2020-01-01 ,1
4009,1104,2021-12-01 ,8
4010,1105,2020-01-01 ,1
4011,1105,2020-02-21 ,2
4012,1105,2022-12-01 ,8
4013,1106,2020-02-01 ,1
4014,1106,2020-02-21 ,2
4015,1106,2021-04-01 ,8
4016,1106,2021-06-21 ,2048
4017,1107,2020-02-01 ,1
4018,1107,2020-12-01 ,8
4019,1107,2021-02-02 ,2048
4020,1108,2020-02-01 ,1
4021,1108,,2
4022,1108,2021-02-01 ,8
4023,1108,,16
4024,1108,,32
4025,1108,,64
4026,1108,2021-02-01 ,2048
4027,1110,2020-02-01 ,1
4028,1110,2020-02-26 ,2
4029,1110,2021-03-01 ,8
4030,1110,2021-06-24 ,2048
4031,1111,2020-02-01 ,1
4032,1111,2020-03-03 ,2
4033,1111,2021-12-01 ,8
4034,1112,2020-03-01 ,1
4035,1112,2020-03-09 ,2
4036,1112,2020-04-01 ,8
4037,1112,2021-01-28 ,2048
4038,1113,2020-01-01 ,1
4039,1113,2022-01-01 ,8
4040,1114,2020-03-01 ,1
4041,1114,2020-03-12 ,2
4042,1114,2020-07-01 ,8
4043,1114,2021-02-02 ,2048
4044,1115,2020-03-01 ,1
4045,1115,2020-03-16 ,2
4046,1115,2022-12-01 ,8
4047,1116,2020-03-01 ,1
4048,1116,2020-03-17 ,2
4049,1116,2020-02-01 ,4
4050,1116,2020-03-01 ,8
4051,1116,2020-03-01 ,16
4052,1116,2020-03-01 ,32
4053,1116,,64
4054,1116,2020-05-06 ,2048
4055,1117,2020-03-01 ,1
4056,1117,2020-03-19 ,2
4057,1117,2021-04-01 ,8
4058,1117,2021-06-23 ,2048
4059,1118,2020-03-01 ,1
4060,1118,2021-03-01 ,8
4061,1118,2020-12-29 ,2048
4062,1119,2020-03-01 ,1
4063,1119,2020-03-23 ,2
4064,1119,2020-09-01 ,8
4065,1119,2020-08-28 ,2048
4066,1120,2020-03-01 ,1
4067,1120,2020-03-25 ,2
4068,1120,2020-06-01 ,8
4069,1120,2021-02-02 ,2048
4070,1121,2020-03-01 ,1
4071,1121,2020-03-25 ,2
4072,1121,2022-12-01 ,8
4073,1122,2020-03-01 ,1
4074,1122,2020-03-26 ,2
4075,1122,2020-12-01 ,8
4076,1122,2021-02-02 ,2048
4077,1123,2020-03-01 ,1
4078,1123,2020-03-26 ,2
4079,1123,2021-12-01 ,8
4080,1124,2020-03-01 ,1
4081,1124,2020-03-26 ,2
4082,1124,2020-12-01 ,8
4083,1124,2021-01-28 ,2048
4084,1125,2020-03-01 ,1
4085,1125,2020-03-30 ,2
4086,1125,2022-12-01 ,8
4087,1126,2020-03-01 ,1
4088,1126,2020-03-30 ,2
4089,1126,2021-11-01 ,8
4090,1126,2021-04-12 ,2048
4091,1127,2020-02-01 ,1
4092,1127,2020-03-30 ,2
4093,1127,2022-03-01 ,8
4094,1128,2020-03-01 ,1
4095,1128,2020-04-01 ,2
4096,1128,2021-07-01 ,8
4097,1129,2020-04-01 ,1
4098,1129,2020-12-01 ,8
4099,1129,2020-12-29 ,2048
4100,1130,2020-04-01 ,1
4101,1130,2022-12-01 ,8
4102,1131,2020-03-01 ,1
4103,1131,2020-04-20 ,2
4104,1131,2022-12-01 ,8
4105,1132,2020-03-01 ,1
4106,1132,2020-04-22 ,2
4107,1132,2022-01-01 ,8
4108,1133,2020-01-01 ,1
4109,1133,2021-04-01 ,8
4110,1133,2021-02-02 ,2048
4111,1134,2020-03-01 ,1
4112,1134,2020-04-30 ,2
4113,1134,2021-04-01 ,8
4114,1134,2021-02-17 ,2048
4115,1135,2020-05-01 ,1
4116,1135,2020-05-11 ,2
4117,1135,2021-12-01 ,8
4118,1135,2021-09-01 ,16
4119,1135,2021-12-01 ,32
4120,1135,,64
4121,1135,,2048
4122,1136,2020-04-01 ,1
4123,1136,2021-12-01 ,8
4124,1137,2020-04-01 ,1
4125,1137,2021-02-01 ,8
4126,1137,2021-02-03 ,2048
4127,1138,2020-03-01 ,1
4128,1138,2020-05-19 ,2
4129,1138,2021-12-01 ,8
4130,1139,2020-03-01 ,1
4131,1139,2020-05-19 ,2
4132,1139,2021-05-01 ,8
4133,1140,2020-03-01 ,1
4134,1140,2020-05-19 ,2
4135,1140,2021-12-01 ,8
4136,1141,2020-04-01 ,1
4137,1141,2020-05-19 ,2
4138,1141,2022-12-01 ,8
4139,1142,2020-03-01 ,1
4140,1142,2020-05-19 ,2
4141,1142,2021-04-01 ,8
4142,1142,2021-06-22 ,2048
4143,1143,2020-03-01 ,1
4144,1143,2020-05-19 ,2
4145,1143,2020-12-01 ,8
4146,1143,2021-02-02 ,2048
4147,1144,2020-03-01 ,1
4148,1144,2020-05-19 ,2
4149,1144,2020-12-01 ,8
4150,1144,2021-02-02 ,2048
4151,1145,2020-03-01 ,1
4152,1145,2020-05-19 ,2
4153,1145,2020-12-01 ,8
4154,1145,2021-02-02 ,2048
4155,1146,2020-05-01 ,1
4156,1146,2020-05-19 ,2
4157,1146,2022-06-01 ,8
4158,1147,2020-05-01 ,1
4159,1147,2020-05-20 ,2
4160,1147,2021-10-01 ,8
4161,1148,2020-05-01 ,1
4162,1148,2020-05-25 ,2
4163,1148,2023-12-01 ,8
4164,1149,2020-05-01 ,1
4165,1149,2020-05-25 ,2
4166,1149,2020-12-01 ,8
4167,1149,2020-06-25 ,2048
4168,1150,2020-06-01 ,1
4169,1150,2022-12-01 ,8
4170,1151,2020-06-01 ,1
4171,1151,2020-06-24 ,2
4172,1151,2021-10-01 ,8
4173,1152,2020-07-01 ,1
4174,1152,2020-06-24 ,2
4175,1152,2022-12-01 ,8
4176,1153,2020-05-01 ,1
4177,1153,2020-06-24 ,2
4178,1153,2023-12-01 ,8
4179,1154,2020-07-01 ,1
4180,1154,2020-12-01 ,8
4181,1154,2021-02-02 ,2048
4182,1155,2020-07-01 ,1
4183,1155,2022-12-01 ,8
4184,1156,2020-03-01 ,1
4185,1156,2021-12-01 ,8
4186,1157,2020-07-01 ,1
4187,1157,2020-12-07 ,8
4188,1157,2021-02-03 ,2048
4189,1158,2020-06-01 ,1
4190,1158,2020-06-01 ,2
4191,1158,2022-12-01 ,8
4192,1158,2020-09-01 ,16
4193,1158,2021-02-01 ,32
4194,1158,,64
4195,1158,2021-02-01 ,512
4196,1158,,2048
4197,1159,2020-06-01 ,1
4198,1159,2020-07-09 ,2
4199,1159,2022-01-01 ,8
4200,1160,2020-06-01 ,1
4201,1160,2020-07-09 ,2
4202,1160,2021-12-01 ,8
4203,1161,2020-07-01 ,1
4204,1161,2020-07-09 ,2
4205,1161,2021-12-01 ,8
4206,1161,2021-02-17 ,2048
4207,1162,2020-06-17 ,1
4208,1162,2021-04-01 ,8
4209,1162,2021-06-21 ,2048
4210,1163,2020-07-01 ,1
4211,1163,2020-07-21 ,2
4212,1163,2021-12-01 ,8
4213,1164,2020-07-01 ,1
4214,1164,2020-07-21 ,2
4215,1164,2022-03-01 ,8
4216,1165,2020-07-01 ,1
4217,1165,2020-07-21 ,2
4218,1165,2022-03-01 ,8
4219,1166,2020-01-01 ,1
4220,1166,2020-07-21 ,2
4221,1166,2021-12-01 ,8
4222,1167,2020-07-01 ,1
4223,1167,2020-07-23 ,2
4224,1167,2021-12-01 ,8
4225,1167,,16
4226,1167,,32
4227,1167,,64
4228,1167,,2048
4229,1168,2020-07-01 ,1
4230,1168,2020-07-28 ,2
4231,1168,2021-04-01 ,8
4232,1168,2021-04-13 ,2048
4233,1169,2020-07-01 ,1
4234,1169,2020-12-01 ,8
4235,1169,2021-01-19 ,2048
4236,1170,2020-02-01 ,1
4237,1170,2020-07-31 ,2
4238,1170,2020-12-01 ,8
4239,1170,2020-10-19 ,2048
4240,1171,2019-05-01 ,1
4241,1171,2020-08-05 ,2
4242,1171,2021-07-01 ,8
4243,1171,2021-02-17 ,2048
4244,1172,2020-11-01 ,1
4245,1172,,2
4246,1172,2021-12-01 ,8
4247,1172,2020-10-01 ,16
4248,1172,2021-09-20 ,32
4249,1172,,64
4250,1172,2021-08-31 ,2048
4251,1173,2020-01-01 ,1
4252,1173,2020-06-01 ,8
4253,1174,2020-12-01 ,1
4254,1174,2020-12-01 ,8
4255,1175,2020-08-01 ,1
4256,1175,2022-12-01 ,8
4257,1176,2020-08-01 ,1
4258,1176,2020-08-21 ,2
4259,1176,2021-03-01 ,8
4260,1176,,16
4261,1176,,32
4262,1176,,64
4263,1176,2021-06-17 ,2048
4264,1177,2019-07-01 ,1
4265,1177,2020-08-28 ,2
4266,1177,2022-12-01 ,8
4267,1178,2019-07-01 ,1
4268,1178,2020-08-28 ,2
4269,1178,2022-12-01 ,8
4270,1179,2019-07-01 ,1
4271,1179,2020-08-28 ,2
4272,1179,2022-12-01 ,8
4273,1180,2020-08-01 ,1
4274,1180,2020-08-31 ,2
4275,1180,2022-12-01 ,8
4276,1181,2020-08-01 ,1
4277,1181,2020-08-31 ,2
4278,1181,2022-12-01 ,8
4279,1182,2020-08-01 ,1
4280,1182,2020-08-31 ,2
4281,1182,2022-12-01 ,8
4282,1183,2020-08-01 ,1
4283,1183,2022-12-01 ,8
4284,1184,2020-09-01 ,1
4285,1184,2020-12-01 ,8
4286,1185,2020-09-01 ,1
4287,1185,2021-04-01 ,8
4288,1185,2021-06-22 ,2048
4289,1186,2020-09-01 ,1
4290,1186,2022-12-01 ,8
4291,1187,2020-10-01 ,1
4292,1187,2021-04-01 ,8
4293,1188,2020-01-01 ,1
4294,1188,2020-10-12 ,2
4295,1188,2021-12-01 ,8
4296,1189,2020-01-01 ,1
4297,1189,2020-10-12 ,2
4298,1189,2020-12-01 ,8
4299,1189,2021-04-08 ,2048
4300,1190,2020-10-01 ,1
4301,1190,2021-12-01 ,8
4302,1190,2021-09-23 ,2048
4303,1191,2020-12-01 ,1
4304,1191,2021-12-01 ,8
4305,1192,2020-12-01 ,1
4306,1192,2021-12-01 ,8
4307,1193,2020-10-01 ,1
4308,1193,2021-12-01 ,8
4309,1193,2021-09-07 ,2048
4310,1194,2020-10-21 ,1
4311,1194,2021-12-21 ,8
4312,1195,2021-01-01 ,1
4313,1195,2021-12-01 ,8
4314,1195,2021-08-31 ,2048
4315,1196,2020-12-01 ,1
4316,1196,2021-12-01 ,8
4317,1197,2021-01-01 ,1
4318,1197,2022-12-01 ,8
4319,1198,2020-10-01 ,1
4320,1198,2023-01-01 ,8
4321,1199,2021-01-01 ,1
4322,1199,2022-07-01 ,8
4323,1200,2020-10-01 ,1
4324,1200,2020-10-29 ,2
4325,1200,2021-09-01 ,8
4326,1201,2021-12-01 ,1
4327,1201,2024-12-01 ,8
4328,1201,2021-01-11 ,2048
4329,1202,2020-10-01 ,1
4330,1202,2020-10-29 ,2
4331,1202,2021-03-01 ,8
4332,1202,2021-03-02 ,2048
4333,1203,2021-01-01 ,1
4334,1203,,2
4335,1203,2021-09-01 ,8
4336,1203,,16
4337,1203,,32
4338,1203,,64
4339,1203,,2048
4340,1204,2021-04-01 ,1
4341,1204,2022-12-01 ,8
4342,1205,2020-11-01 ,1
4343,1205,2021-12-01 ,8
4344,1206,2020-10-01 ,1
4345,1206,2020-11-16 ,2
4346,1206,2021-04-01 ,8
4347,1206,2021-03-02 ,2048
4348,1207,2020-11-01 ,1
4349,1207,2021-12-01 ,8
4350,1208,2020-11-01 ,1
4351,1208,2022-12-01 ,8
4352,1209,2020-10-01 ,1
4353,1209,2020-12-02 ,2
4354,1209,2022-03-01 ,8
4355,1210,2020-10-01 ,1
4356,1210,2021-06-01 ,8
4357,1211,2020-11-01 ,1
4358,1211,2021-12-01 ,8
4359,1212,2020-05-17 ,1
4360,1212,2021-06-01 ,8
4361,1213,2020-10-01 ,1
4362,1213,2022-12-01 ,8
4363,1214,2020-09-01 ,1
4364,1214,2020-12-28 ,2
4365,1214,2022-01-01 ,8
4366,1215,2021-01-01 ,1
4367,1215,2024-12-01 ,8
4368,1216,2020-05-01 ,1
4369,1216,2020-12-29 ,2
4370,1216,2022-12-01 ,8
4371,1216,2021-03-02 ,2048
4372,1217,2020-05-01 ,1
4373,1217,2020-12-29 ,2
4374,1217,2022-12-01 ,8
4375,1218,2020-05-01 ,1
4376,1218,2020-12-29 ,2
4377,1218,2022-12-01 ,8
4378,1219,2021-05-01 ,1
4379,1219,2020-12-29 ,2
4380,1219,2022-11-01 ,8
4381,1220,2021-01-01 ,1
4382,1220,2020-12-29 ,2
4383,1220,2022-12-01 ,8
4384,1221,2022-01-01 ,1
4385,1221,2020-12-29 ,2
4386,1221,2024-12-01 ,8
4387,1222,2020-12-01 ,1
4388,1222,2021-01-04 ,2
4389,1222,2021-07-01 ,8
4390,1223,2020-11-01 ,1
4391,1223,2021-01-05 ,2
4392,1223,2022-03-01 ,8
4393,1224,2021-01-01 ,1
4394,1224,2022-12-01 ,8
4395,1225,2021-01-01 ,1
4396,1225,2021-12-01 ,8
4397,1226,2021-01-01 ,1
4398,1226,2022-12-01 ,8
4399,1227,2021-01-01 ,1
4400,1227,2021-06-01 ,8
4401,1228,2021-01-01 ,1
4402,1228,2021-01-28 ,2
4403,1228,2029-12-01 ,8
4404,1229,2021-01-01 ,1
4405,1229,2021-02-04 ,2
4406,1229,2021-06-01 ,8
4407,1230,2021-02-01 ,1
4408,1230,2021-09-01 ,8
4409,1231,2021-02-01 ,1
4410,1231,2021-07-01 ,8
4411,1232,2021-01-01 ,1
4412,1232,2021-02-15 ,2
4413,1232,2021-12-01 ,8
4414,1233,2021-01-01 ,1
4415,1233,2021-02-16 ,2
4416,1233,2021-10-01 ,8
4417,1234,2021-02-01 ,1
4418,1234,2021-10-01 ,8
4419,1235,2021-01-01 ,1
4420,1235,2022-01-01 ,8
4421,1236,2021-02-01 ,1
4422,1236,2021-09-01 ,8
4423,1237,2021-03-01 ,1
4424,1237,2023-02-01 ,8
4425,1238,2021-02-01 ,1
4426,1238,2022-07-01 ,8
4427,1239,2021-01-01 ,1
4428,1239,2021-02-25 ,2
4429,1239,2021-07-01 ,8
4430,1240,2021-03-01 ,1
4431,1240,2022-12-01 ,8
4432,1241,2021-03-01 ,1
4433,1241,2022-12-01 ,8
4434,1242,2021-03-01 ,1
4435,1242,2021-12-01 ,8
4436,1243,2021-03-01 ,1
4437,1243,2022-12-01 ,8
4438,1244,2021-03-01 ,1
4439,1244,,2
4440,1244,2021-12-01 ,8
4441,1244,,16
4442,1244,,32
4443,1244,,64
4444,1244,,2048
4445,1245,2021-03-01 ,1
4446,1245,2022-01-01 ,8
4447,1246,2021-04-01 ,1
4448,1246,2023-04-01 ,8
4449,1247,2021-03-01 ,1
4450,1247,2021-04-08 ,2
4451,1247,2021-07-01 ,8
4452,1248,2021-01-01 ,1
4453,1248,2022-12-01 ,8
4454,1249,2021-04-01 ,1
4455,1249,2021-04-12 ,2
4456,1249,2021-10-01 ,8
4457,1250,2021-04-01 ,1
4458,1250,2021-04-12 ,2
4459,1250,2022-01-01 ,8
4460,1251,2021-04-01 ,1
4461,1251,2021-04-15 ,2
4462,1251,2021-07-01 ,8
4463,1252,2021-03-01 ,1
4464,1252,2021-04-20 ,2
4465,1252,2021-05-01 ,8
4466,1253,2020-09-01 ,1
4467,1253,2021-05-06 ,2
4468,1253,2021-12-01 ,8
4469,1254,2021-01-01 ,1
4470,1254,2030-12-01 ,8
4471,1255,2021-07-01 ,1
4472,1255,2021-12-01 ,8
4473,1256,2021-05-01 ,1
4474,1256,2021-06-09 ,2
4475,1256,2021-10-01 ,8
4476,1257,2021-06-01 ,1
4477,1257,2024-12-01 ,8
4478,1258,2021-07-01 ,1
4479,1258,2022-12-01 ,8
4480,1259,2021-06-01 ,1
4481,1259,2021-12-01 ,8
4482,1260,2021-06-01 ,1
4483,1260,2022-12-01 ,8
4484,1261,2021-02-01 ,1
4485,1261,2021-12-01 ,8
4486,1262,2021-07-01 ,1
4487,1262,2022-12-01 ,8
4488,1263,2021-06-01 ,1
4489,1263,2023-06-01 ,8
4490,1264,2021-06-01 ,1
4491,1264,2021-06-23 ,2
4492,1264,2021-10-01 ,8
4493,1265,2021-06-01 ,1
4494,1265,2022-06-01 ,8
4495,1266,2021-05-01 ,1
4496,1266,2021-12-01 ,8
4497,1267,2021-08-01 ,1
4498,1267,2022-12-01 ,8
4499,1268,2021-07-01 ,1
4500,1268,2021-08-16 ,2
4501,1268,2022-07-01 ,8
4502,1269,2021-08-01 ,1
4503,1269,2022-12-01 ,8
4504,1270,2021-07-01 ,1
4505,1270,2021-08-24 ,2
4506,1270,2022-03-01 ,8
4507,1271,2021-06-01 ,1
4508,1271,2022-04-01 ,8
4509,1272,2021-06-01 ,1
4510,1272,2022-02-01 ,8
4511,1273,2021-08-01 ,1
4512,1273,2021-10-01 ,8
4513,1274,2021-08-01 ,1
4514,1274,2021-12-01 ,8
4515,1275,2021-08-01 ,1
4516,1275,2022-12-01 ,8
4517,1276,2021-08-01 ,1
4518,1276,2022-12-01 ,8
4519,1277,2021-10-01 ,1
4520,1277,2022-06-01 ,8
4521,1278,2021-10-01 ,1
4522,1278,2022-04-01 ,8
4523,1279,2021-10-01 ,1
4524,1279,2022-04-01 ,8
4525,1280,2021-09-01 ,1
4526,1280,2021-11-01 ,8
4527,1281,2021-12-01 ,1
4528,1281,2022-12-01 ,8
4529,1282,2021-12-01 ,1
4530,1282,2022-07-01 ,8
4531,1283,2022-01-01 ,1
4532,1283,2022-12-01 ,8
4533,1284,2022-01-01 ,1
4534,1284,2022-12-01 ,8
4535,1285,2022-01-01 ,1
4536,1285,2022-12-01 ,8
4537,1286,2022-01-01 ,1
4538,1286,2023-01-01 ,8
4539,1287,2021-12-01 ,1
4540,1287,2022-12-01 ,8
4541,1288,2021-01-01 ,1
4542,1288,2029-12-01 ,8
4543,1289,2021-09-01 ,1
4544,1289,2022-01-01 ,8
4545,1290,2021-10-01 ,1
4546,1290,2021-12-01 ,8
4547,1291,2021-06-01 ,1
4548,1291,2029-12-01 ,8
4549,1292,2021-01-01 ,1
4550,1292,2029-12-01 ,8
4551,1293,2021-10-01 ,1
4552,1293,2022-02-01 ,8
